,T1,T2,T3,T4,T5,T6,T7,T8,T9,V1,V10,V11,V12,V13,V14,V15,V16,V17,V18,V19,V2,V20,V21,V22,V23,V24,V25,V26,V27,V28,V29,V3,V30,V31,V4,V5,V6,V7,V8,V9
T1,0.0,13.89,9.13,19.72,2.57,5.36,20.95,20.21,11.24,3.4,6.56,22.14,17.87,22.45,20.3,4.06,5.78,2.38,6.74,5.02,2.18,22.98,25.21,20.41,18.12,23.41,17.41,23.91,21.97,12.35,9.31,3.26,11.32,12.23,3.22,1.64,13.0,14.79,6.51,7.76
T2,13.89,0.0,23.02,33.71,12.48,15.42,36.33,7.55,13.81,17.22,24.2,41.42,37.71,42.43,40.6,12.33,11.59,18.25,18.79,20.37,14.68,44.87,47.53,41.74,38.86,12.97,6.0,13.72,11.75,11.35,17.31,20.16,19.06,13.49,20.48,16.79,3.71,3.44,24.21,23.73
T3,9.13,23.02,0.0,11.06,12.2,13.55,14.44,30.14,14.26,9.64,3.23,15.92,10.87,16.21,13.79,14.65,18.16,12.0,17.12,13.39,13.76,19.31,21.47,17.21,12.97,39.19,31.81,39.84,37.54,20.87,13.42,10.62,14.45,19.54,9.83,12.52,26.48,27.06,3.35,3.93
T4,19.72,33.71,11.06,0.0,23.25,24.15,10.64,41.0,22.77,22.23,16.05,4.23,3.57,3.37,2.9,27.38,31.05,24.65,29.26,25.42,26.66,13.8,13.99,14.72,9.9,51.92,44.53,52.59,50.31,31.7,23.72,23.03,23.57,29.9,22.28,25.33,39.24,39.11,16.12,15.6
T5,2.57,12.48,12.2,23.25,0.0,4.44,24.13,18.7,12.48,6.46,11.08,30.07,24.82,30.45,27.78,4.12,3.94,3.7,6.77,6.3,0.6,30.6,33.41,27.31,24.83,25.64,18.4,26.22,23.84,14.74,12.75,5.61,15.3,15.07,5.97,2.24,13.06,16.09,11.02,12.47
T6,5.36,15.42,13.55,24.15,4.44,0.0,23.03,20.53,16.85,10.66,12.61,31.6,25.38,31.54,28.3,9.29,6.43,4.07,1.69,3.03,5.62,29.2,32.22,25.55,24.01,27.38,20.61,27.84,25.42,19.85,17.64,5.2,20.15,20.24,5.98,4.54,15.62,20.13,12.48,15.27
T7,20.95,36.33,14.44,10.64,24.13,23.03,0.0,42.83,28.67,25.75,18.6,16.13,9.7,13.82,9.7,30.13,31.86,24.68,27.3,23.84,27.9,2.5,5.35,2.8,3.91,53.74,46.55,54.28,51.88,37.67,30.25,22.72,31.06,36.39,22.22,25.94,41.21,43.17,18.54,20.77
T8,20.21,7.55,30.14,41.0,18.7,20.53,42.83,0.0,21.23,25.61,32.32,50.09,46.03,51.0,48.96,20.51,18.16,25.32,24.24,26.76,22.1,52.41,55.23,49.04,46.63,4.15,3.42,4.91,3.19,19.71,26.12,27.29,27.8,21.93,27.75,24.03,8.78,10.63,32.31,32.26
T9,11.24,13.81,14.26,22.77,12.48,16.85,28.67,21.23,0.0,10.08,15.65,27.59,26.07,29.19,28.57,10.69,15.91,16.58,21.31,19.8,14.07,35.88,37.84,33.82,29.55,28.87,22.1,29.65,27.82,5.49,3.22,17.38,3.24,3.4,17.03,15.38,18.03,14.37,15.79,12.7
V1,3.4,17.22,9.64,22.23,6.46,10.66,25.75,25.61,10.08,0.0,7.17,24.69,20.49,25.43,23.39,5.17,9.78,6.93,12.35,10.05,5.86,28.25,30.7,25.54,22.04,29.68,22.29,30.35,28.09,12.53,7.41,7.38,9.75,11.88,6.97,6.12,17.02,17.52,7.22,6.73
V10,6.56,24.2,3.23,16.05,11.08,12.61,18.6,32.32,15.65,7.17,0.0,19.15,13.79,19.38,16.75,11.88,15.02,8.77,13.96,10.29,10.63,21.1,23.53,18.51,14.87,36.3,28.94,36.93,34.6,19.26,12.47,7.44,14.01,18.21,6.65,9.3,23.58,24.67,0.2,4.02
V11,22.14,41.42,15.92,4.23,30.07,31.6,16.13,50.09,27.59,24.69,19.15,0.0,7.8,2.69,6.46,29.86,33.95,27.9,32.79,28.96,29.57,17.19,16.78,18.62,14.0,54.22,46.86,54.92,52.7,32.94,25.01,26.41,24.43,30.98,25.63,28.43,41.67,40.89,19.25,17.96
V12,17.87,37.71,10.87,3.57,24.82,25.38,9.7,46.03,26.07,20.49,13.79,7.8,0.0,6.57,2.97,25.52,28.76,22.06,26.37,22.53,24.39,11.51,12.44,11.7,6.64,50.05,42.67,50.69,48.37,30.93,23.04,20.34,23.27,29.3,19.62,22.89,37.33,37.78,13.83,14.17
V13,22.45,42.43,16.21,3.37,30.45,31.54,13.82,51.0,29.19,25.43,19.38,2.69,6.57,0.0,4.43,30.59,34.37,28.01,32.62,28.78,29.98,14.7,14.14,16.41,12.08,55.1,47.71,55.78,53.52,34.44,26.46,26.4,26.1,32.56,25.65,28.67,42.46,42.1,19.46,18.75
V14,20.3,40.6,13.79,2.9,27.78,28.3,9.7,48.96,28.57,23.39,16.75,6.46,2.97,4.43,0.0,28.45,31.72,25.02,29.26,25.43,27.36,10.95,11.1,12.16,7.66,52.99,45.6,53.63,51.32,33.56,25.61,23.28,25.68,31.86,22.57,25.85,40.27,40.6,16.79,16.97
V15,4.06,12.33,14.65,27.38,4.12,9.29,30.13,20.51,10.69,5.17,11.88,29.86,25.52,30.59,28.45,0.0,5.49,7.21,10.85,10.22,3.77,32.62,35.23,29.62,26.55,24.55,17.17,25.21,22.94,10.63,9.33,8.77,11.87,10.96,8.83,5.69,11.87,13.13,11.89,11.89
V16,5.78,11.59,18.16,31.05,3.94,6.43,31.86,18.16,15.91,9.78,15.02,33.95,28.76,34.37,31.72,5.49,0.0,7.18,7.42,8.82,4.39,34.29,37.15,30.88,28.63,21.88,14.75,22.43,20.03,14.67,14.81,9.14,17.34,15.57,9.65,5.98,9.51,13.73,14.96,16.2
V17,2.38,18.25,12.0,24.65,3.7,4.07,24.68,25.32,16.58,6.93,8.77,27.9,22.06,28.01,25.02,7.21,7.18,0.0,5.66,3.22,3.68,27.11,29.98,23.73,21.49,29.05,21.91,29.6,27.2,17.69,14.22,1.97,16.65,17.68,2.51,1.54,16.61,19.77,8.65,11.21
V18,6.74,18.79,17.12,29.26,6.77,1.69,27.3,24.24,21.31,12.35,13.96,32.79,26.37,32.62,29.26,10.85,7.42,5.66,0.0,3.84,7.24,29.57,32.65,25.83,24.62,27.51,20.96,27.93,25.52,21.34,19.32,6.53,21.84,21.8,7.32,6.23,16.17,21.12,13.82,16.8
V19,5.02,20.37,13.39,25.42,6.3,3.03,23.84,26.76,19.8,10.05,10.29,28.96,22.53,28.78,25.43,10.22,8.82,3.22,3.84,0.0,6.49,26.17,29.19,22.55,20.98,30.28,23.39,30.76,28.34,20.81,17.4,3.04,19.8,20.88,3.79,4.58,18.28,22.23,10.14,13.43
V2,2.18,14.68,13.76,26.66,0.6,5.62,27.9,22.1,14.07,5.86,10.63,29.57,24.39,29.98,27.36,3.77,4.39,3.68,7.24,6.49,0.0,30.36,33.13,27.11,24.53,25.95,18.68,26.54,24.17,14.4,12.2,5.51,14.75,14.66,5.8,2.15,13.32,16.1,10.58,11.92
V20,22.98,44.87,19.31,13.8,30.6,29.2,2.5,52.41,35.88,28.25,21.1,17.19,11.51,14.7,10.95,32.62,34.29,27.11,29.57,26.17,30.36,0.0,3.22,4.02,6.34,56.16,48.99,56.7,54.29,40.15,32.69,25.15,33.45,38.84,24.66,28.39,43.66,45.66,21.04,23.22
V21,25.21,47.53,21.47,13.99,33.41,32.22,5.35,55.23,37.84,30.7,23.53,16.78,12.44,14.14,11.1,35.23,37.15,29.98,32.65,29.19,33.13,3.22,0.0,7.24,8.68,59.02,51.81,59.58,57.18,42.32,34.69,28.02,35.27,40.91,27.51,31.21,46.46,48.19,23.48,25.3
V22,20.41,41.74,17.21,14.72,27.31,25.55,2.8,49.04,33.82,25.54,18.51,18.62,11.7,16.41,12.16,29.62,30.88,23.73,25.83,22.55,27.11,4.02,7.24,0.0,5.18,52.72,45.63,53.23,50.82,37.76,30.61,21.76,31.63,36.62,21.34,25.08,40.34,42.73,18.42,21.14
V23,18.12,38.86,12.97,9.9,24.83,24.01,3.91,46.63,29.55,22.04,14.87,14.0,6.64,12.08,7.66,26.55,28.63,21.49,24.62,20.98,24.53,6.34,8.68,5.18,0.0,50.47,43.21,51.04,48.65,33.82,26.35,19.55,27.15,32.51,18.99,22.66,37.85,39.52,14.82,16.88
V24,23.41,12.97,39.19,51.92,25.64,27.38,53.74,4.15,28.87,29.68,36.3,54.22,50.05,55.1,52.99,24.55,21.88,29.05,27.51,30.28,25.95,56.16,59.02,52.72,50.47,0.0,7.39,0.81,2.05,23.73,30.27,31.02,31.92,25.96,31.52,27.81,12.72,14.61,36.28,36.35
V25,17.41,6.0,31.81,44.53,18.4,20.61,46.55,3.42,22.1,22.29,28.94,46.86,42.67,47.71,45.6,17.17,14.75,21.91,20.96,23.39,18.68,48.99,51.81,45.63,43.21,7.39,0.0,8.06,5.88,17.3,23.21,23.87,25.03,19.46,24.33,20.6,5.37,8.56,28.92,28.97
V26,23.91,13.72,39.84,52.59,26.22,27.84,54.28,4.91,29.65,30.35,36.93,54.92,50.69,55.78,53.63,25.21,22.43,29.6,27.93,30.76,26.54,56.7,59.58,53.23,51.04,0.81,8.06,0.0,2.42,24.53,31.03,31.56,32.7,26.76,32.07,28.38,13.36,15.41,36.91,37.03
V27,21.97,11.75,37.54,50.31,23.84,25.42,51.88,3.19,27.82,28.09,34.6,52.7,48.37,53.52,51.32,22.94,20.03,27.2,25.52,28.34,24.17,54.29,57.18,50.82,48.65,2.05,5.88,2.42,0.0,22.83,29.05,29.16,30.81,25.04,29.68,25.99,11.07,13.79,34.58,34.79
V28,12.35,11.35,20.87,31.7,14.74,19.85,37.67,19.71,5.49,12.53,19.26,32.94,30.93,34.44,33.56,10.63,14.67,17.69,21.34,20.81,14.4,40.15,42.32,37.76,33.82,23.73,17.3,24.53,22.83,0.0,7.99,18.99,8.72,2.25,18.85,16.24,13.92,9.12,19.36,17.02
V29,9.31,17.31,13.42,23.72,12.75,17.64,30.25,26.12,3.22,7.41,12.47,25.01,23.04,26.46,25.61,9.33,14.81,14.22,19.32,17.4,12.2,32.69,34.69,30.61,26.35,30.27,23.21,31.03,29.05,7.99,0.0,14.79,2.56,6.26,14.35,13.18,18.65,16.13,12.61,9.49
V3,3.26,20.16,10.62,23.03,5.61,5.2,22.72,27.29,17.38,7.38,7.44,26.41,20.34,26.4,23.28,8.77,9.14,1.97,6.53,3.04,5.51,25.15,28.02,21.76,19.55,31.02,23.87,31.56,29.16,18.99,14.79,0.0,17.1,18.79,0.8,3.38,18.58,21.59,7.3,10.4
V30,11.32,19.06,14.45,23.57,15.3,20.15,31.06,27.8,3.24,9.75,14.01,24.43,23.27,26.1,25.68,11.87,17.34,16.65,21.84,19.8,14.75,33.45,35.27,31.63,27.15,31.92,25.03,32.7,30.81,8.72,2.56,17.1,0.0,6.61,16.61,15.66,20.7,17.51,14.17,10.57
V31,12.23,13.49,19.54,29.9,15.07,20.24,36.39,21.93,3.4,11.88,18.21,30.98,29.3,32.56,31.86,10.96,15.57,17.68,21.8,20.88,14.66,38.84,40.91,36.62,32.51,25.96,19.46,26.76,25.04,2.25,6.26,18.79,6.61,0.0,18.56,16.31,15.87,11.36,18.33,15.63
V4,3.22,20.48,9.83,22.28,5.97,5.98,22.22,27.75,17.03,6.97,6.65,25.63,19.62,25.65,22.57,8.83,9.65,2.51,7.32,3.79,5.8,24.66,27.51,21.34,18.99,31.52,24.33,32.07,29.68,18.85,14.35,0.8,16.61,18.56,0.0,3.74,19.01,21.79,6.5,9.64
V5,1.64,16.79,12.52,25.33,2.24,4.54,25.94,24.03,15.38,6.12,9.3,28.43,22.89,28.67,25.85,5.69,5.98,1.54,6.23,4.58,2.15,28.39,31.21,25.08,22.66,27.81,20.6,28.38,25.99,16.24,13.18,3.38,15.66,16.31,3.74,0.0,15.28,18.24,9.21,11.23
V6,13.0,3.71,26.48,39.24,13.06,15.62,41.21,8.78,18.03,17.02,23.58,41.67,37.33,42.46,40.27,11.87,9.51,16.61,16.17,18.28,13.32,43.66,46.46,40.34,37.85,12.72,5.37,13.36,11.07,13.92,18.65,18.58,20.7,15.87,19.01,15.28,0.0,7.12,23.56,23.73
V7,14.79,3.44,27.06,39.11,16.09,20.13,43.17,10.63,14.37,17.52,24.67,40.89,37.78,42.1,40.6,13.13,13.73,19.77,21.12,22.23,16.1,45.66,48.19,42.73,39.52,14.61,8.56,15.41,13.79,9.12,16.13,21.59,17.51,11.36,21.79,18.24,7.12,0.0,24.71,23.63
V8,6.51,24.21,3.35,16.12,11.02,12.48,18.54,32.31,15.79,7.22,0.2,19.25,13.83,19.46,16.79,11.89,14.96,8.65,13.82,10.14,10.58,21.04,23.48,18.42,14.82,36.28,28.92,36.91,34.58,19.36,12.61,7.3,14.17,18.33,6.5,9.21,23.56,24.71,0.0,4.22
V9,7.76,23.73,3.93,15.6,12.47,15.27,20.77,32.26,12.7,6.73,4.02,17.96,14.17,18.75,16.97,11.89,16.2,11.21,16.8,13.43,11.92,23.22,25.3,21.14,16.88,36.35,28.97,37.03,34.79,17.02,9.49,10.4,10.57,15.63,9.64,11.23,23.73,23.63,4.22,0.0
