source_id,observation_date,station_id,station_name,lat,lon,temperature_mean_c,temperature_max_c,temperature_min_c,relative_humidity_pct,wind_speed_m_s,source_url,raw_record_json
SRC-E-001,2026-06-06,431226,J县县城,29.337454011884738,111.725071430641,29,,,76,,https://restapi.amap.com/v3/weather/weatherInfo,"{""province"": ""湖南"", ""city"": ""麻阳苗族自治县"", ""adcode"": ""431226"", ""weather"": ""阴"", ""temperature"": ""29"", ""winddirection"": ""南"", ""windpower"": ""≤3"", ""humidity"": ""76"", ""reporttime"": ""2026-06-06 21:35:06"", ""temperature_float"": ""29.0"", ""humidity_float"": ""76.0""}"
SRC-E-001,2026-06-06,431226,J县县城,29.337454011884738,111.725071430641,,34,23,,,https://restapi.amap.com/v3/weather/weatherInfo,"{""date"": ""2026-06-06"", ""week"": ""6"", ""dayweather"": ""多云"", ""nightweather"": ""中雨"", ""daytemp"": ""34"", ""nighttemp"": ""23"", ""daywind"": ""东"", ""nightwind"": ""东"", ""daypower"": ""1-3"", ""nightpower"": ""1-3"", ""daytemp_float"": ""34.0"", ""nighttemp_float"": ""23.0""}"
SRC-E-001,2026-06-07,431226,J县县城,29.337454011884738,111.725071430641,,27,15,,,https://restapi.amap.com/v3/weather/weatherInfo,"{""date"": ""2026-06-07"", ""week"": ""7"", ""dayweather"": ""大雨"", ""nightweather"": ""中雨"", ""daytemp"": ""27"", ""nighttemp"": ""15"", ""daywind"": ""东北"", ""nightwind"": ""东北"", ""daypower"": ""1-3"", ""nightpower"": ""1-3"", ""daytemp_float"": ""27.0"", ""nighttemp_float"": ""15.0""}"
SRC-E-001,2026-06-08,431226,J县县城,29.337454011884738,111.725071430641,,19,15,,,https://restapi.amap.com/v3/weather/weatherInfo,"{""date"": ""2026-06-08"", ""week"": ""1"", ""dayweather"": ""小雨"", ""nightweather"": ""阴"", ""daytemp"": ""19"", ""nighttemp"": ""15"", ""daywind"": ""东北"", ""nightwind"": ""东北"", ""daypower"": ""1-3"", ""nightpower"": ""1-3"", ""daytemp_float"": ""19.0"", ""nighttemp_float"": ""15.0""}"
SRC-E-001,2026-06-09,431226,J县县城,29.337454011884738,111.725071430641,,26,17,,,https://restapi.amap.com/v3/weather/weatherInfo,"{""date"": ""2026-06-09"", ""week"": ""2"", ""dayweather"": ""多云"", ""nightweather"": ""多云"", ""daytemp"": ""26"", ""nighttemp"": ""17"", ""daywind"": ""北"", ""nightwind"": ""北"", ""daypower"": ""1-3"", ""nightpower"": ""1-3"", ""daytemp_float"": ""26.0"", ""nighttemp_float"": ""17.0""}"
SRC-E-001,2026-06-06,431226,乡镇1,29.143611184265463,111.47359671220173,29,,,76,,https://restapi.amap.com/v3/weather/weatherInfo,"{""province"": ""湖南"", ""city"": ""麻阳苗族自治县"", ""adcode"": ""431226"", ""weather"": ""阴"", ""temperature"": ""29"", ""winddirection"": ""南"", ""windpower"": ""≤3"", ""humidity"": ""76"", ""reporttime"": ""2026-06-06 21:35:06"", ""temperature_float"": ""29.0"", ""humidity_float"": ""76.0""}"
SRC-E-001,2026-06-06,431226,乡镇1,29.143611184265463,111.47359671220173,,34,23,,,https://restapi.amap.com/v3/weather/weatherInfo,"{""date"": ""2026-06-06"", ""week"": ""6"", ""dayweather"": ""多云"", ""nightweather"": ""中雨"", ""daytemp"": ""34"", ""nighttemp"": ""23"", ""daywind"": ""东"", ""nightwind"": ""东"", ""daypower"": ""1-3"", ""nightpower"": ""1-3"", ""daytemp_float"": ""34.0"", ""nighttemp_float"": ""23.0""}"
SRC-E-001,2026-06-07,431226,乡镇1,29.143611184265463,111.47359671220173,,27,15,,,https://restapi.amap.com/v3/weather/weatherInfo,"{""date"": ""2026-06-07"", ""week"": ""7"", ""dayweather"": ""大雨"", ""nightweather"": ""中雨"", ""daytemp"": ""27"", ""nighttemp"": ""15"", ""daywind"": ""东北"", ""nightwind"": ""东北"", ""daypower"": ""1-3"", ""nightpower"": ""1-3"", ""daytemp_float"": ""27.0"", ""nighttemp_float"": ""15.0""}"
SRC-E-001,2026-06-08,431226,乡镇1,29.143611184265463,111.47359671220173,,19,15,,,https://restapi.amap.com/v3/weather/weatherInfo,"{""date"": ""2026-06-08"", ""week"": ""1"", ""dayweather"": ""小雨"", ""nightweather"": ""阴"", ""daytemp"": ""19"", ""nighttemp"": ""15"", ""daywind"": ""东北"", ""nightwind"": ""东北"", ""daypower"": ""1-3"", ""nightpower"": ""1-3"", ""daytemp_float"": ""19.0"", ""nighttemp_float"": ""15.0""}"
SRC-E-001,2026-06-09,431226,乡镇1,29.143611184265463,111.47359671220173,,26,17,,,https://restapi.amap.com/v3/weather/weatherInfo,"{""date"": ""2026-06-09"", ""week"": ""2"", ""dayweather"": ""多云"", ""nightweather"": ""多云"", ""daytemp"": ""26"", ""nighttemp"": ""17"", ""daywind"": ""北"", ""nightwind"": ""北"", ""daypower"": ""1-3"", ""nightpower"": ""1-3"", ""daytemp_float"": ""26.0"", ""nighttemp_float"": ""17.0""}"
SRC-E-001,2026-06-06,431226,乡镇2,29.410669007045925,111.80484354667763,29,,,76,,https://restapi.amap.com/v3/weather/weatherInfo,"{""province"": ""湖南"", ""city"": ""麻阳苗族自治县"", ""adcode"": ""431226"", ""weather"": ""阴"", ""temperature"": ""29"", ""winddirection"": ""南"", ""windpower"": ""≤3"", ""humidity"": ""76"", ""reporttime"": ""2026-06-06 21:35:06"", ""temperature_float"": ""29.0"", ""humidity_float"": ""76.0""}"
SRC-E-001,2026-06-06,431226,乡镇2,29.410669007045925,111.80484354667763,,34,23,,,https://restapi.amap.com/v3/weather/weatherInfo,"{""date"": ""2026-06-06"", ""week"": ""6"", ""dayweather"": ""多云"", ""nightweather"": ""中雨"", ""daytemp"": ""34"", ""nighttemp"": ""23"", ""daywind"": ""东"", ""nightwind"": ""东"", ""daypower"": ""1-3"", ""nightpower"": ""1-3"", ""daytemp_float"": ""34.0"", ""nighttemp_float"": ""23.0""}"
SRC-E-001,2026-06-07,431226,乡镇2,29.410669007045925,111.80484354667763,,27,15,,,https://restapi.amap.com/v3/weather/weatherInfo,"{""date"": ""2026-06-07"", ""week"": ""7"", ""dayweather"": ""大雨"", ""nightweather"": ""中雨"", ""daytemp"": ""27"", ""nighttemp"": ""15"", ""daywind"": ""东北"", ""nightwind"": ""东北"", ""daypower"": ""1-3"", ""nightpower"": ""1-3"", ""daytemp_float"": ""27.0"", ""nighttemp_float"": ""15.0""}"
SRC-E-001,2026-06-08,431226,乡镇2,29.410669007045925,111.80484354667763,,19,15,,,https://restapi.amap.com/v3/weather/weatherInfo,"{""date"": ""2026-06-08"", ""week"": ""1"", ""dayweather"": ""小雨"", ""nightweather"": ""阴"", ""daytemp"": ""19"", ""nighttemp"": ""15"", ""daywind"": ""东北"", ""nightwind"": ""东北"", ""daypower"": ""1-3"", ""nightpower"": ""1-3"", ""daytemp_float"": ""19.0"", ""nighttemp_float"": ""15.0""}"
SRC-E-001,2026-06-09,431226,乡镇2,29.410669007045925,111.80484354667763,,26,17,,,https://restapi.amap.com/v3/weather/weatherInfo,"{""date"": ""2026-06-09"", ""week"": ""2"", ""dayweather"": ""多云"", ""nightweather"": ""多云"", ""daytemp"": ""26"", ""nighttemp"": ""17"", ""daywind"": ""北"", ""nightwind"": ""北"", ""daypower"": ""1-3"", ""nightpower"": ""1-3"", ""daytemp_float"": ""26.0"", ""nighttemp_float"": ""17.0""}"
SRC-E-001,2026-06-06,431226,乡镇3,29.549465584480256,111.50740346640697,29,,,76,,https://restapi.amap.com/v3/weather/weatherInfo,"{""province"": ""湖南"", ""city"": ""麻阳苗族自治县"", ""adcode"": ""431226"", ""weather"": ""阴"", ""temperature"": ""29"", ""winddirection"": ""南"", ""windpower"": ""≤3"", ""humidity"": ""76"", ""reporttime"": ""2026-06-06 21:35:06"", ""temperature_float"": ""29.0"", ""humidity_float"": ""76.0""}"
SRC-E-001,2026-06-06,431226,乡镇3,29.549465584480256,111.50740346640697,,34,23,,,https://restapi.amap.com/v3/weather/weatherInfo,"{""date"": ""2026-06-06"", ""week"": ""6"", ""dayweather"": ""多云"", ""nightweather"": ""中雨"", ""daytemp"": ""34"", ""nighttemp"": ""23"", ""daywind"": ""东"", ""nightwind"": ""东"", ""daypower"": ""1-3"", ""nightpower"": ""1-3"", ""daytemp_float"": ""34.0"", ""nighttemp_float"": ""23.0""}"
SRC-E-001,2026-06-07,431226,乡镇3,29.549465584480256,111.50740346640697,,27,15,,,https://restapi.amap.com/v3/weather/weatherInfo,"{""date"": ""2026-06-07"", ""week"": ""7"", ""dayweather"": ""大雨"", ""nightweather"": ""中雨"", ""daytemp"": ""27"", ""nighttemp"": ""15"", ""daywind"": ""东北"", ""nightwind"": ""东北"", ""daypower"": ""1-3"", ""nightpower"": ""1-3"", ""daytemp_float"": ""27.0"", ""nighttemp_float"": ""15.0""}"
SRC-E-001,2026-06-08,431226,乡镇3,29.549465584480256,111.50740346640697,,19,15,,,https://restapi.amap.com/v3/weather/weatherInfo,"{""date"": ""2026-06-08"", ""week"": ""1"", ""dayweather"": ""小雨"", ""nightweather"": ""阴"", ""daytemp"": ""19"", ""nighttemp"": ""15"", ""daywind"": ""东北"", ""nightwind"": ""东北"", ""daypower"": ""1-3"", ""nightpower"": ""1-3"", ""daytemp_float"": ""19.0"", ""nighttemp_float"": ""15.0""}"
SRC-E-001,2026-06-09,431226,乡镇3,29.549465584480256,111.50740346640697,,26,17,,,https://restapi.amap.com/v3/weather/weatherInfo,"{""date"": ""2026-06-09"", ""week"": ""2"", ""dayweather"": ""多云"", ""nightweather"": ""多云"", ""daytemp"": ""26"", ""nighttemp"": ""17"", ""daywind"": ""北"", ""nightwind"": ""北"", ""daypower"": ""1-3"", ""nightpower"": ""1-3"", ""daytemp_float"": ""26.0"", ""nighttemp_float"": ""17.0""}"
SRC-E-001,2026-06-06,431226,乡镇4,29.232545345775723,111.69485385897934,29,,,76,,https://restapi.amap.com/v3/weather/weatherInfo,"{""province"": ""湖南"", ""city"": ""麻阳苗族自治县"", ""adcode"": ""431226"", ""weather"": ""阴"", ""temperature"": ""29"", ""winddirection"": ""南"", ""windpower"": ""≤3"", ""humidity"": ""76"", ""reporttime"": ""2026-06-06 21:35:06"", ""temperature_float"": ""29.0"", ""humidity_float"": ""76.0""}"
SRC-E-001,2026-06-06,431226,乡镇4,29.232545345775723,111.69485385897934,,34,23,,,https://restapi.amap.com/v3/weather/weatherInfo,"{""date"": ""2026-06-06"", ""week"": ""6"", ""dayweather"": ""多云"", ""nightweather"": ""中雨"", ""daytemp"": ""34"", ""nighttemp"": ""23"", ""daywind"": ""东"", ""nightwind"": ""东"", ""daypower"": ""1-3"", ""nightpower"": ""1-3"", ""daytemp_float"": ""34.0"", ""nighttemp_float"": ""23.0""}"
SRC-E-001,2026-06-07,431226,乡镇4,29.232545345775723,111.69485385897934,,27,15,,,https://restapi.amap.com/v3/weather/weatherInfo,"{""date"": ""2026-06-07"", ""week"": ""7"", ""dayweather"": ""大雨"", ""nightweather"": ""中雨"", ""daytemp"": ""27"", ""nighttemp"": ""15"", ""daywind"": ""东北"", ""nightwind"": ""东北"", ""daypower"": ""1-3"", ""nightpower"": ""1-3"", ""daytemp_float"": ""27.0"", ""nighttemp_float"": ""15.0""}"
SRC-E-001,2026-06-08,431226,乡镇4,29.232545345775723,111.69485385897934,,19,15,,,https://restapi.amap.com/v3/weather/weatherInfo,"{""date"": ""2026-06-08"", ""week"": ""1"", ""dayweather"": ""小雨"", ""nightweather"": ""阴"", ""daytemp"": ""19"", ""nighttemp"": ""15"", ""daywind"": ""东北"", ""nightwind"": ""东北"", ""daypower"": ""1-3"", ""nightpower"": ""1-3"", ""daytemp_float"": ""19.0"", ""nighttemp_float"": ""15.0""}"
SRC-E-001,2026-06-09,431226,乡镇4,29.232545345775723,111.69485385897934,,26,17,,,https://restapi.amap.com/v3/weather/weatherInfo,"{""date"": ""2026-06-09"", ""week"": ""2"", ""dayweather"": ""多云"", ""nightweather"": ""多云"", ""daytemp"": ""26"", ""nighttemp"": ""17"", ""daywind"": ""北"", ""nightwind"": ""北"", ""daypower"": ""1-3"", ""nightpower"": ""1-3"", ""daytemp_float"": ""26.0"", ""nighttemp_float"": ""17.0""}"
SRC-E-001,2026-06-06,431226,乡镇5,29.41711173683343,111.46369631639124,29,,,76,,https://restapi.amap.com/v3/weather/weatherInfo,"{""province"": ""湖南"", ""city"": ""麻阳苗族自治县"", ""adcode"": ""431226"", ""weather"": ""阴"", ""temperature"": ""29"", ""winddirection"": ""南"", ""windpower"": ""≤3"", ""humidity"": ""76"", ""reporttime"": ""2026-06-06 21:35:06"", ""temperature_float"": ""29.0"", ""humidity_float"": ""76.0""}"
SRC-E-001,2026-06-06,431226,乡镇5,29.41711173683343,111.46369631639124,,34,23,,,https://restapi.amap.com/v3/weather/weatherInfo,"{""date"": ""2026-06-06"", ""week"": ""6"", ""dayweather"": ""多云"", ""nightweather"": ""中雨"", ""daytemp"": ""34"", ""nighttemp"": ""23"", ""daywind"": ""东"", ""nightwind"": ""东"", ""daypower"": ""1-3"", ""nightpower"": ""1-3"", ""daytemp_float"": ""34.0"", ""nighttemp_float"": ""23.0""}"
SRC-E-001,2026-06-07,431226,乡镇5,29.41711173683343,111.46369631639124,,27,15,,,https://restapi.amap.com/v3/weather/weatherInfo,"{""date"": ""2026-06-07"", ""week"": ""7"", ""dayweather"": ""大雨"", ""nightweather"": ""中雨"", ""daytemp"": ""27"", ""nighttemp"": ""15"", ""daywind"": ""东北"", ""nightwind"": ""东北"", ""daypower"": ""1-3"", ""nightpower"": ""1-3"", ""daytemp_float"": ""27.0"", ""nighttemp_float"": ""15.0""}"
SRC-E-001,2026-06-08,431226,乡镇5,29.41711173683343,111.46369631639124,,19,15,,,https://restapi.amap.com/v3/weather/weatherInfo,"{""date"": ""2026-06-08"", ""week"": ""1"", ""dayweather"": ""小雨"", ""nightweather"": ""阴"", ""daytemp"": ""19"", ""nighttemp"": ""15"", ""daywind"": ""东北"", ""nightwind"": ""东北"", ""daypower"": ""1-3"", ""nightpower"": ""1-3"", ""daytemp_float"": ""19.0"", ""nighttemp_float"": ""15.0""}"
SRC-E-001,2026-06-09,431226,乡镇5,29.41711173683343,111.46369631639124,,26,17,,,https://restapi.amap.com/v3/weather/weatherInfo,"{""date"": ""2026-06-09"", ""week"": ""2"", ""dayweather"": ""多云"", ""nightweather"": ""多云"", ""daytemp"": ""26"", ""nighttemp"": ""17"", ""daywind"": ""北"", ""nightwind"": ""北"", ""daypower"": ""1-3"", ""nightpower"": ""1-3"", ""daytemp_float"": ""26.0"", ""nighttemp_float"": ""17.0""}"
SRC-E-001,2026-06-06,431226,乡镇6,29.323641990530223,111.85110557683582,29,,,76,,https://restapi.amap.com/v3/weather/weatherInfo,"{""province"": ""湖南"", ""city"": ""麻阳苗族自治县"", ""adcode"": ""431226"", ""weather"": ""阴"", ""temperature"": ""29"", ""winddirection"": ""南"", ""windpower"": ""≤3"", ""humidity"": ""76"", ""reporttime"": ""2026-06-06 21:35:06"", ""temperature_float"": ""29.0"", ""humidity_float"": ""76.0""}"
SRC-E-001,2026-06-06,431226,乡镇6,29.323641990530223,111.85110557683582,,34,23,,,https://restapi.amap.com/v3/weather/weatherInfo,"{""date"": ""2026-06-06"", ""week"": ""6"", ""dayweather"": ""多云"", ""nightweather"": ""中雨"", ""daytemp"": ""34"", ""nighttemp"": ""23"", ""daywind"": ""东"", ""nightwind"": ""东"", ""daypower"": ""1-3"", ""nightpower"": ""1-3"", ""daytemp_float"": ""34.0"", ""nighttemp_float"": ""23.0""}"
SRC-E-001,2026-06-07,431226,乡镇6,29.323641990530223,111.85110557683582,,27,15,,,https://restapi.amap.com/v3/weather/weatherInfo,"{""date"": ""2026-06-07"", ""week"": ""7"", ""dayweather"": ""大雨"", ""nightweather"": ""中雨"", ""daytemp"": ""27"", ""nighttemp"": ""15"", ""daywind"": ""东北"", ""nightwind"": ""东北"", ""daypower"": ""1-3"", ""nightpower"": ""1-3"", ""daytemp_float"": ""27.0"", ""nighttemp_float"": ""15.0""}"
SRC-E-001,2026-06-08,431226,乡镇6,29.323641990530223,111.85110557683582,,19,15,,,https://restapi.amap.com/v3/weather/weatherInfo,"{""date"": ""2026-06-08"", ""week"": ""1"", ""dayweather"": ""小雨"", ""nightweather"": ""阴"", ""daytemp"": ""19"", ""nighttemp"": ""15"", ""daywind"": ""东北"", ""nightwind"": ""东北"", ""daypower"": ""1-3"", ""nightpower"": ""1-3"", ""daytemp_float"": ""19.0"", ""nighttemp_float"": ""15.0""}"
SRC-E-001,2026-06-09,431226,乡镇6,29.323641990530223,111.85110557683582,,26,17,,,https://restapi.amap.com/v3/weather/weatherInfo,"{""date"": ""2026-06-09"", ""week"": ""2"", ""dayweather"": ""多云"", ""nightweather"": ""多云"", ""daytemp"": ""26"", ""nighttemp"": ""17"", ""daywind"": ""北"", ""nightwind"": ""北"", ""daypower"": ""1-3"", ""nightpower"": ""1-3"", ""daytemp_float"": ""26.0"", ""nighttemp_float"": ""17.0""}"
SRC-E-001,2026-06-06,431226,乡镇7,29.405448741317226,111.407870247632,29,,,76,,https://restapi.amap.com/v3/weather/weatherInfo,"{""province"": ""湖南"", ""city"": ""麻阳苗族自治县"", ""adcode"": ""431226"", ""weather"": ""阴"", ""temperature"": ""29"", ""winddirection"": ""南"", ""windpower"": ""≤3"", ""humidity"": ""76"", ""reporttime"": ""2026-06-06 21:35:06"", ""temperature_float"": ""29.0"", ""humidity_float"": ""76.0""}"
SRC-E-001,2026-06-06,431226,乡镇7,29.405448741317226,111.407870247632,,34,23,,,https://restapi.amap.com/v3/weather/weatherInfo,"{""date"": ""2026-06-06"", ""week"": ""6"", ""dayweather"": ""多云"", ""nightweather"": ""中雨"", ""daytemp"": ""34"", ""nighttemp"": ""23"", ""daywind"": ""东"", ""nightwind"": ""东"", ""daypower"": ""1-3"", ""nightpower"": ""1-3"", ""daytemp_float"": ""34.0"", ""nighttemp_float"": ""23.0""}"
SRC-E-001,2026-06-07,431226,乡镇7,29.405448741317226,111.407870247632,,27,15,,,https://restapi.amap.com/v3/weather/weatherInfo,"{""date"": ""2026-06-07"", ""week"": ""7"", ""dayweather"": ""大雨"", ""nightweather"": ""中雨"", ""daytemp"": ""27"", ""nighttemp"": ""15"", ""daywind"": ""东北"", ""nightwind"": ""东北"", ""daypower"": ""1-3"", ""nightpower"": ""1-3"", ""daytemp_float"": ""27.0"", ""nighttemp_float"": ""15.0""}"
SRC-E-001,2026-06-08,431226,乡镇7,29.405448741317226,111.407870247632,,19,15,,,https://restapi.amap.com/v3/weather/weatherInfo,"{""date"": ""2026-06-08"", ""week"": ""1"", ""dayweather"": ""小雨"", ""nightweather"": ""阴"", ""daytemp"": ""19"", ""nighttemp"": ""15"", ""daywind"": ""东北"", ""nightwind"": ""东北"", ""daypower"": ""1-3"", ""nightpower"": ""1-3"", ""daytemp_float"": ""19.0"", ""nighttemp_float"": ""15.0""}"
SRC-E-001,2026-06-09,431226,乡镇7,29.405448741317226,111.407870247632,,26,17,,,https://restapi.amap.com/v3/weather/weatherInfo,"{""date"": ""2026-06-09"", ""week"": ""2"", ""dayweather"": ""多云"", ""nightweather"": ""多云"", ""daytemp"": ""26"", ""nighttemp"": ""17"", ""daywind"": ""北"", ""nightwind"": ""北"", ""daypower"": ""1-3"", ""nightpower"": ""1-3"", ""daytemp_float"": ""26.0"", ""nighttemp_float"": ""17.0""}"
SRC-E-001,2026-06-06,431226,乡镇8,29.08903095579117,111.94933132235201,29,,,76,,https://restapi.amap.com/v3/weather/weatherInfo,"{""province"": ""湖南"", ""city"": ""麻阳苗族自治县"", ""adcode"": ""431226"", ""weather"": ""阴"", ""temperature"": ""29"", ""winddirection"": ""南"", ""windpower"": ""≤3"", ""humidity"": ""76"", ""reporttime"": ""2026-06-06 21:35:06"", ""temperature_float"": ""29.0"", ""humidity_float"": ""76.0""}"
SRC-E-001,2026-06-06,431226,乡镇8,29.08903095579117,111.94933132235201,,34,23,,,https://restapi.amap.com/v3/weather/weatherInfo,"{""date"": ""2026-06-06"", ""week"": ""6"", ""dayweather"": ""多云"", ""nightweather"": ""中雨"", ""daytemp"": ""34"", ""nighttemp"": ""23"", ""daywind"": ""东"", ""nightwind"": ""东"", ""daypower"": ""1-3"", ""nightpower"": ""1-3"", ""daytemp_float"": ""34.0"", ""nighttemp_float"": ""23.0""}"
SRC-E-001,2026-06-07,431226,乡镇8,29.08903095579117,111.94933132235201,,27,15,,,https://restapi.amap.com/v3/weather/weatherInfo,"{""date"": ""2026-06-07"", ""week"": ""7"", ""dayweather"": ""大雨"", ""nightweather"": ""中雨"", ""daytemp"": ""27"", ""nighttemp"": ""15"", ""daywind"": ""东北"", ""nightwind"": ""东北"", ""daypower"": ""1-3"", ""nightpower"": ""1-3"", ""daytemp_float"": ""27.0"", ""nighttemp_float"": ""15.0""}"
SRC-E-001,2026-06-08,431226,乡镇8,29.08903095579117,111.94933132235201,,19,15,,,https://restapi.amap.com/v3/weather/weatherInfo,"{""date"": ""2026-06-08"", ""week"": ""1"", ""dayweather"": ""小雨"", ""nightweather"": ""阴"", ""daytemp"": ""19"", ""nighttemp"": ""15"", ""daywind"": ""东北"", ""nightwind"": ""东北"", ""daypower"": ""1-3"", ""nightpower"": ""1-3"", ""daytemp_float"": ""19.0"", ""nighttemp_float"": ""15.0""}"
SRC-E-001,2026-06-09,431226,乡镇8,29.08903095579117,111.94933132235201,,26,17,,,https://restapi.amap.com/v3/weather/weatherInfo,"{""date"": ""2026-06-09"", ""week"": ""2"", ""dayweather"": ""多云"", ""nightweather"": ""多云"", ""daytemp"": ""26"", ""nighttemp"": ""17"", ""daywind"": ""北"", ""nightwind"": ""北"", ""daypower"": ""1-3"", ""nightpower"": ""1-3"", ""daytemp_float"": ""26.0"", ""nighttemp_float"": ""17.0""}"
SRC-E-001,2026-06-06,431226,村1,29.193691015338697,111.35813769120512,29,,,76,,https://restapi.amap.com/v3/weather/weatherInfo,"{""province"": ""湖南"", ""city"": ""麻阳苗族自治县"", ""adcode"": ""431226"", ""weather"": ""阴"", ""temperature"": ""29"", ""winddirection"": ""南"", ""windpower"": ""≤3"", ""humidity"": ""76"", ""reporttime"": ""2026-06-06 21:35:06"", ""temperature_float"": ""29.0"", ""humidity_float"": ""76.0""}"
SRC-E-001,2026-06-06,431226,村1,29.193691015338697,111.35813769120512,,34,23,,,https://restapi.amap.com/v3/weather/weatherInfo,"{""date"": ""2026-06-06"", ""week"": ""6"", ""dayweather"": ""多云"", ""nightweather"": ""中雨"", ""daytemp"": ""34"", ""nighttemp"": ""23"", ""daywind"": ""东"", ""nightwind"": ""东"", ""daypower"": ""1-3"", ""nightpower"": ""1-3"", ""daytemp_float"": ""34.0"", ""nighttemp_float"": ""23.0""}"
SRC-E-001,2026-06-07,431226,村1,29.193691015338697,111.35813769120512,,27,15,,,https://restapi.amap.com/v3/weather/weatherInfo,"{""date"": ""2026-06-07"", ""week"": ""7"", ""dayweather"": ""大雨"", ""nightweather"": ""中雨"", ""daytemp"": ""27"", ""nighttemp"": ""15"", ""daywind"": ""东北"", ""nightwind"": ""东北"", ""daypower"": ""1-3"", ""nightpower"": ""1-3"", ""daytemp_float"": ""27.0"", ""nighttemp_float"": ""15.0""}"
SRC-E-001,2026-06-08,431226,村1,29.193691015338697,111.35813769120512,,19,15,,,https://restapi.amap.com/v3/weather/weatherInfo,"{""date"": ""2026-06-08"", ""week"": ""1"", ""dayweather"": ""小雨"", ""nightweather"": ""阴"", ""daytemp"": ""19"", ""nighttemp"": ""15"", ""daywind"": ""东北"", ""nightwind"": ""东北"", ""daypower"": ""1-3"", ""nightpower"": ""1-3"", ""daytemp_float"": ""19.0"", ""nighttemp_float"": ""15.0""}"
SRC-E-001,2026-06-09,431226,村1,29.193691015338697,111.35813769120512,,26,17,,,https://restapi.amap.com/v3/weather/weatherInfo,"{""date"": ""2026-06-09"", ""week"": ""2"", ""dayweather"": ""多云"", ""nightweather"": ""多云"", ""daytemp"": ""26"", ""nighttemp"": ""17"", ""daywind"": ""北"", ""nightwind"": ""北"", ""daypower"": ""1-3"", ""nightpower"": ""1-3"", ""daytemp_float"": ""26.0"", ""nighttemp_float"": ""17.0""}"
SRC-E-001,2026-06-06,431226,村2,29.346141528089017,111.30751081689218,29,,,76,,https://restapi.amap.com/v3/weather/weatherInfo,"{""province"": ""湖南"", ""city"": ""麻阳苗族自治县"", ""adcode"": ""431226"", ""weather"": ""阴"", ""temperature"": ""29"", ""winddirection"": ""南"", ""windpower"": ""≤3"", ""humidity"": ""76"", ""reporttime"": ""2026-06-06 21:35:06"", ""temperature_float"": ""29.0"", ""humidity_float"": ""76.0""}"
SRC-E-001,2026-06-06,431226,村2,29.346141528089017,111.30751081689218,,34,23,,,https://restapi.amap.com/v3/weather/weatherInfo,"{""date"": ""2026-06-06"", ""week"": ""6"", ""dayweather"": ""多云"", ""nightweather"": ""中雨"", ""daytemp"": ""34"", ""nighttemp"": ""23"", ""daywind"": ""东"", ""nightwind"": ""东"", ""daypower"": ""1-3"", ""nightpower"": ""1-3"", ""daytemp_float"": ""34.0"", ""nighttemp_float"": ""23.0""}"
SRC-E-001,2026-06-07,431226,村2,29.346141528089017,111.30751081689218,,27,15,,,https://restapi.amap.com/v3/weather/weatherInfo,"{""date"": ""2026-06-07"", ""week"": ""7"", ""dayweather"": ""大雨"", ""nightweather"": ""中雨"", ""daytemp"": ""27"", ""nighttemp"": ""15"", ""daywind"": ""东北"", ""nightwind"": ""东北"", ""daypower"": ""1-3"", ""nightpower"": ""1-3"", ""daytemp_float"": ""27.0"", ""nighttemp_float"": ""15.0""}"
SRC-E-001,2026-06-08,431226,村2,29.346141528089017,111.30751081689218,,19,15,,,https://restapi.amap.com/v3/weather/weatherInfo,"{""date"": ""2026-06-08"", ""week"": ""1"", ""dayweather"": ""小雨"", ""nightweather"": ""阴"", ""daytemp"": ""19"", ""nighttemp"": ""15"", ""daywind"": ""东北"", ""nightwind"": ""东北"", ""daypower"": ""1-3"", ""nightpower"": ""1-3"", ""daytemp_float"": ""19.0"", ""nighttemp_float"": ""15.0""}"
SRC-E-001,2026-06-09,431226,村2,29.346141528089017,111.30751081689218,,26,17,,,https://restapi.amap.com/v3/weather/weatherInfo,"{""date"": ""2026-06-09"", ""week"": ""2"", ""dayweather"": ""多云"", ""nightweather"": ""多云"", ""daytemp"": ""26"", ""nighttemp"": ""17"", ""daywind"": ""北"", ""nightwind"": ""北"", ""daypower"": ""1-3"", ""nightpower"": ""1-3"", ""daytemp_float"": ""26.0"", ""nighttemp_float"": ""17.0""}"
SRC-E-001,2026-06-06,431226,村3,29.19936886087153,111.69605441694226,29,,,76,,https://restapi.amap.com/v3/weather/weatherInfo,"{""province"": ""湖南"", ""city"": ""麻阳苗族自治县"", ""adcode"": ""431226"", ""weather"": ""阴"", ""temperature"": ""29"", ""winddirection"": ""南"", ""windpower"": ""≤3"", ""humidity"": ""76"", ""reporttime"": ""2026-06-06 21:35:06"", ""temperature_float"": ""29.0"", ""humidity_float"": ""76.0""}"
SRC-E-001,2026-06-06,431226,村3,29.19936886087153,111.69605441694226,,34,23,,,https://restapi.amap.com/v3/weather/weatherInfo,"{""date"": ""2026-06-06"", ""week"": ""6"", ""dayweather"": ""多云"", ""nightweather"": ""中雨"", ""daytemp"": ""34"", ""nighttemp"": ""23"", ""daywind"": ""东"", ""nightwind"": ""东"", ""daypower"": ""1-3"", ""nightpower"": ""1-3"", ""daytemp_float"": ""34.0"", ""nighttemp_float"": ""23.0""}"
SRC-E-001,2026-06-07,431226,村3,29.19936886087153,111.69605441694226,,27,15,,,https://restapi.amap.com/v3/weather/weatherInfo,"{""date"": ""2026-06-07"", ""week"": ""7"", ""dayweather"": ""大雨"", ""nightweather"": ""中雨"", ""daytemp"": ""27"", ""nighttemp"": ""15"", ""daywind"": ""东北"", ""nightwind"": ""东北"", ""daypower"": ""1-3"", ""nightpower"": ""1-3"", ""daytemp_float"": ""27.0"", ""nighttemp_float"": ""15.0""}"
SRC-E-001,2026-06-08,431226,村3,29.19936886087153,111.69605441694226,,19,15,,,https://restapi.amap.com/v3/weather/weatherInfo,"{""date"": ""2026-06-08"", ""week"": ""1"", ""dayweather"": ""小雨"", ""nightweather"": ""阴"", ""daytemp"": ""19"", ""nighttemp"": ""15"", ""daywind"": ""东北"", ""nightwind"": ""东北"", ""daypower"": ""1-3"", ""nightpower"": ""1-3"", ""daytemp_float"": ""19.0"", ""nighttemp_float"": ""15.0""}"
SRC-E-001,2026-06-09,431226,村3,29.19936886087153,111.69605441694226,,26,17,,,https://restapi.amap.com/v3/weather/weatherInfo,"{""date"": ""2026-06-09"", ""week"": ""2"", ""dayweather"": ""多云"", ""nightweather"": ""多云"", ""daytemp"": ""26"", ""nighttemp"": ""17"", ""daywind"": ""北"", ""nightwind"": ""北"", ""daypower"": ""1-3"", ""nightpower"": ""1-3"", ""daytemp_float"": ""26.0"", ""nighttemp_float"": ""17.0""}"
SRC-E-001,2026-06-06,431226,村4,29.57010625868889,112.03159915325136,29,,,76,,https://restapi.amap.com/v3/weather/weatherInfo,"{""province"": ""湖南"", ""city"": ""麻阳苗族自治县"", ""adcode"": ""431226"", ""weather"": ""阴"", ""temperature"": ""29"", ""winddirection"": ""南"", ""windpower"": ""≤3"", ""humidity"": ""76"", ""reporttime"": ""2026-06-06 21:35:06"", ""temperature_float"": ""29.0"", ""humidity_float"": ""76.0""}"
SRC-E-001,2026-06-06,431226,村4,29.57010625868889,112.03159915325136,,34,23,,,https://restapi.amap.com/v3/weather/weatherInfo,"{""date"": ""2026-06-06"", ""week"": ""6"", ""dayweather"": ""多云"", ""nightweather"": ""中雨"", ""daytemp"": ""34"", ""nighttemp"": ""23"", ""daywind"": ""东"", ""nightwind"": ""东"", ""daypower"": ""1-3"", ""nightpower"": ""1-3"", ""daytemp_float"": ""34.0"", ""nighttemp_float"": ""23.0""}"
SRC-E-001,2026-06-07,431226,村4,29.57010625868889,112.03159915325136,,27,15,,,https://restapi.amap.com/v3/weather/weatherInfo,"{""date"": ""2026-06-07"", ""week"": ""7"", ""dayweather"": ""大雨"", ""nightweather"": ""中雨"", ""daytemp"": ""27"", ""nighttemp"": ""15"", ""daywind"": ""东北"", ""nightwind"": ""东北"", ""daypower"": ""1-3"", ""nightpower"": ""1-3"", ""daytemp_float"": ""27.0"", ""nighttemp_float"": ""15.0""}"
SRC-E-001,2026-06-08,431226,村4,29.57010625868889,112.03159915325136,,19,15,,,https://restapi.amap.com/v3/weather/weatherInfo,"{""date"": ""2026-06-08"", ""week"": ""1"", ""dayweather"": ""小雨"", ""nightweather"": ""阴"", ""daytemp"": ""19"", ""nighttemp"": ""15"", ""daywind"": ""东北"", ""nightwind"": ""东北"", ""daypower"": ""1-3"", ""nightpower"": ""1-3"", ""daytemp_float"": ""19.0"", ""nighttemp_float"": ""15.0""}"
SRC-E-001,2026-06-09,431226,村4,29.57010625868889,112.03159915325136,,26,17,,,https://restapi.amap.com/v3/weather/weatherInfo,"{""date"": ""2026-06-09"", ""week"": ""2"", ""dayweather"": ""多云"", ""nightweather"": ""多云"", ""daytemp"": ""26"", ""nighttemp"": ""17"", ""daywind"": ""北"", ""nightwind"": ""北"", ""daypower"": ""1-3"", ""nightpower"": ""1-3"", ""daytemp_float"": ""26.0"", ""nighttemp_float"": ""17.0""}"
SRC-E-001,2026-06-06,431226,村5,29.020794001641537,111.43678628993533,29,,,76,,https://restapi.amap.com/v3/weather/weatherInfo,"{""province"": ""湖南"", ""city"": ""麻阳苗族自治县"", ""adcode"": ""431226"", ""weather"": ""阴"", ""temperature"": ""29"", ""winddirection"": ""南"", ""windpower"": ""≤3"", ""humidity"": ""76"", ""reporttime"": ""2026-06-06 21:35:06"", ""temperature_float"": ""29.0"", ""humidity_float"": ""76.0""}"
SRC-E-001,2026-06-06,431226,村5,29.020794001641537,111.43678628993533,,34,23,,,https://restapi.amap.com/v3/weather/weatherInfo,"{""date"": ""2026-06-06"", ""week"": ""6"", ""dayweather"": ""多云"", ""nightweather"": ""中雨"", ""daytemp"": ""34"", ""nighttemp"": ""23"", ""daywind"": ""东"", ""nightwind"": ""东"", ""daypower"": ""1-3"", ""nightpower"": ""1-3"", ""daytemp_float"": ""34.0"", ""nighttemp_float"": ""23.0""}"
SRC-E-001,2026-06-07,431226,村5,29.020794001641537,111.43678628993533,,27,15,,,https://restapi.amap.com/v3/weather/weatherInfo,"{""date"": ""2026-06-07"", ""week"": ""7"", ""dayweather"": ""大雨"", ""nightweather"": ""中雨"", ""daytemp"": ""27"", ""nighttemp"": ""15"", ""daywind"": ""东北"", ""nightwind"": ""东北"", ""daypower"": ""1-3"", ""nightpower"": ""1-3"", ""daytemp_float"": ""27.0"", ""nighttemp_float"": ""15.0""}"
SRC-E-001,2026-06-08,431226,村5,29.020794001641537,111.43678628993533,,19,15,,,https://restapi.amap.com/v3/weather/weatherInfo,"{""date"": ""2026-06-08"", ""week"": ""1"", ""dayweather"": ""小雨"", ""nightweather"": ""阴"", ""daytemp"": ""19"", ""nighttemp"": ""15"", ""daywind"": ""东北"", ""nightwind"": ""东北"", ""daypower"": ""1-3"", ""nightpower"": ""1-3"", ""daytemp_float"": ""19.0"", ""nighttemp_float"": ""15.0""}"
SRC-E-001,2026-06-09,431226,村5,29.020794001641537,111.43678628993533,,26,17,,,https://restapi.amap.com/v3/weather/weatherInfo,"{""date"": ""2026-06-09"", ""week"": ""2"", ""dayweather"": ""多云"", ""nightweather"": ""多云"", ""daytemp"": ""26"", ""nighttemp"": ""17"", ""daywind"": ""北"", ""nightwind"": ""北"", ""daypower"": ""1-3"", ""nightpower"": ""1-3"", ""daytemp_float"": ""26.0"", ""nighttemp_float"": ""17.0""}"
SRC-E-001,2026-06-06,431226,村6,29.16707922541912,111.94299000732155,29,,,76,,https://restapi.amap.com/v3/weather/weatherInfo,"{""province"": ""湖南"", ""city"": ""麻阳苗族自治县"", ""adcode"": ""431226"", ""weather"": ""阴"", ""temperature"": ""29"", ""winddirection"": ""南"", ""windpower"": ""≤3"", ""humidity"": ""76"", ""reporttime"": ""2026-06-06 21:35:06"", ""temperature_float"": ""29.0"", ""humidity_float"": ""76.0""}"
SRC-E-001,2026-06-06,431226,村6,29.16707922541912,111.94299000732155,,34,23,,,https://restapi.amap.com/v3/weather/weatherInfo,"{""date"": ""2026-06-06"", ""week"": ""6"", ""dayweather"": ""多云"", ""nightweather"": ""中雨"", ""daytemp"": ""34"", ""nighttemp"": ""23"", ""daywind"": ""东"", ""nightwind"": ""东"", ""daypower"": ""1-3"", ""nightpower"": ""1-3"", ""daytemp_float"": ""34.0"", ""nighttemp_float"": ""23.0""}"
SRC-E-001,2026-06-07,431226,村6,29.16707922541912,111.94299000732155,,27,15,,,https://restapi.amap.com/v3/weather/weatherInfo,"{""date"": ""2026-06-07"", ""week"": ""7"", ""dayweather"": ""大雨"", ""nightweather"": ""中雨"", ""daytemp"": ""27"", ""nighttemp"": ""15"", ""daywind"": ""东北"", ""nightwind"": ""东北"", ""daypower"": ""1-3"", ""nightpower"": ""1-3"", ""daytemp_float"": ""27.0"", ""nighttemp_float"": ""15.0""}"
SRC-E-001,2026-06-08,431226,村6,29.16707922541912,111.94299000732155,,19,15,,,https://restapi.amap.com/v3/weather/weatherInfo,"{""date"": ""2026-06-08"", ""week"": ""1"", ""dayweather"": ""小雨"", ""nightweather"": ""阴"", ""daytemp"": ""19"", ""nighttemp"": ""15"", ""daywind"": ""东北"", ""nightwind"": ""东北"", ""daypower"": ""1-3"", ""nightpower"": ""1-3"", ""daytemp_float"": ""19.0"", ""nighttemp_float"": ""15.0""}"
SRC-E-001,2026-06-09,431226,村6,29.16707922541912,111.94299000732155,,26,17,,,https://restapi.amap.com/v3/weather/weatherInfo,"{""date"": ""2026-06-09"", ""week"": ""2"", ""dayweather"": ""多云"", ""nightweather"": ""多云"", ""daytemp"": ""26"", ""nighttemp"": ""17"", ""daywind"": ""北"", ""nightwind"": ""北"", ""daypower"": ""1-3"", ""nightpower"": ""1-3"", ""daytemp_float"": ""26.0"", ""nighttemp_float"": ""17.0""}"
SRC-E-001,2026-06-06,431226,村7,29.06273937997981,111.92175758460324,29,,,76,,https://restapi.amap.com/v3/weather/weatherInfo,"{""province"": ""湖南"", ""city"": ""麻阳苗族自治县"", ""adcode"": ""431226"", ""weather"": ""阴"", ""temperature"": ""29"", ""winddirection"": ""南"", ""windpower"": ""≤3"", ""humidity"": ""76"", ""reporttime"": ""2026-06-06 21:35:06"", ""temperature_float"": ""29.0"", ""humidity_float"": ""76.0""}"
SRC-E-001,2026-06-06,431226,村7,29.06273937997981,111.92175758460324,,34,23,,,https://restapi.amap.com/v3/weather/weatherInfo,"{""date"": ""2026-06-06"", ""week"": ""6"", ""dayweather"": ""多云"", ""nightweather"": ""中雨"", ""daytemp"": ""34"", ""nighttemp"": ""23"", ""daywind"": ""东"", ""nightwind"": ""东"", ""daypower"": ""1-3"", ""nightpower"": ""1-3"", ""daytemp_float"": ""34.0"", ""nighttemp_float"": ""23.0""}"
SRC-E-001,2026-06-07,431226,村7,29.06273937997981,111.92175758460324,,27,15,,,https://restapi.amap.com/v3/weather/weatherInfo,"{""date"": ""2026-06-07"", ""week"": ""7"", ""dayweather"": ""大雨"", ""nightweather"": ""中雨"", ""daytemp"": ""27"", ""nighttemp"": ""15"", ""daywind"": ""东北"", ""nightwind"": ""东北"", ""daypower"": ""1-3"", ""nightpower"": ""1-3"", ""daytemp_float"": ""27.0"", ""nighttemp_float"": ""15.0""}"
SRC-E-001,2026-06-08,431226,村7,29.06273937997981,111.92175758460324,,19,15,,,https://restapi.amap.com/v3/weather/weatherInfo,"{""date"": ""2026-06-08"", ""week"": ""1"", ""dayweather"": ""小雨"", ""nightweather"": ""阴"", ""daytemp"": ""19"", ""nighttemp"": ""15"", ""daywind"": ""东北"", ""nightwind"": ""东北"", ""daypower"": ""1-3"", ""nightpower"": ""1-3"", ""daytemp_float"": ""19.0"", ""nighttemp_float"": ""15.0""}"
SRC-E-001,2026-06-09,431226,村7,29.06273937997981,111.92175758460324,,26,17,,,https://restapi.amap.com/v3/weather/weatherInfo,"{""date"": ""2026-06-09"", ""week"": ""2"", ""dayweather"": ""多云"", ""nightweather"": ""多云"", ""daytemp"": ""26"", ""nighttemp"": ""17"", ""daywind"": ""北"", ""nightwind"": ""北"", ""daypower"": ""1-3"", ""nightpower"": ""1-3"", ""daytemp_float"": ""26.0"", ""nighttemp_float"": ""17.0""}"
SRC-E-001,2026-06-06,431226,村8,29.10897254522734,111.28441769369888,29,,,76,,https://restapi.amap.com/v3/weather/weatherInfo,"{""province"": ""湖南"", ""city"": ""麻阳苗族自治县"", ""adcode"": ""431226"", ""weather"": ""阴"", ""temperature"": ""29"", ""winddirection"": ""南"", ""windpower"": ""≤3"", ""humidity"": ""76"", ""reporttime"": ""2026-06-06 21:35:06"", ""temperature_float"": ""29.0"", ""humidity_float"": ""76.0""}"
SRC-E-001,2026-06-06,431226,村8,29.10897254522734,111.28441769369888,,34,23,,,https://restapi.amap.com/v3/weather/weatherInfo,"{""date"": ""2026-06-06"", ""week"": ""6"", ""dayweather"": ""多云"", ""nightweather"": ""中雨"", ""daytemp"": ""34"", ""nighttemp"": ""23"", ""daywind"": ""东"", ""nightwind"": ""东"", ""daypower"": ""1-3"", ""nightpower"": ""1-3"", ""daytemp_float"": ""34.0"", ""nighttemp_float"": ""23.0""}"
SRC-E-001,2026-06-07,431226,村8,29.10897254522734,111.28441769369888,,27,15,,,https://restapi.amap.com/v3/weather/weatherInfo,"{""date"": ""2026-06-07"", ""week"": ""7"", ""dayweather"": ""大雨"", ""nightweather"": ""中雨"", ""daytemp"": ""27"", ""nighttemp"": ""15"", ""daywind"": ""东北"", ""nightwind"": ""东北"", ""daypower"": ""1-3"", ""nightpower"": ""1-3"", ""daytemp_float"": ""27.0"", ""nighttemp_float"": ""15.0""}"
SRC-E-001,2026-06-08,431226,村8,29.10897254522734,111.28441769369888,,19,15,,,https://restapi.amap.com/v3/weather/weatherInfo,"{""date"": ""2026-06-08"", ""week"": ""1"", ""dayweather"": ""小雨"", ""nightweather"": ""阴"", ""daytemp"": ""19"", ""nighttemp"": ""15"", ""daywind"": ""东北"", ""nightwind"": ""东北"", ""daypower"": ""1-3"", ""nightpower"": ""1-3"", ""daytemp_float"": ""19.0"", ""nighttemp_float"": ""15.0""}"
SRC-E-001,2026-06-09,431226,村8,29.10897254522734,111.28441769369888,,26,17,,,https://restapi.amap.com/v3/weather/weatherInfo,"{""date"": ""2026-06-09"", ""week"": ""2"", ""dayweather"": ""多云"", ""nightweather"": ""多云"", ""daytemp"": ""26"", ""nighttemp"": ""17"", ""daywind"": ""北"", ""nightwind"": ""北"", ""daypower"": ""1-3"", ""nightpower"": ""1-3"", ""daytemp_float"": ""26.0"", ""nighttemp_float"": ""17.0""}"
SRC-E-001,2026-06-06,431226,村9,29.56701627734876,111.33923572138728,29,,,76,,https://restapi.amap.com/v3/weather/weatherInfo,"{""province"": ""湖南"", ""city"": ""麻阳苗族自治县"", ""adcode"": ""431226"", ""weather"": ""阴"", ""temperature"": ""29"", ""winddirection"": ""南"", ""windpower"": ""≤3"", ""humidity"": ""76"", ""reporttime"": ""2026-06-06 21:35:06"", ""temperature_float"": ""29.0"", ""humidity_float"": ""76.0""}"
SRC-E-001,2026-06-06,431226,村9,29.56701627734876,111.33923572138728,,34,23,,,https://restapi.amap.com/v3/weather/weatherInfo,"{""date"": ""2026-06-06"", ""week"": ""6"", ""dayweather"": ""多云"", ""nightweather"": ""中雨"", ""daytemp"": ""34"", ""nighttemp"": ""23"", ""daywind"": ""东"", ""nightwind"": ""东"", ""daypower"": ""1-3"", ""nightpower"": ""1-3"", ""daytemp_float"": ""34.0"", ""nighttemp_float"": ""23.0""}"
SRC-E-001,2026-06-07,431226,村9,29.56701627734876,111.33923572138728,,27,15,,,https://restapi.amap.com/v3/weather/weatherInfo,"{""date"": ""2026-06-07"", ""week"": ""7"", ""dayweather"": ""大雨"", ""nightweather"": ""中雨"", ""daytemp"": ""27"", ""nighttemp"": ""15"", ""daywind"": ""东北"", ""nightwind"": ""东北"", ""daypower"": ""1-3"", ""nightpower"": ""1-3"", ""daytemp_float"": ""27.0"", ""nighttemp_float"": ""15.0""}"
SRC-E-001,2026-06-08,431226,村9,29.56701627734876,111.33923572138728,,19,15,,,https://restapi.amap.com/v3/weather/weatherInfo,"{""date"": ""2026-06-08"", ""week"": ""1"", ""dayweather"": ""小雨"", ""nightweather"": ""阴"", ""daytemp"": ""19"", ""nighttemp"": ""15"", ""daywind"": ""东北"", ""nightwind"": ""东北"", ""daypower"": ""1-3"", ""nightpower"": ""1-3"", ""daytemp_float"": ""19.0"", ""nighttemp_float"": ""15.0""}"
SRC-E-001,2026-06-09,431226,村9,29.56701627734876,111.33923572138728,,26,17,,,https://restapi.amap.com/v3/weather/weatherInfo,"{""date"": ""2026-06-09"", ""week"": ""2"", ""dayweather"": ""多云"", ""nightweather"": ""多云"", ""daytemp"": ""26"", ""nighttemp"": ""17"", ""daywind"": ""北"", ""nightwind"": ""北"", ""daypower"": ""1-3"", ""nightpower"": ""1-3"", ""daytemp_float"": ""26.0"", ""nighttemp_float"": ""17.0""}"
SRC-E-001,2026-06-06,431226,村10,29.44863850146205,111.54471841988213,29,,,76,,https://restapi.amap.com/v3/weather/weatherInfo,"{""province"": ""湖南"", ""city"": ""麻阳苗族自治县"", ""adcode"": ""431226"", ""weather"": ""阴"", ""temperature"": ""29"", ""winddirection"": ""南"", ""windpower"": ""≤3"", ""humidity"": ""76"", ""reporttime"": ""2026-06-06 21:35:06"", ""temperature_float"": ""29.0"", ""humidity_float"": ""76.0""}"
SRC-E-001,2026-06-06,431226,村10,29.44863850146205,111.54471841988213,,34,23,,,https://restapi.amap.com/v3/weather/weatherInfo,"{""date"": ""2026-06-06"", ""week"": ""6"", ""dayweather"": ""多云"", ""nightweather"": ""中雨"", ""daytemp"": ""34"", ""nighttemp"": ""23"", ""daywind"": ""东"", ""nightwind"": ""东"", ""daypower"": ""1-3"", ""nightpower"": ""1-3"", ""daytemp_float"": ""34.0"", ""nighttemp_float"": ""23.0""}"
SRC-E-001,2026-06-07,431226,村10,29.44863850146205,111.54471841988213,,27,15,,,https://restapi.amap.com/v3/weather/weatherInfo,"{""date"": ""2026-06-07"", ""week"": ""7"", ""dayweather"": ""大雨"", ""nightweather"": ""中雨"", ""daytemp"": ""27"", ""nighttemp"": ""15"", ""daywind"": ""东北"", ""nightwind"": ""东北"", ""daypower"": ""1-3"", ""nightpower"": ""1-3"", ""daytemp_float"": ""27.0"", ""nighttemp_float"": ""15.0""}"
SRC-E-001,2026-06-08,431226,村10,29.44863850146205,111.54471841988213,,19,15,,,https://restapi.amap.com/v3/weather/weatherInfo,"{""date"": ""2026-06-08"", ""week"": ""1"", ""dayweather"": ""小雨"", ""nightweather"": ""阴"", ""daytemp"": ""19"", ""nighttemp"": ""15"", ""daywind"": ""东北"", ""nightwind"": ""东北"", ""daypower"": ""1-3"", ""nightpower"": ""1-3"", ""daytemp_float"": ""19.0"", ""nighttemp_float"": ""15.0""}"
SRC-E-001,2026-06-09,431226,村10,29.44863850146205,111.54471841988213,,26,17,,,https://restapi.amap.com/v3/weather/weatherInfo,"{""date"": ""2026-06-09"", ""week"": ""2"", ""dayweather"": ""多云"", ""nightweather"": ""多云"", ""daytemp"": ""26"", ""nighttemp"": ""17"", ""daywind"": ""北"", ""nightwind"": ""北"", ""daypower"": ""1-3"", ""nightpower"": ""1-3"", ""daytemp_float"": ""26.0"", ""nighttemp_float"": ""17.0""}"
SRC-E-001,2026-06-06,431226,村11,29.53368494267045,111.79004597708418,29,,,76,,https://restapi.amap.com/v3/weather/weatherInfo,"{""province"": ""湖南"", ""city"": ""麻阳苗族自治县"", ""adcode"": ""431226"", ""weather"": ""阴"", ""temperature"": ""29"", ""winddirection"": ""南"", ""windpower"": ""≤3"", ""humidity"": ""76"", ""reporttime"": ""2026-06-06 21:35:06"", ""temperature_float"": ""29.0"", ""humidity_float"": ""76.0""}"
SRC-E-001,2026-06-06,431226,村11,29.53368494267045,111.79004597708418,,34,23,,,https://restapi.amap.com/v3/weather/weatherInfo,"{""date"": ""2026-06-06"", ""week"": ""6"", ""dayweather"": ""多云"", ""nightweather"": ""中雨"", ""daytemp"": ""34"", ""nighttemp"": ""23"", ""daywind"": ""东"", ""nightwind"": ""东"", ""daypower"": ""1-3"", ""nightpower"": ""1-3"", ""daytemp_float"": ""34.0"", ""nighttemp_float"": ""23.0""}"
SRC-E-001,2026-06-07,431226,村11,29.53368494267045,111.79004597708418,,27,15,,,https://restapi.amap.com/v3/weather/weatherInfo,"{""date"": ""2026-06-07"", ""week"": ""7"", ""dayweather"": ""大雨"", ""nightweather"": ""中雨"", ""daytemp"": ""27"", ""nighttemp"": ""15"", ""daywind"": ""东北"", ""nightwind"": ""东北"", ""daypower"": ""1-3"", ""nightpower"": ""1-3"", ""daytemp_float"": ""27.0"", ""nighttemp_float"": ""15.0""}"
SRC-E-001,2026-06-08,431226,村11,29.53368494267045,111.79004597708418,,19,15,,,https://restapi.amap.com/v3/weather/weatherInfo,"{""date"": ""2026-06-08"", ""week"": ""1"", ""dayweather"": ""小雨"", ""nightweather"": ""阴"", ""daytemp"": ""19"", ""nighttemp"": ""15"", ""daywind"": ""东北"", ""nightwind"": ""东北"", ""daypower"": ""1-3"", ""nightpower"": ""1-3"", ""daytemp_float"": ""19.0"", ""nighttemp_float"": ""15.0""}"
SRC-E-001,2026-06-09,431226,村11,29.53368494267045,111.79004597708418,,26,17,,,https://restapi.amap.com/v3/weather/weatherInfo,"{""date"": ""2026-06-09"", ""week"": ""2"", ""dayweather"": ""多云"", ""nightweather"": ""多云"", ""daytemp"": ""26"", ""nighttemp"": ""17"", ""daywind"": ""北"", ""nightwind"": ""北"", ""daypower"": ""1-3"", ""nightpower"": ""1-3"", ""daytemp_float"": ""26.0"", ""nighttemp_float"": ""17.0""}"
SRC-E-001,2026-06-06,431226,村12,29.520595829778397,111.88862803889353,29,,,76,,https://restapi.amap.com/v3/weather/weatherInfo,"{""province"": ""湖南"", ""city"": ""麻阳苗族自治县"", ""adcode"": ""431226"", ""weather"": ""阴"", ""temperature"": ""29"", ""winddirection"": ""南"", ""windpower"": ""≤3"", ""humidity"": ""76"", ""reporttime"": ""2026-06-06 21:35:06"", ""temperature_float"": ""29.0"", ""humidity_float"": ""76.0""}"
SRC-E-001,2026-06-06,431226,村12,29.520595829778397,111.88862803889353,,34,23,,,https://restapi.amap.com/v3/weather/weatherInfo,"{""date"": ""2026-06-06"", ""week"": ""6"", ""dayweather"": ""多云"", ""nightweather"": ""中雨"", ""daytemp"": ""34"", ""nighttemp"": ""23"", ""daywind"": ""东"", ""nightwind"": ""东"", ""daypower"": ""1-3"", ""nightpower"": ""1-3"", ""daytemp_float"": ""34.0"", ""nighttemp_float"": ""23.0""}"
SRC-E-001,2026-06-07,431226,村12,29.520595829778397,111.88862803889353,,27,15,,,https://restapi.amap.com/v3/weather/weatherInfo,"{""date"": ""2026-06-07"", ""week"": ""7"", ""dayweather"": ""大雨"", ""nightweather"": ""中雨"", ""daytemp"": ""27"", ""nighttemp"": ""15"", ""daywind"": ""东北"", ""nightwind"": ""东北"", ""daypower"": ""1-3"", ""nightpower"": ""1-3"", ""daytemp_float"": ""27.0"", ""nighttemp_float"": ""15.0""}"
SRC-E-001,2026-06-08,431226,村12,29.520595829778397,111.88862803889353,,19,15,,,https://restapi.amap.com/v3/weather/weatherInfo,"{""date"": ""2026-06-08"", ""week"": ""1"", ""dayweather"": ""小雨"", ""nightweather"": ""阴"", ""daytemp"": ""19"", ""nighttemp"": ""15"", ""daywind"": ""东北"", ""nightwind"": ""东北"", ""daypower"": ""1-3"", ""nightpower"": ""1-3"", ""daytemp_float"": ""19.0"", ""nighttemp_float"": ""15.0""}"
SRC-E-001,2026-06-09,431226,村12,29.520595829778397,111.88862803889353,,26,17,,,https://restapi.amap.com/v3/weather/weatherInfo,"{""date"": ""2026-06-09"", ""week"": ""2"", ""dayweather"": ""多云"", ""nightweather"": ""多云"", ""daytemp"": ""26"", ""nighttemp"": ""17"", ""daywind"": ""北"", ""nightwind"": ""北"", ""daypower"": ""1-3"", ""nightpower"": ""1-3"", ""daytemp_float"": ""26.0"", ""nighttemp_float"": ""17.0""}"
SRC-E-001,2026-06-06,431226,村13,29.368186263505596,111.62203281468685,29,,,76,,https://restapi.amap.com/v3/weather/weatherInfo,"{""province"": ""湖南"", ""city"": ""麻阳苗族自治县"", ""adcode"": ""431226"", ""weather"": ""阴"", ""temperature"": ""29"", ""winddirection"": ""南"", ""windpower"": ""≤3"", ""humidity"": ""76"", ""reporttime"": ""2026-06-06 21:35:06"", ""temperature_float"": ""29.0"", ""humidity_float"": ""76.0""}"
SRC-E-001,2026-06-06,431226,村13,29.368186263505596,111.62203281468685,,34,23,,,https://restapi.amap.com/v3/weather/weatherInfo,"{""date"": ""2026-06-06"", ""week"": ""6"", ""dayweather"": ""多云"", ""nightweather"": ""中雨"", ""daytemp"": ""34"", ""nighttemp"": ""23"", ""daywind"": ""东"", ""nightwind"": ""东"", ""daypower"": ""1-3"", ""nightpower"": ""1-3"", ""daytemp_float"": ""34.0"", ""nighttemp_float"": ""23.0""}"
SRC-E-001,2026-06-07,431226,村13,29.368186263505596,111.62203281468685,,27,15,,,https://restapi.amap.com/v3/weather/weatherInfo,"{""date"": ""2026-06-07"", ""week"": ""7"", ""dayweather"": ""大雨"", ""nightweather"": ""中雨"", ""daytemp"": ""27"", ""nighttemp"": ""15"", ""daywind"": ""东北"", ""nightwind"": ""东北"", ""daypower"": ""1-3"", ""nightpower"": ""1-3"", ""daytemp_float"": ""27.0"", ""nighttemp_float"": ""15.0""}"
SRC-E-001,2026-06-08,431226,村13,29.368186263505596,111.62203281468685,,19,15,,,https://restapi.amap.com/v3/weather/weatherInfo,"{""date"": ""2026-06-08"", ""week"": ""1"", ""dayweather"": ""小雨"", ""nightweather"": ""阴"", ""daytemp"": ""19"", ""nighttemp"": ""15"", ""daywind"": ""东北"", ""nightwind"": ""东北"", ""daypower"": ""1-3"", ""nightpower"": ""1-3"", ""daytemp_float"": ""19.0"", ""nighttemp_float"": ""15.0""}"
SRC-E-001,2026-06-09,431226,村13,29.368186263505596,111.62203281468685,,26,17,,,https://restapi.amap.com/v3/weather/weatherInfo,"{""date"": ""2026-06-09"", ""week"": ""2"", ""dayweather"": ""多云"", ""nightweather"": ""多云"", ""daytemp"": ""26"", ""nighttemp"": ""17"", ""daywind"": ""北"", ""nightwind"": ""北"", ""daypower"": ""1-3"", ""nightpower"": ""1-3"", ""daytemp_float"": ""26.0"", ""nighttemp_float"": ""17.0""}"
SRC-E-001,2026-06-06,431226,村14,29.459128329011026,111.53148478486106,29,,,76,,https://restapi.amap.com/v3/weather/weatherInfo,"{""province"": ""湖南"", ""city"": ""麻阳苗族自治县"", ""adcode"": ""431226"", ""weather"": ""阴"", ""temperature"": ""29"", ""winddirection"": ""南"", ""windpower"": ""≤3"", ""humidity"": ""76"", ""reporttime"": ""2026-06-06 21:35:06"", ""temperature_float"": ""29.0"", ""humidity_float"": ""76.0""}"
SRC-E-001,2026-06-06,431226,村14,29.459128329011026,111.53148478486106,,34,23,,,https://restapi.amap.com/v3/weather/weatherInfo,"{""date"": ""2026-06-06"", ""week"": ""6"", ""dayweather"": ""多云"", ""nightweather"": ""中雨"", ""daytemp"": ""34"", ""nighttemp"": ""23"", ""daywind"": ""东"", ""nightwind"": ""东"", ""daypower"": ""1-3"", ""nightpower"": ""1-3"", ""daytemp_float"": ""34.0"", ""nighttemp_float"": ""23.0""}"
SRC-E-001,2026-06-07,431226,村14,29.459128329011026,111.53148478486106,,27,15,,,https://restapi.amap.com/v3/weather/weatherInfo,"{""date"": ""2026-06-07"", ""week"": ""7"", ""dayweather"": ""大雨"", ""nightweather"": ""中雨"", ""daytemp"": ""27"", ""nighttemp"": ""15"", ""daywind"": ""东北"", ""nightwind"": ""东北"", ""daypower"": ""1-3"", ""nightpower"": ""1-3"", ""daytemp_float"": ""27.0"", ""nighttemp_float"": ""15.0""}"
SRC-E-001,2026-06-08,431226,村14,29.459128329011026,111.53148478486106,,19,15,,,https://restapi.amap.com/v3/weather/weatherInfo,"{""date"": ""2026-06-08"", ""week"": ""1"", ""dayweather"": ""小雨"", ""nightweather"": ""阴"", ""daytemp"": ""19"", ""nighttemp"": ""15"", ""daywind"": ""东北"", ""nightwind"": ""东北"", ""daypower"": ""1-3"", ""nightpower"": ""1-3"", ""daytemp_float"": ""19.0"", ""nighttemp_float"": ""15.0""}"
SRC-E-001,2026-06-09,431226,村14,29.459128329011026,111.53148478486106,,26,17,,,https://restapi.amap.com/v3/weather/weatherInfo,"{""date"": ""2026-06-09"", ""week"": ""2"", ""dayweather"": ""多云"", ""nightweather"": ""多云"", ""daytemp"": ""26"", ""nighttemp"": ""17"", ""daywind"": ""北"", ""nightwind"": ""北"", ""daypower"": ""1-3"", ""nightpower"": ""1-3"", ""daytemp_float"": ""26.0"", ""nighttemp_float"": ""17.0""}"
SRC-E-001,2026-06-06,431226,村15,29.278306338428504,111.88444091083444,29,,,76,,https://restapi.amap.com/v3/weather/weatherInfo,"{""province"": ""湖南"", ""city"": ""麻阳苗族自治县"", ""adcode"": ""431226"", ""weather"": ""阴"", ""temperature"": ""29"", ""winddirection"": ""南"", ""windpower"": ""≤3"", ""humidity"": ""76"", ""reporttime"": ""2026-06-06 21:35:06"", ""temperature_float"": ""29.0"", ""humidity_float"": ""76.0""}"
SRC-E-001,2026-06-06,431226,村15,29.278306338428504,111.88444091083444,,34,23,,,https://restapi.amap.com/v3/weather/weatherInfo,"{""date"": ""2026-06-06"", ""week"": ""6"", ""dayweather"": ""多云"", ""nightweather"": ""中雨"", ""daytemp"": ""34"", ""nighttemp"": ""23"", ""daywind"": ""东"", ""nightwind"": ""东"", ""daypower"": ""1-3"", ""nightpower"": ""1-3"", ""daytemp_float"": ""34.0"", ""nighttemp_float"": ""23.0""}"
SRC-E-001,2026-06-07,431226,村15,29.278306338428504,111.88444091083444,,27,15,,,https://restapi.amap.com/v3/weather/weatherInfo,"{""date"": ""2026-06-07"", ""week"": ""7"", ""dayweather"": ""大雨"", ""nightweather"": ""中雨"", ""daytemp"": ""27"", ""nighttemp"": ""15"", ""daywind"": ""东北"", ""nightwind"": ""东北"", ""daypower"": ""1-3"", ""nightpower"": ""1-3"", ""daytemp_float"": ""27.0"", ""nighttemp_float"": ""15.0""}"
SRC-E-001,2026-06-08,431226,村15,29.278306338428504,111.88444091083444,,19,15,,,https://restapi.amap.com/v3/weather/weatherInfo,"{""date"": ""2026-06-08"", ""week"": ""1"", ""dayweather"": ""小雨"", ""nightweather"": ""阴"", ""daytemp"": ""19"", ""nighttemp"": ""15"", ""daywind"": ""东北"", ""nightwind"": ""东北"", ""daypower"": ""1-3"", ""nightpower"": ""1-3"", ""daytemp_float"": ""19.0"", ""nighttemp_float"": ""15.0""}"
SRC-E-001,2026-06-09,431226,村15,29.278306338428504,111.88444091083444,,26,17,,,https://restapi.amap.com/v3/weather/weatherInfo,"{""date"": ""2026-06-09"", ""week"": ""2"", ""dayweather"": ""多云"", ""nightweather"": ""多云"", ""daytemp"": ""26"", ""nighttemp"": ""17"", ""daywind"": ""北"", ""nightwind"": ""北"", ""daypower"": ""1-3"", ""nightpower"": ""1-3"", ""daytemp_float"": ""26.0"", ""nighttemp_float"": ""17.0""}"
SRC-E-001,2026-06-06,431226,村16,29.078977029803205,112.02375812187407,29,,,76,,https://restapi.amap.com/v3/weather/weatherInfo,"{""province"": ""湖南"", ""city"": ""麻阳苗族自治县"", ""adcode"": ""431226"", ""weather"": ""阴"", ""temperature"": ""29"", ""winddirection"": ""南"", ""windpower"": ""≤3"", ""humidity"": ""76"", ""reporttime"": ""2026-06-06 21:35:06"", ""temperature_float"": ""29.0"", ""humidity_float"": ""76.0""}"
SRC-E-001,2026-06-06,431226,村16,29.078977029803205,112.02375812187407,,34,23,,,https://restapi.amap.com/v3/weather/weatherInfo,"{""date"": ""2026-06-06"", ""week"": ""6"", ""dayweather"": ""多云"", ""nightweather"": ""中雨"", ""daytemp"": ""34"", ""nighttemp"": ""23"", ""daywind"": ""东"", ""nightwind"": ""东"", ""daypower"": ""1-3"", ""nightpower"": ""1-3"", ""daytemp_float"": ""34.0"", ""nighttemp_float"": ""23.0""}"
SRC-E-001,2026-06-07,431226,村16,29.078977029803205,112.02375812187407,,27,15,,,https://restapi.amap.com/v3/weather/weatherInfo,"{""date"": ""2026-06-07"", ""week"": ""7"", ""dayweather"": ""大雨"", ""nightweather"": ""中雨"", ""daytemp"": ""27"", ""nighttemp"": ""15"", ""daywind"": ""东北"", ""nightwind"": ""东北"", ""daypower"": ""1-3"", ""nightpower"": ""1-3"", ""daytemp_float"": ""27.0"", ""nighttemp_float"": ""15.0""}"
SRC-E-001,2026-06-08,431226,村16,29.078977029803205,112.02375812187407,,19,15,,,https://restapi.amap.com/v3/weather/weatherInfo,"{""date"": ""2026-06-08"", ""week"": ""1"", ""dayweather"": ""小雨"", ""nightweather"": ""阴"", ""daytemp"": ""19"", ""nighttemp"": ""15"", ""daywind"": ""东北"", ""nightwind"": ""东北"", ""daypower"": ""1-3"", ""nightpower"": ""1-3"", ""daytemp_float"": ""19.0"", ""nighttemp_float"": ""15.0""}"
SRC-E-001,2026-06-09,431226,村16,29.078977029803205,112.02375812187407,,26,17,,,https://restapi.amap.com/v3/weather/weatherInfo,"{""date"": ""2026-06-09"", ""week"": ""2"", ""dayweather"": ""多云"", ""nightweather"": ""多云"", ""daytemp"": ""26"", ""nighttemp"": ""17"", ""daywind"": ""北"", ""nightwind"": ""北"", ""daypower"": ""1-3"", ""nightpower"": ""1-3"", ""daytemp_float"": ""26.0"", ""nighttemp_float"": ""17.0""}"
SRC-E-001,2026-06-06,431226,村17,29.592937661519294,111.42925604710884,29,,,76,,https://restapi.amap.com/v3/weather/weatherInfo,"{""province"": ""湖南"", ""city"": ""麻阳苗族自治县"", ""adcode"": ""431226"", ""weather"": ""阴"", ""temperature"": ""29"", ""winddirection"": ""南"", ""windpower"": ""≤3"", ""humidity"": ""76"", ""reporttime"": ""2026-06-06 21:35:06"", ""temperature_float"": ""29.0"", ""humidity_float"": ""76.0""}"
SRC-E-001,2026-06-06,431226,村17,29.592937661519294,111.42925604710884,,34,23,,,https://restapi.amap.com/v3/weather/weatherInfo,"{""date"": ""2026-06-06"", ""week"": ""6"", ""dayweather"": ""多云"", ""nightweather"": ""中雨"", ""daytemp"": ""34"", ""nighttemp"": ""23"", ""daywind"": ""东"", ""nightwind"": ""东"", ""daypower"": ""1-3"", ""nightpower"": ""1-3"", ""daytemp_float"": ""34.0"", ""nighttemp_float"": ""23.0""}"
SRC-E-001,2026-06-07,431226,村17,29.592937661519294,111.42925604710884,,27,15,,,https://restapi.amap.com/v3/weather/weatherInfo,"{""date"": ""2026-06-07"", ""week"": ""7"", ""dayweather"": ""大雨"", ""nightweather"": ""中雨"", ""daytemp"": ""27"", ""nighttemp"": ""15"", ""daywind"": ""东北"", ""nightwind"": ""东北"", ""daypower"": ""1-3"", ""nightpower"": ""1-3"", ""daytemp_float"": ""27.0"", ""nighttemp_float"": ""15.0""}"
SRC-E-001,2026-06-08,431226,村17,29.592937661519294,111.42925604710884,,19,15,,,https://restapi.amap.com/v3/weather/weatherInfo,"{""date"": ""2026-06-08"", ""week"": ""1"", ""dayweather"": ""小雨"", ""nightweather"": ""阴"", ""daytemp"": ""19"", ""nighttemp"": ""15"", ""daywind"": ""东北"", ""nightwind"": ""东北"", ""daypower"": ""1-3"", ""nightpower"": ""1-3"", ""daytemp_float"": ""19.0"", ""nighttemp_float"": ""15.0""}"
SRC-E-001,2026-06-09,431226,村17,29.592937661519294,111.42925604710884,,26,17,,,https://restapi.amap.com/v3/weather/weatherInfo,"{""date"": ""2026-06-09"", ""week"": ""2"", ""dayweather"": ""多云"", ""nightweather"": ""多云"", ""daytemp"": ""26"", ""nighttemp"": ""17"", ""daywind"": ""北"", ""nightwind"": ""北"", ""daypower"": ""1-3"", ""nightpower"": ""1-3"", ""daytemp_float"": ""26.0"", ""nighttemp_float"": ""17.0""}"
SRC-E-001,2026-06-06,431226,村18,29.666873039938796,111.5344027799775,29,,,76,,https://restapi.amap.com/v3/weather/weatherInfo,"{""province"": ""湖南"", ""city"": ""麻阳苗族自治县"", ""adcode"": ""431226"", ""weather"": ""阴"", ""temperature"": ""29"", ""winddirection"": ""南"", ""windpower"": ""≤3"", ""humidity"": ""76"", ""reporttime"": ""2026-06-06 21:35:06"", ""temperature_float"": ""29.0"", ""humidity_float"": ""76.0""}"
SRC-E-001,2026-06-06,431226,村18,29.666873039938796,111.5344027799775,,34,23,,,https://restapi.amap.com/v3/weather/weatherInfo,"{""date"": ""2026-06-06"", ""week"": ""6"", ""dayweather"": ""多云"", ""nightweather"": ""中雨"", ""daytemp"": ""34"", ""nighttemp"": ""23"", ""daywind"": ""东"", ""nightwind"": ""东"", ""daypower"": ""1-3"", ""nightpower"": ""1-3"", ""daytemp_float"": ""34.0"", ""nighttemp_float"": ""23.0""}"
SRC-E-001,2026-06-07,431226,村18,29.666873039938796,111.5344027799775,,27,15,,,https://restapi.amap.com/v3/weather/weatherInfo,"{""date"": ""2026-06-07"", ""week"": ""7"", ""dayweather"": ""大雨"", ""nightweather"": ""中雨"", ""daytemp"": ""27"", ""nighttemp"": ""15"", ""daywind"": ""东北"", ""nightwind"": ""东北"", ""daypower"": ""1-3"", ""nightpower"": ""1-3"", ""daytemp_float"": ""27.0"", ""nighttemp_float"": ""15.0""}"
SRC-E-001,2026-06-08,431226,村18,29.666873039938796,111.5344027799775,,19,15,,,https://restapi.amap.com/v3/weather/weatherInfo,"{""date"": ""2026-06-08"", ""week"": ""1"", ""dayweather"": ""小雨"", ""nightweather"": ""阴"", ""daytemp"": ""19"", ""nighttemp"": ""15"", ""daywind"": ""东北"", ""nightwind"": ""东北"", ""daypower"": ""1-3"", ""nightpower"": ""1-3"", ""daytemp_float"": ""19.0"", ""nighttemp_float"": ""15.0""}"
SRC-E-001,2026-06-09,431226,村18,29.666873039938796,111.5344027799775,,26,17,,,https://restapi.amap.com/v3/weather/weatherInfo,"{""date"": ""2026-06-09"", ""week"": ""2"", ""dayweather"": ""多云"", ""nightweather"": ""多云"", ""daytemp"": ""26"", ""nighttemp"": ""17"", ""daywind"": ""北"", ""nightwind"": ""北"", ""daypower"": ""1-3"", ""nightpower"": ""1-3"", ""daytemp_float"": ""26.0"", ""nighttemp_float"": ""17.0""}"
SRC-E-001,2026-06-06,431226,村19,29.604411812737997,111.96858446660508,29,,,76,,https://restapi.amap.com/v3/weather/weatherInfo,"{""province"": ""湖南"", ""city"": ""麻阳苗族自治县"", ""adcode"": ""431226"", ""weather"": ""阴"", ""temperature"": ""29"", ""winddirection"": ""南"", ""windpower"": ""≤3"", ""humidity"": ""76"", ""reporttime"": ""2026-06-06 21:35:06"", ""temperature_float"": ""29.0"", ""humidity_float"": ""76.0""}"
SRC-E-001,2026-06-06,431226,村19,29.604411812737997,111.96858446660508,,34,23,,,https://restapi.amap.com/v3/weather/weatherInfo,"{""date"": ""2026-06-06"", ""week"": ""6"", ""dayweather"": ""多云"", ""nightweather"": ""中雨"", ""daytemp"": ""34"", ""nighttemp"": ""23"", ""daywind"": ""东"", ""nightwind"": ""东"", ""daypower"": ""1-3"", ""nightpower"": ""1-3"", ""daytemp_float"": ""34.0"", ""nighttemp_float"": ""23.0""}"
SRC-E-001,2026-06-07,431226,村19,29.604411812737997,111.96858446660508,,27,15,,,https://restapi.amap.com/v3/weather/weatherInfo,"{""date"": ""2026-06-07"", ""week"": ""7"", ""dayweather"": ""大雨"", ""nightweather"": ""中雨"", ""daytemp"": ""27"", ""nighttemp"": ""15"", ""daywind"": ""东北"", ""nightwind"": ""东北"", ""daypower"": ""1-3"", ""nightpower"": ""1-3"", ""daytemp_float"": ""27.0"", ""nighttemp_float"": ""15.0""}"
SRC-E-001,2026-06-08,431226,村19,29.604411812737997,111.96858446660508,,19,15,,,https://restapi.amap.com/v3/weather/weatherInfo,"{""date"": ""2026-06-08"", ""week"": ""1"", ""dayweather"": ""小雨"", ""nightweather"": ""阴"", ""daytemp"": ""19"", ""nighttemp"": ""15"", ""daywind"": ""东北"", ""nightwind"": ""东北"", ""daypower"": ""1-3"", ""nightpower"": ""1-3"", ""daytemp_float"": ""19.0"", ""nighttemp_float"": ""15.0""}"
SRC-E-001,2026-06-09,431226,村19,29.604411812737997,111.96858446660508,,26,17,,,https://restapi.amap.com/v3/weather/weatherInfo,"{""date"": ""2026-06-09"", ""week"": ""2"", ""dayweather"": ""多云"", ""nightweather"": ""多云"", ""daytemp"": ""26"", ""nighttemp"": ""17"", ""daywind"": ""北"", ""nightwind"": ""北"", ""daypower"": ""1-3"", ""nightpower"": ""1-3"", ""daytemp_float"": ""26.0"", ""nighttemp_float"": ""17.0""}"
SRC-E-001,2026-06-06,431226,村20,29.127686248376584,111.37589229386695,29,,,76,,https://restapi.amap.com/v3/weather/weatherInfo,"{""province"": ""湖南"", ""city"": ""麻阳苗族自治县"", ""adcode"": ""431226"", ""weather"": ""阴"", ""temperature"": ""29"", ""winddirection"": ""南"", ""windpower"": ""≤3"", ""humidity"": ""76"", ""reporttime"": ""2026-06-06 21:35:06"", ""temperature_float"": ""29.0"", ""humidity_float"": ""76.0""}"
SRC-E-001,2026-06-06,431226,村20,29.127686248376584,111.37589229386695,,34,23,,,https://restapi.amap.com/v3/weather/weatherInfo,"{""date"": ""2026-06-06"", ""week"": ""6"", ""dayweather"": ""多云"", ""nightweather"": ""中雨"", ""daytemp"": ""34"", ""nighttemp"": ""23"", ""daywind"": ""东"", ""nightwind"": ""东"", ""daypower"": ""1-3"", ""nightpower"": ""1-3"", ""daytemp_float"": ""34.0"", ""nighttemp_float"": ""23.0""}"
SRC-E-001,2026-06-07,431226,村20,29.127686248376584,111.37589229386695,,27,15,,,https://restapi.amap.com/v3/weather/weatherInfo,"{""date"": ""2026-06-07"", ""week"": ""7"", ""dayweather"": ""大雨"", ""nightweather"": ""中雨"", ""daytemp"": ""27"", ""nighttemp"": ""15"", ""daywind"": ""东北"", ""nightwind"": ""东北"", ""daypower"": ""1-3"", ""nightpower"": ""1-3"", ""daytemp_float"": ""27.0"", ""nighttemp_float"": ""15.0""}"
SRC-E-001,2026-06-08,431226,村20,29.127686248376584,111.37589229386695,,19,15,,,https://restapi.amap.com/v3/weather/weatherInfo,"{""date"": ""2026-06-08"", ""week"": ""1"", ""dayweather"": ""小雨"", ""nightweather"": ""阴"", ""daytemp"": ""19"", ""nighttemp"": ""15"", ""daywind"": ""东北"", ""nightwind"": ""东北"", ""daypower"": ""1-3"", ""nightpower"": ""1-3"", ""daytemp_float"": ""19.0"", ""nighttemp_float"": ""15.0""}"
SRC-E-001,2026-06-09,431226,村20,29.127686248376584,111.37589229386695,,26,17,,,https://restapi.amap.com/v3/weather/weatherInfo,"{""date"": ""2026-06-09"", ""week"": ""2"", ""dayweather"": ""多云"", ""nightweather"": ""多云"", ""daytemp"": ""26"", ""nighttemp"": ""17"", ""daywind"": ""北"", ""nightwind"": ""北"", ""daypower"": ""1-3"", ""nightpower"": ""1-3"", ""daytemp_float"": ""26.0"", ""nighttemp_float"": ""17.0""}"
SRC-E-001,2026-06-06,431226,村21,29.365032497394694,111.84241516711614,29,,,76,,https://restapi.amap.com/v3/weather/weatherInfo,"{""province"": ""湖南"", ""city"": ""麻阳苗族自治县"", ""adcode"": ""431226"", ""weather"": ""阴"", ""temperature"": ""29"", ""winddirection"": ""南"", ""windpower"": ""≤3"", ""humidity"": ""76"", ""reporttime"": ""2026-06-06 21:35:06"", ""temperature_float"": ""29.0"", ""humidity_float"": ""76.0""}"
SRC-E-001,2026-06-06,431226,村21,29.365032497394694,111.84241516711614,,34,23,,,https://restapi.amap.com/v3/weather/weatherInfo,"{""date"": ""2026-06-06"", ""week"": ""6"", ""dayweather"": ""多云"", ""nightweather"": ""中雨"", ""daytemp"": ""34"", ""nighttemp"": ""23"", ""daywind"": ""东"", ""nightwind"": ""东"", ""daypower"": ""1-3"", ""nightpower"": ""1-3"", ""daytemp_float"": ""34.0"", ""nighttemp_float"": ""23.0""}"
SRC-E-001,2026-06-07,431226,村21,29.365032497394694,111.84241516711614,,27,15,,,https://restapi.amap.com/v3/weather/weatherInfo,"{""date"": ""2026-06-07"", ""week"": ""7"", ""dayweather"": ""大雨"", ""nightweather"": ""中雨"", ""daytemp"": ""27"", ""nighttemp"": ""15"", ""daywind"": ""东北"", ""nightwind"": ""东北"", ""daypower"": ""1-3"", ""nightpower"": ""1-3"", ""daytemp_float"": ""27.0"", ""nighttemp_float"": ""15.0""}"
SRC-E-001,2026-06-08,431226,村21,29.365032497394694,111.84241516711614,,19,15,,,https://restapi.amap.com/v3/weather/weatherInfo,"{""date"": ""2026-06-08"", ""week"": ""1"", ""dayweather"": ""小雨"", ""nightweather"": ""阴"", ""daytemp"": ""19"", ""nighttemp"": ""15"", ""daywind"": ""东北"", ""nightwind"": ""东北"", ""daypower"": ""1-3"", ""nightpower"": ""1-3"", ""daytemp_float"": ""19.0"", ""nighttemp_float"": ""15.0""}"
SRC-E-001,2026-06-09,431226,村21,29.365032497394694,111.84241516711614,,26,17,,,https://restapi.amap.com/v3/weather/weatherInfo,"{""date"": ""2026-06-09"", ""week"": ""2"", ""dayweather"": ""多云"", ""nightweather"": ""多云"", ""daytemp"": ""26"", ""nighttemp"": ""17"", ""daywind"": ""北"", ""nightwind"": ""北"", ""daypower"": ""1-3"", ""nightpower"": ""1-3"", ""daytemp_float"": ""26.0"", ""nighttemp_float"": ""17.0""}"
SRC-E-001,2026-06-06,431226,村22,29.151425836660295,111.67779880471392,29,,,76,,https://restapi.amap.com/v3/weather/weatherInfo,"{""province"": ""湖南"", ""city"": ""麻阳苗族自治县"", ""adcode"": ""431226"", ""weather"": ""阴"", ""temperature"": ""29"", ""winddirection"": ""南"", ""windpower"": ""≤3"", ""humidity"": ""76"", ""reporttime"": ""2026-06-06 21:35:06"", ""temperature_float"": ""29.0"", ""humidity_float"": ""76.0""}"
SRC-E-001,2026-06-06,431226,村22,29.151425836660295,111.67779880471392,,34,23,,,https://restapi.amap.com/v3/weather/weatherInfo,"{""date"": ""2026-06-06"", ""week"": ""6"", ""dayweather"": ""多云"", ""nightweather"": ""中雨"", ""daytemp"": ""34"", ""nighttemp"": ""23"", ""daywind"": ""东"", ""nightwind"": ""东"", ""daypower"": ""1-3"", ""nightpower"": ""1-3"", ""daytemp_float"": ""34.0"", ""nighttemp_float"": ""23.0""}"
SRC-E-001,2026-06-07,431226,村22,29.151425836660295,111.67779880471392,,27,15,,,https://restapi.amap.com/v3/weather/weatherInfo,"{""date"": ""2026-06-07"", ""week"": ""7"", ""dayweather"": ""大雨"", ""nightweather"": ""中雨"", ""daytemp"": ""27"", ""nighttemp"": ""15"", ""daywind"": ""东北"", ""nightwind"": ""东北"", ""daypower"": ""1-3"", ""nightpower"": ""1-3"", ""daytemp_float"": ""27.0"", ""nighttemp_float"": ""15.0""}"
SRC-E-001,2026-06-08,431226,村22,29.151425836660295,111.67779880471392,,19,15,,,https://restapi.amap.com/v3/weather/weatherInfo,"{""date"": ""2026-06-08"", ""week"": ""1"", ""dayweather"": ""小雨"", ""nightweather"": ""阴"", ""daytemp"": ""19"", ""nighttemp"": ""15"", ""daywind"": ""东北"", ""nightwind"": ""东北"", ""daypower"": ""1-3"", ""nightpower"": ""1-3"", ""daytemp_float"": ""19.0"", ""nighttemp_float"": ""15.0""}"
SRC-E-001,2026-06-09,431226,村22,29.151425836660295,111.67779880471392,,26,17,,,https://restapi.amap.com/v3/weather/weatherInfo,"{""date"": ""2026-06-09"", ""week"": ""2"", ""dayweather"": ""多云"", ""nightweather"": ""多云"", ""daytemp"": ""26"", ""nighttemp"": ""17"", ""daywind"": ""北"", ""nightwind"": ""北"", ""daypower"": ""1-3"", ""nightpower"": ""1-3"", ""daytemp_float"": ""26.0"", ""nighttemp_float"": ""17.0""}"
SRC-E-001,2026-06-06,431226,村23,29.43765146718392,111.6821432185831,29,,,76,,https://restapi.amap.com/v3/weather/weatherInfo,"{""province"": ""湖南"", ""city"": ""麻阳苗族自治县"", ""adcode"": ""431226"", ""weather"": ""阴"", ""temperature"": ""29"", ""winddirection"": ""南"", ""windpower"": ""≤3"", ""humidity"": ""76"", ""reporttime"": ""2026-06-06 21:35:06"", ""temperature_float"": ""29.0"", ""humidity_float"": ""76.0""}"
SRC-E-001,2026-06-06,431226,村23,29.43765146718392,111.6821432185831,,34,23,,,https://restapi.amap.com/v3/weather/weatherInfo,"{""date"": ""2026-06-06"", ""week"": ""6"", ""dayweather"": ""多云"", ""nightweather"": ""中雨"", ""daytemp"": ""34"", ""nighttemp"": ""23"", ""daywind"": ""东"", ""nightwind"": ""东"", ""daypower"": ""1-3"", ""nightpower"": ""1-3"", ""daytemp_float"": ""34.0"", ""nighttemp_float"": ""23.0""}"
SRC-E-001,2026-06-07,431226,村23,29.43765146718392,111.6821432185831,,27,15,,,https://restapi.amap.com/v3/weather/weatherInfo,"{""date"": ""2026-06-07"", ""week"": ""7"", ""dayweather"": ""大雨"", ""nightweather"": ""中雨"", ""daytemp"": ""27"", ""nighttemp"": ""15"", ""daywind"": ""东北"", ""nightwind"": ""东北"", ""daypower"": ""1-3"", ""nightpower"": ""1-3"", ""daytemp_float"": ""27.0"", ""nighttemp_float"": ""15.0""}"
SRC-E-001,2026-06-08,431226,村23,29.43765146718392,111.6821432185831,,19,15,,,https://restapi.amap.com/v3/weather/weatherInfo,"{""date"": ""2026-06-08"", ""week"": ""1"", ""dayweather"": ""小雨"", ""nightweather"": ""阴"", ""daytemp"": ""19"", ""nighttemp"": ""15"", ""daywind"": ""东北"", ""nightwind"": ""东北"", ""daypower"": ""1-3"", ""nightpower"": ""1-3"", ""daytemp_float"": ""19.0"", ""nighttemp_float"": ""15.0""}"
SRC-E-001,2026-06-09,431226,村23,29.43765146718392,111.6821432185831,,26,17,,,https://restapi.amap.com/v3/weather/weatherInfo,"{""date"": ""2026-06-09"", ""week"": ""2"", ""dayweather"": ""多云"", ""nightweather"": ""多云"", ""daytemp"": ""26"", ""nighttemp"": ""17"", ""daywind"": ""北"", ""nightwind"": ""北"", ""daypower"": ""1-3"", ""nightpower"": ""1-3"", ""daytemp_float"": ""26.0"", ""nighttemp_float"": ""17.0""}"
SRC-E-001,2026-06-06,431226,村24,29.14164951253358,111.39591589767298,29,,,76,,https://restapi.amap.com/v3/weather/weatherInfo,"{""province"": ""湖南"", ""city"": ""麻阳苗族自治县"", ""adcode"": ""431226"", ""weather"": ""阴"", ""temperature"": ""29"", ""winddirection"": ""南"", ""windpower"": ""≤3"", ""humidity"": ""76"", ""reporttime"": ""2026-06-06 21:35:06"", ""temperature_float"": ""29.0"", ""humidity_float"": ""76.0""}"
SRC-E-001,2026-06-06,431226,村24,29.14164951253358,111.39591589767298,,34,23,,,https://restapi.amap.com/v3/weather/weatherInfo,"{""date"": ""2026-06-06"", ""week"": ""6"", ""dayweather"": ""多云"", ""nightweather"": ""中雨"", ""daytemp"": ""34"", ""nighttemp"": ""23"", ""daywind"": ""东"", ""nightwind"": ""东"", ""daypower"": ""1-3"", ""nightpower"": ""1-3"", ""daytemp_float"": ""34.0"", ""nighttemp_float"": ""23.0""}"
SRC-E-001,2026-06-07,431226,村24,29.14164951253358,111.39591589767298,,27,15,,,https://restapi.amap.com/v3/weather/weatherInfo,"{""date"": ""2026-06-07"", ""week"": ""7"", ""dayweather"": ""大雨"", ""nightweather"": ""中雨"", ""daytemp"": ""27"", ""nighttemp"": ""15"", ""daywind"": ""东北"", ""nightwind"": ""东北"", ""daypower"": ""1-3"", ""nightpower"": ""1-3"", ""daytemp_float"": ""27.0"", ""nighttemp_float"": ""15.0""}"
SRC-E-001,2026-06-08,431226,村24,29.14164951253358,111.39591589767298,,19,15,,,https://restapi.amap.com/v3/weather/weatherInfo,"{""date"": ""2026-06-08"", ""week"": ""1"", ""dayweather"": ""小雨"", ""nightweather"": ""阴"", ""daytemp"": ""19"", ""nighttemp"": ""15"", ""daywind"": ""东北"", ""nightwind"": ""东北"", ""daypower"": ""1-3"", ""nightpower"": ""1-3"", ""daytemp_float"": ""19.0"", ""nighttemp_float"": ""15.0""}"
SRC-E-001,2026-06-09,431226,村24,29.14164951253358,111.39591589767298,,26,17,,,https://restapi.amap.com/v3/weather/weatherInfo,"{""date"": ""2026-06-09"", ""week"": ""2"", ""dayweather"": ""多云"", ""nightweather"": ""多云"", ""daytemp"": ""26"", ""nighttemp"": ""17"", ""daywind"": ""北"", ""nightwind"": ""北"", ""daypower"": ""1-3"", ""nightpower"": ""1-3"", ""daytemp_float"": ""26.0"", ""nighttemp_float"": ""17.0""}"
SRC-E-001,2026-06-06,431226,村25,29.487708437924706,111.88929569226298,29,,,76,,https://restapi.amap.com/v3/weather/weatherInfo,"{""province"": ""湖南"", ""city"": ""麻阳苗族自治县"", ""adcode"": ""431226"", ""weather"": ""阴"", ""temperature"": ""29"", ""winddirection"": ""南"", ""windpower"": ""≤3"", ""humidity"": ""76"", ""reporttime"": ""2026-06-06 21:35:06"", ""temperature_float"": ""29.0"", ""humidity_float"": ""76.0""}"
SRC-E-001,2026-06-06,431226,村25,29.487708437924706,111.88929569226298,,34,23,,,https://restapi.amap.com/v3/weather/weatherInfo,"{""date"": ""2026-06-06"", ""week"": ""6"", ""dayweather"": ""多云"", ""nightweather"": ""中雨"", ""daytemp"": ""34"", ""nighttemp"": ""23"", ""daywind"": ""东"", ""nightwind"": ""东"", ""daypower"": ""1-3"", ""nightpower"": ""1-3"", ""daytemp_float"": ""34.0"", ""nighttemp_float"": ""23.0""}"
SRC-E-001,2026-06-07,431226,村25,29.487708437924706,111.88929569226298,,27,15,,,https://restapi.amap.com/v3/weather/weatherInfo,"{""date"": ""2026-06-07"", ""week"": ""7"", ""dayweather"": ""大雨"", ""nightweather"": ""中雨"", ""daytemp"": ""27"", ""nighttemp"": ""15"", ""daywind"": ""东北"", ""nightwind"": ""东北"", ""daypower"": ""1-3"", ""nightpower"": ""1-3"", ""daytemp_float"": ""27.0"", ""nighttemp_float"": ""15.0""}"
SRC-E-001,2026-06-08,431226,村25,29.487708437924706,111.88929569226298,,19,15,,,https://restapi.amap.com/v3/weather/weatherInfo,"{""date"": ""2026-06-08"", ""week"": ""1"", ""dayweather"": ""小雨"", ""nightweather"": ""阴"", ""daytemp"": ""19"", ""nighttemp"": ""15"", ""daywind"": ""东北"", ""nightwind"": ""东北"", ""daypower"": ""1-3"", ""nightpower"": ""1-3"", ""daytemp_float"": ""19.0"", ""nighttemp_float"": ""15.0""}"
SRC-E-001,2026-06-09,431226,村25,29.487708437924706,111.88929569226298,,26,17,,,https://restapi.amap.com/v3/weather/weatherInfo,"{""date"": ""2026-06-09"", ""week"": ""2"", ""dayweather"": ""多云"", ""nightweather"": ""多云"", ""daytemp"": ""26"", ""nighttemp"": ""17"", ""daywind"": ""北"", ""nightwind"": ""北"", ""daypower"": ""1-3"", ""nightpower"": ""1-3"", ""daytemp_float"": ""26.0"", ""nighttemp_float"": ""17.0""}"
SRC-E-001,2026-06-06,431226,村26,29.455844664474863,111.78682376860873,29,,,76,,https://restapi.amap.com/v3/weather/weatherInfo,"{""province"": ""湖南"", ""city"": ""麻阳苗族自治县"", ""adcode"": ""431226"", ""weather"": ""阴"", ""temperature"": ""29"", ""winddirection"": ""南"", ""windpower"": ""≤3"", ""humidity"": ""76"", ""reporttime"": ""2026-06-06 21:35:06"", ""temperature_float"": ""29.0"", ""humidity_float"": ""76.0""}"
SRC-E-001,2026-06-06,431226,村26,29.455844664474863,111.78682376860873,,34,23,,,https://restapi.amap.com/v3/weather/weatherInfo,"{""date"": ""2026-06-06"", ""week"": ""6"", ""dayweather"": ""多云"", ""nightweather"": ""中雨"", ""daytemp"": ""34"", ""nighttemp"": ""23"", ""daywind"": ""东"", ""nightwind"": ""东"", ""daypower"": ""1-3"", ""nightpower"": ""1-3"", ""daytemp_float"": ""34.0"", ""nighttemp_float"": ""23.0""}"
SRC-E-001,2026-06-07,431226,村26,29.455844664474863,111.78682376860873,,27,15,,,https://restapi.amap.com/v3/weather/weatherInfo,"{""date"": ""2026-06-07"", ""week"": ""7"", ""dayweather"": ""大雨"", ""nightweather"": ""中雨"", ""daytemp"": ""27"", ""nighttemp"": ""15"", ""daywind"": ""东北"", ""nightwind"": ""东北"", ""daypower"": ""1-3"", ""nightpower"": ""1-3"", ""daytemp_float"": ""27.0"", ""nighttemp_float"": ""15.0""}"
SRC-E-001,2026-06-08,431226,村26,29.455844664474863,111.78682376860873,,19,15,,,https://restapi.amap.com/v3/weather/weatherInfo,"{""date"": ""2026-06-08"", ""week"": ""1"", ""dayweather"": ""小雨"", ""nightweather"": ""阴"", ""daytemp"": ""19"", ""nighttemp"": ""15"", ""daywind"": ""东北"", ""nightwind"": ""东北"", ""daypower"": ""1-3"", ""nightpower"": ""1-3"", ""daytemp_float"": ""19.0"", ""nighttemp_float"": ""15.0""}"
SRC-E-001,2026-06-09,431226,村26,29.455844664474863,111.78682376860873,,26,17,,,https://restapi.amap.com/v3/weather/weatherInfo,"{""date"": ""2026-06-09"", ""week"": ""2"", ""dayweather"": ""多云"", ""nightweather"": ""多云"", ""daytemp"": ""26"", ""nighttemp"": ""17"", ""daywind"": ""北"", ""nightwind"": ""北"", ""daypower"": ""1-3"", ""nightpower"": ""1-3"", ""daytemp_float"": ""26.0"", ""nighttemp_float"": ""17.0""}"
SRC-E-001,2026-06-06,431226,村27,29.20662405197739,111.42921480831988,29,,,76,,https://restapi.amap.com/v3/weather/weatherInfo,"{""province"": ""湖南"", ""city"": ""麻阳苗族自治县"", ""adcode"": ""431226"", ""weather"": ""阴"", ""temperature"": ""29"", ""winddirection"": ""南"", ""windpower"": ""≤3"", ""humidity"": ""76"", ""reporttime"": ""2026-06-06 21:35:06"", ""temperature_float"": ""29.0"", ""humidity_float"": ""76.0""}"
SRC-E-001,2026-06-06,431226,村27,29.20662405197739,111.42921480831988,,34,23,,,https://restapi.amap.com/v3/weather/weatherInfo,"{""date"": ""2026-06-06"", ""week"": ""6"", ""dayweather"": ""多云"", ""nightweather"": ""中雨"", ""daytemp"": ""34"", ""nighttemp"": ""23"", ""daywind"": ""东"", ""nightwind"": ""东"", ""daypower"": ""1-3"", ""nightpower"": ""1-3"", ""daytemp_float"": ""34.0"", ""nighttemp_float"": ""23.0""}"
SRC-E-001,2026-06-07,431226,村27,29.20662405197739,111.42921480831988,,27,15,,,https://restapi.amap.com/v3/weather/weatherInfo,"{""date"": ""2026-06-07"", ""week"": ""7"", ""dayweather"": ""大雨"", ""nightweather"": ""中雨"", ""daytemp"": ""27"", ""nighttemp"": ""15"", ""daywind"": ""东北"", ""nightwind"": ""东北"", ""daypower"": ""1-3"", ""nightpower"": ""1-3"", ""daytemp_float"": ""27.0"", ""nighttemp_float"": ""15.0""}"
SRC-E-001,2026-06-08,431226,村27,29.20662405197739,111.42921480831988,,19,15,,,https://restapi.amap.com/v3/weather/weatherInfo,"{""date"": ""2026-06-08"", ""week"": ""1"", ""dayweather"": ""小雨"", ""nightweather"": ""阴"", ""daytemp"": ""19"", ""nighttemp"": ""15"", ""daywind"": ""东北"", ""nightwind"": ""东北"", ""daypower"": ""1-3"", ""nightpower"": ""1-3"", ""daytemp_float"": ""19.0"", ""nighttemp_float"": ""15.0""}"
SRC-E-001,2026-06-09,431226,村27,29.20662405197739,111.42921480831988,,26,17,,,https://restapi.amap.com/v3/weather/weatherInfo,"{""date"": ""2026-06-09"", ""week"": ""2"", ""dayweather"": ""多云"", ""nightweather"": ""多云"", ""daytemp"": ""26"", ""nighttemp"": ""17"", ""daywind"": ""北"", ""nightwind"": ""北"", ""daypower"": ""1-3"", ""nightpower"": ""1-3"", ""daytemp_float"": ""26.0"", ""nighttemp_float"": ""17.0""}"
SRC-E-001,2026-06-06,431226,村28,28.963270263142288,111.68967444663943,29,,,76,,https://restapi.amap.com/v3/weather/weatherInfo,"{""province"": ""湖南"", ""city"": ""麻阳苗族自治县"", ""adcode"": ""431226"", ""weather"": ""阴"", ""temperature"": ""29"", ""winddirection"": ""南"", ""windpower"": ""≤3"", ""humidity"": ""76"", ""reporttime"": ""2026-06-06 21:35:06"", ""temperature_float"": ""29.0"", ""humidity_float"": ""76.0""}"
SRC-E-001,2026-06-06,431226,村28,28.963270263142288,111.68967444663943,,34,23,,,https://restapi.amap.com/v3/weather/weatherInfo,"{""date"": ""2026-06-06"", ""week"": ""6"", ""dayweather"": ""多云"", ""nightweather"": ""中雨"", ""daytemp"": ""34"", ""nighttemp"": ""23"", ""daywind"": ""东"", ""nightwind"": ""东"", ""daypower"": ""1-3"", ""nightpower"": ""1-3"", ""daytemp_float"": ""34.0"", ""nighttemp_float"": ""23.0""}"
SRC-E-001,2026-06-07,431226,村28,28.963270263142288,111.68967444663943,,27,15,,,https://restapi.amap.com/v3/weather/weatherInfo,"{""date"": ""2026-06-07"", ""week"": ""7"", ""dayweather"": ""大雨"", ""nightweather"": ""中雨"", ""daytemp"": ""27"", ""nighttemp"": ""15"", ""daywind"": ""东北"", ""nightwind"": ""东北"", ""daypower"": ""1-3"", ""nightpower"": ""1-3"", ""daytemp_float"": ""27.0"", ""nighttemp_float"": ""15.0""}"
SRC-E-001,2026-06-08,431226,村28,28.963270263142288,111.68967444663943,,19,15,,,https://restapi.amap.com/v3/weather/weatherInfo,"{""date"": ""2026-06-08"", ""week"": ""1"", ""dayweather"": ""小雨"", ""nightweather"": ""阴"", ""daytemp"": ""19"", ""nighttemp"": ""15"", ""daywind"": ""东北"", ""nightwind"": ""东北"", ""daypower"": ""1-3"", ""nightpower"": ""1-3"", ""daytemp_float"": ""19.0"", ""nighttemp_float"": ""15.0""}"
SRC-E-001,2026-06-09,431226,村28,28.963270263142288,111.68967444663943,,26,17,,,https://restapi.amap.com/v3/weather/weatherInfo,"{""date"": ""2026-06-09"", ""week"": ""2"", ""dayweather"": ""多云"", ""nightweather"": ""多云"", ""daytemp"": ""26"", ""nighttemp"": ""17"", ""daywind"": ""北"", ""nightwind"": ""北"", ""daypower"": ""1-3"", ""nightpower"": ""1-3"", ""daytemp_float"": ""26.0"", ""nighttemp_float"": ""17.0""}"
SRC-E-001,2026-06-06,431226,村29,29.502750190481976,111.58938827704044,29,,,76,,https://restapi.amap.com/v3/weather/weatherInfo,"{""province"": ""湖南"", ""city"": ""麻阳苗族自治县"", ""adcode"": ""431226"", ""weather"": ""阴"", ""temperature"": ""29"", ""winddirection"": ""南"", ""windpower"": ""≤3"", ""humidity"": ""76"", ""reporttime"": ""2026-06-06 21:35:06"", ""temperature_float"": ""29.0"", ""humidity_float"": ""76.0""}"
SRC-E-001,2026-06-06,431226,村29,29.502750190481976,111.58938827704044,,34,23,,,https://restapi.amap.com/v3/weather/weatherInfo,"{""date"": ""2026-06-06"", ""week"": ""6"", ""dayweather"": ""多云"", ""nightweather"": ""中雨"", ""daytemp"": ""34"", ""nighttemp"": ""23"", ""daywind"": ""东"", ""nightwind"": ""东"", ""daypower"": ""1-3"", ""nightpower"": ""1-3"", ""daytemp_float"": ""34.0"", ""nighttemp_float"": ""23.0""}"
SRC-E-001,2026-06-07,431226,村29,29.502750190481976,111.58938827704044,,27,15,,,https://restapi.amap.com/v3/weather/weatherInfo,"{""date"": ""2026-06-07"", ""week"": ""7"", ""dayweather"": ""大雨"", ""nightweather"": ""中雨"", ""daytemp"": ""27"", ""nighttemp"": ""15"", ""daywind"": ""东北"", ""nightwind"": ""东北"", ""daypower"": ""1-3"", ""nightpower"": ""1-3"", ""daytemp_float"": ""27.0"", ""nighttemp_float"": ""15.0""}"
SRC-E-001,2026-06-08,431226,村29,29.502750190481976,111.58938827704044,,19,15,,,https://restapi.amap.com/v3/weather/weatherInfo,"{""date"": ""2026-06-08"", ""week"": ""1"", ""dayweather"": ""小雨"", ""nightweather"": ""阴"", ""daytemp"": ""19"", ""nighttemp"": ""15"", ""daywind"": ""东北"", ""nightwind"": ""东北"", ""daypower"": ""1-3"", ""nightpower"": ""1-3"", ""daytemp_float"": ""19.0"", ""nighttemp_float"": ""15.0""}"
SRC-E-001,2026-06-09,431226,村29,29.502750190481976,111.58938827704044,,26,17,,,https://restapi.amap.com/v3/weather/weatherInfo,"{""date"": ""2026-06-09"", ""week"": ""2"", ""dayweather"": ""多云"", ""nightweather"": ""多云"", ""daytemp"": ""26"", ""nighttemp"": ""17"", ""daywind"": ""北"", ""nightwind"": ""北"", ""daypower"": ""1-3"", ""nightpower"": ""1-3"", ""daytemp_float"": ""26.0"", ""nighttemp_float"": ""17.0""}"
SRC-E-001,2026-06-06,431226,村30,29.04077881699247,112.01975489462286,29,,,76,,https://restapi.amap.com/v3/weather/weatherInfo,"{""province"": ""湖南"", ""city"": ""麻阳苗族自治县"", ""adcode"": ""431226"", ""weather"": ""阴"", ""temperature"": ""29"", ""winddirection"": ""南"", ""windpower"": ""≤3"", ""humidity"": ""76"", ""reporttime"": ""2026-06-06 21:35:06"", ""temperature_float"": ""29.0"", ""humidity_float"": ""76.0""}"
SRC-E-001,2026-06-06,431226,村30,29.04077881699247,112.01975489462286,,34,23,,,https://restapi.amap.com/v3/weather/weatherInfo,"{""date"": ""2026-06-06"", ""week"": ""6"", ""dayweather"": ""多云"", ""nightweather"": ""中雨"", ""daytemp"": ""34"", ""nighttemp"": ""23"", ""daywind"": ""东"", ""nightwind"": ""东"", ""daypower"": ""1-3"", ""nightpower"": ""1-3"", ""daytemp_float"": ""34.0"", ""nighttemp_float"": ""23.0""}"
SRC-E-001,2026-06-07,431226,村30,29.04077881699247,112.01975489462286,,27,15,,,https://restapi.amap.com/v3/weather/weatherInfo,"{""date"": ""2026-06-07"", ""week"": ""7"", ""dayweather"": ""大雨"", ""nightweather"": ""中雨"", ""daytemp"": ""27"", ""nighttemp"": ""15"", ""daywind"": ""东北"", ""nightwind"": ""东北"", ""daypower"": ""1-3"", ""nightpower"": ""1-3"", ""daytemp_float"": ""27.0"", ""nighttemp_float"": ""15.0""}"
SRC-E-001,2026-06-08,431226,村30,29.04077881699247,112.01975489462286,,19,15,,,https://restapi.amap.com/v3/weather/weatherInfo,"{""date"": ""2026-06-08"", ""week"": ""1"", ""dayweather"": ""小雨"", ""nightweather"": ""阴"", ""daytemp"": ""19"", ""nighttemp"": ""15"", ""daywind"": ""东北"", ""nightwind"": ""东北"", ""daypower"": ""1-3"", ""nightpower"": ""1-3"", ""daytemp_float"": ""19.0"", ""nighttemp_float"": ""15.0""}"
SRC-E-001,2026-06-09,431226,村30,29.04077881699247,112.01975489462286,,26,17,,,https://restapi.amap.com/v3/weather/weatherInfo,"{""date"": ""2026-06-09"", ""week"": ""2"", ""dayweather"": ""多云"", ""nightweather"": ""多云"", ""daytemp"": ""26"", ""nighttemp"": ""17"", ""daywind"": ""北"", ""nightwind"": ""北"", ""daypower"": ""1-3"", ""nightpower"": ""1-3"", ""daytemp_float"": ""26.0"", ""nighttemp_float"": ""17.0""}"
