study,number,state,value,param_xgb_n_estimators,param_xgb_max_depth,param_xgb_learning_rate,param_xgb_subsample,param_xgb_colsample_bytree,param_xgb_reg_lambda,param_xgb_min_child_weight,param_gurobi_MIPFocus,param_gurobi_Cuts,param_gurobi_Heuristics,param_gurobi_Presolve,param_top_k,param_warm_strategy,attr_elapsed_sec,attr_gap_pct,attr_objective,attr_objective_consistent,attr_objective_delta_pct,attr_solved_to_tol,attr_solver_params,attr_speedup_vs_cold,attr_strategy_name,attr_top_sites,attr_warm_facilities,attr_warm_strategy_label,attr_xgb_params,value_0_elapsed_or_penalty,value_1_gap_pct
ai_warmstart_single_objective,0,COMPLETE,55.04,104,5,0.0651849219038561,0.9499492357536414,0.9689838554937407,2.3016207123285986,4,1,2,0.26750737150583126,1,6,site_type_capacity,55.04,0.0,4433112.274860297,True,2.10083236532697e-14,True,"{'MIPFocus': 1, 'Cuts': 2, 'Heuristics': 0.26750737150583126, 'Presolve': 1}",3.2714,site_ranking + site_history_or_nearest_neighbor_type_capacity,"['T4', 'C1', 'T6', 'T5', 'T7', 'V21']","[{'site': 'T4', 'type': 'cold', 'capacity_idx': 2, 'capacity': 50, 'site_rank': 1, 'score': 0.979015, 'assignment_source': 'site_history', 'matched_site': 'T4'}, {'site': 'C1', 'type': 'precool', 'capacity_idx': 0, 'capacity': 5, 'site_rank': 2, 'score': 0.978531, 'assignment_source': 'site_history', 'matched_site': 'C1'}, {'site': 'T6', 'type': 'frozen', 'capacity_idx': 0, 'capacity': 20, 'site_rank': 3, 'score': 0.971239, 'assignment_source': 'site_history', 'matched_site': 'T6'}, {'site': 'T5', 'type': 'frozen', 'capacity_idx': 0, 'capacity': 20, 'site_rank': 4, 'score': 0.806687, 'assignment_source': 'site_history', 'matched_site': 'T5'}, {'site': 'T7', 'type': 'ca', 'capacity_idx': 1, 'capacity': 30, 'site_rank': 5, 'score': 0.79031, 'assignment_source': 'site_history', 'matched_site': 'T7'}, {'site': 'V21', 'type': 'cold', 'capacity_idx': 2, 'capacity': 50, 'site_rank': 6, 'score': 0.588841, 'assignment_source': 'site_history', 'matched_site': 'V21'}]",V3 site + type + capacity,"{'n_estimators': 104, 'max_depth': 5, 'learning_rate': 0.0651849219038561, 'subsample': 0.9499492357536414, 'colsample_bytree': 0.9689838554937407, 'reg_lambda': 2.3016207123285986, 'min_child_weight': 4, 'n_jobs': 1, 'verbosity': 0}",,
ai_warmstart_single_objective,1,COMPLETE,460.04,173,2,0.19902422340502043,0.7621448425509666,0.8619479385846096,3.7424011323188013,1,1,1,0.49433353316427925,1,4,site_type_capacity,180.04,1.7605,4433112.277995003,True,7.071116028488897e-08,False,"{'MIPFocus': 1, 'Cuts': 1, 'Heuristics': 0.49433353316427925, 'Presolve': 1}",1.0001,site_ranking + site_history_or_nearest_neighbor_type_capacity,"['T4', 'C1', 'T6', 'T7']","[{'site': 'T4', 'type': 'cold', 'capacity_idx': 2, 'capacity': 50, 'site_rank': 1, 'score': 0.999363, 'assignment_source': 'site_history', 'matched_site': 'T4'}, {'site': 'C1', 'type': 'precool', 'capacity_idx': 0, 'capacity': 5, 'site_rank': 2, 'score': 0.999012, 'assignment_source': 'site_history', 'matched_site': 'C1'}, {'site': 'T6', 'type': 'frozen', 'capacity_idx': 0, 'capacity': 20, 'site_rank': 3, 'score': 0.996831, 'assignment_source': 'site_history', 'matched_site': 'T6'}, {'site': 'T7', 'type': 'ca', 'capacity_idx': 1, 'capacity': 30, 'site_rank': 4, 'score': 0.827328, 'assignment_source': 'site_history', 'matched_site': 'T7'}]",V3 site + type + capacity,"{'n_estimators': 173, 'max_depth': 2, 'learning_rate': 0.19902422340502043, 'subsample': 0.7621448425509666, 'colsample_bytree': 0.8619479385846096, 'reg_lambda': 3.7424011323188013, 'min_child_weight': 1, 'n_jobs': 1, 'verbosity': 0}",,
ai_warmstart_single_objective,2,COMPLETE,460.05,49,4,0.12684002528989358,0.9636450778607867,0.9495713935144263,0.37501711294495793,4,2,0,0.26616153198702913,2,10,site_type_capacity,180.05,1.7321,4433112.272569597,True,5.167253504070253e-08,False,"{'MIPFocus': 2, 'Cuts': 0, 'Heuristics': 0.26616153198702913, 'Presolve': 2}",1.0001,site_ranking + site_history_or_nearest_neighbor_type_capacity,"['T4', 'C1', 'T6', 'T5', 'T7', 'T8', 'T2', 'V10', 'V21', 'V14']","[{'site': 'T4', 'type': 'cold', 'capacity_idx': 2, 'capacity': 50, 'site_rank': 1, 'score': 0.986184, 'assignment_source': 'site_history', 'matched_site': 'T4'}, {'site': 'C1', 'type': 'precool', 'capacity_idx': 0, 'capacity': 5, 'site_rank': 2, 'score': 0.984539, 'assignment_source': 'site_history', 'matched_site': 'C1'}, {'site': 'T6', 'type': 'frozen', 'capacity_idx': 0, 'capacity': 20, 'site_rank': 3, 'score': 0.976669, 'assignment_source': 'site_history', 'matched_site': 'T6'}, {'site': 'T5', 'type': 'frozen', 'capacity_idx': 0, 'capacity': 20, 'site_rank': 4, 'score': 0.809865, 'assignment_source': 'site_history', 'matched_site': 'T5'}, {'site': 'T7', 'type': 'ca', 'capacity_idx': 1, 'capacity': 30, 'site_rank': 5, 'score': 0.77266, 'assignment_source': 'site_history', 'matched_site': 'T7'}, {'site': 'T8', 'type': 'cold', 'capacity_idx': 0, 'capacity': 10, 'site_rank': 6, 'score': 0.579793, 'assignment_source': 'site_history', 'matched_site': 'T8'}, {'site': 'T2', 'type': 'frozen', 'capacity_idx': 1, 'capacity': 50, 'site_rank': 7, 'score': 0.575919, 'assignment_source': 'site_history', 'matched_site': 'T2'}, {'site': 'V10', 'type': 'cold', 'capacity_idx': 2, 'capacity': 50, 'site_rank': 8, 'score': 0.566981, 'assignment_source': 'site_history', 'matched_site': 'V10'}, {'site': 'V21', 'type': 'cold', 'capacity_idx': 2, 'capacity': 50, 'site_rank': 9, 'score': 0.55606, 'assignment_source': 'site_history', 'matched_site': 'V21'}, {'site': 'V14', 'type': 'frozen', 'capacity_idx': 2, 'capacity': 100, 'site_rank': 10, 'score': 0.482473, 'assignment_source': 'site_history', 'matched_site': 'V14'}]",V3 site + type + capacity,"{'n_estimators': 49, 'max_depth': 4, 'learning_rate': 0.12684002528989358, 'subsample': 0.9636450778607867, 'colsample_bytree': 0.9495713935144263, 'reg_lambda': 0.37501711294495793, 'min_child_weight': 4, 'n_jobs': 1, 'verbosity': 0}",,
ai_warmstart_single_objective,3,COMPLETE,49.4,66,3,0.238712196869022,0.9500303184436989,0.7205318899470458,0.47588546158440054,8,1,2,0.0997194154142845,1,8,site_only,49.4,0.0,4433112.274860297,True,2.10083236532697e-14,True,"{'MIPFocus': 1, 'Cuts': 2, 'Heuristics': 0.0997194154142845, 'Presolve': 1}",3.6449,site_ranking + default_type_capacity_fallback,"['C1', 'T6', 'T4', 'T5', 'T7', 'T2', 'V21', 'T8']","[{'site': 'C1', 'type': 'cold', 'capacity_idx': 1, 'capacity': 30, 'assignment_source': 'default_site_only_fallback', 'matched_site': None}, {'site': 'T6', 'type': 'cold', 'capacity_idx': 1, 'capacity': 30, 'assignment_source': 'default_site_only_fallback', 'matched_site': None}, {'site': 'T4', 'type': 'cold', 'capacity_idx': 1, 'capacity': 30, 'assignment_source': 'default_site_only_fallback', 'matched_site': None}, {'site': 'T5', 'type': 'cold', 'capacity_idx': 1, 'capacity': 30, 'assignment_source': 'default_site_only_fallback', 'matched_site': None}, {'site': 'T7', 'type': 'cold', 'capacity_idx': 1, 'capacity': 30, 'assignment_source': 'default_site_only_fallback', 'matched_site': None}, {'site': 'T2', 'type': 'cold', 'capacity_idx': 1, 'capacity': 30, 'assignment_source': 'default_site_only_fallback', 'matched_site': None}, {'site': 'V21', 'type': 'cold', 'capacity_idx': 1, 'capacity': 30, 'assignment_source': 'default_site_only_fallback', 'matched_site': None}, {'site': 'T8', 'type': 'cold', 'capacity_idx': 1, 'capacity': 30, 'assignment_source': 'default_site_only_fallback', 'matched_site': None}]",V1 site-only,"{'n_estimators': 66, 'max_depth': 3, 'learning_rate': 0.238712196869022, 'subsample': 0.9500303184436989, 'colsample_bytree': 0.7205318899470458, 'reg_lambda': 0.47588546158440054, 'min_child_weight': 8, 'n_jobs': 1, 'verbosity': 0}",,
ai_warmstart_single_objective,4,COMPLETE,460.02,144,2,0.03798549882886469,0.8138592003707016,0.8933965759349327,0.16530989574293042,6,1,1,0.31989481128262304,1,9,site_type_capacity,180.02,1.7153,4433112.273958844,True,2.0334565705385686e-08,False,"{'MIPFocus': 1, 'Cuts': 1, 'Heuristics': 0.31989481128262304, 'Presolve': 1}",1.0002,site_ranking + site_history_or_nearest_neighbor_type_capacity,"['C1', 'T6', 'T4', 'T5', 'T7', 'T8', 'V21', 'T2', 'V10']","[{'site': 'C1', 'type': 'precool', 'capacity_idx': 0, 'capacity': 5, 'site_rank': 1, 'score': 0.959155, 'assignment_source': 'site_history', 'matched_site': 'C1'}, {'site': 'T6', 'type': 'frozen', 'capacity_idx': 0, 'capacity': 20, 'site_rank': 2, 'score': 0.947311, 'assignment_source': 'site_history', 'matched_site': 'T6'}, {'site': 'T4', 'type': 'cold', 'capacity_idx': 2, 'capacity': 50, 'site_rank': 3, 'score': 0.942884, 'assignment_source': 'site_history', 'matched_site': 'T4'}, {'site': 'T5', 'type': 'frozen', 'capacity_idx': 0, 'capacity': 20, 'site_rank': 4, 'score': 0.817074, 'assignment_source': 'site_history', 'matched_site': 'T5'}, {'site': 'T7', 'type': 'ca', 'capacity_idx': 1, 'capacity': 30, 'site_rank': 5, 'score': 0.778701, 'assignment_source': 'site_history', 'matched_site': 'T7'}, {'site': 'T8', 'type': 'cold', 'capacity_idx': 0, 'capacity': 10, 'site_rank': 6, 'score': 0.635068, 'assignment_source': 'site_history', 'matched_site': 'T8'}, {'site': 'V21', 'type': 'cold', 'capacity_idx': 2, 'capacity': 50, 'site_rank': 7, 'score': 0.576477, 'assignment_source': 'site_history', 'matched_site': 'V21'}, {'site': 'T2', 'type': 'frozen', 'capacity_idx': 1, 'capacity': 50, 'site_rank': 8, 'score': 0.557214, 'assignment_source': 'site_history', 'matched_site': 'T2'}, {'site': 'V10', 'type': 'cold', 'capacity_idx': 2, 'capacity': 50, 'site_rank': 9, 'score': 0.383885, 'assignment_source': 'site_history', 'matched_site': 'V10'}]",V3 site + type + capacity,"{'n_estimators': 144, 'max_depth': 2, 'learning_rate': 0.03798549882886469, 'subsample': 0.8138592003707016, 'colsample_bytree': 0.8933965759349327, 'reg_lambda': 0.16530989574293042, 'min_child_weight': 6, 'n_jobs': 1, 'verbosity': 0}",,
ai_warmstart_single_objective,5,COMPLETE,460.08,157,4,0.06255572793242081,0.9506984389341351,0.769491488488667,0.7009637891218039,7,1,1,0.4921611097951667,1,9,site_type_capacity,180.08,1.7546,4433112.278903214,True,9.119814137837912e-08,False,"{'MIPFocus': 1, 'Cuts': 1, 'Heuristics': 0.4921611097951667, 'Presolve': 1}",0.9999,site_ranking + site_history_or_nearest_neighbor_type_capacity,"['T6', 'T4', 'C1', 'T5', 'T7', 'V21', 'T8', 'T2', 'V10']","[{'site': 'T6', 'type': 'frozen', 'capacity_idx': 0, 'capacity': 20, 'site_rank': 1, 'score': 0.956761, 'assignment_source': 'site_history', 'matched_site': 'T6'}, {'site': 'T4', 'type': 'cold', 'capacity_idx': 2, 'capacity': 50, 'site_rank': 2, 'score': 0.953896, 'assignment_source': 'site_history', 'matched_site': 'T4'}, {'site': 'C1', 'type': 'precool', 'capacity_idx': 0, 'capacity': 5, 'site_rank': 3, 'score': 0.952108, 'assignment_source': 'site_history', 'matched_site': 'C1'}, {'site': 'T5', 'type': 'frozen', 'capacity_idx': 0, 'capacity': 20, 'site_rank': 4, 'score': 0.868742, 'assignment_source': 'site_history', 'matched_site': 'T5'}, {'site': 'T7', 'type': 'ca', 'capacity_idx': 1, 'capacity': 30, 'site_rank': 5, 'score': 0.804526, 'assignment_source': 'site_history', 'matched_site': 'T7'}, {'site': 'V21', 'type': 'cold', 'capacity_idx': 2, 'capacity': 50, 'site_rank': 6, 'score': 0.591841, 'assignment_source': 'site_history', 'matched_site': 'V21'}, {'site': 'T8', 'type': 'cold', 'capacity_idx': 0, 'capacity': 10, 'site_rank': 7, 'score': 0.564052, 'assignment_source': 'site_history', 'matched_site': 'T8'}, {'site': 'T2', 'type': 'frozen', 'capacity_idx': 1, 'capacity': 50, 'site_rank': 8, 'score': 0.560139, 'assignment_source': 'site_history', 'matched_site': 'T2'}, {'site': 'V10', 'type': 'cold', 'capacity_idx': 2, 'capacity': 50, 'site_rank': 9, 'score': 0.426712, 'assignment_source': 'site_history', 'matched_site': 'V10'}]",V3 site + type + capacity,"{'n_estimators': 157, 'max_depth': 4, 'learning_rate': 0.06255572793242081, 'subsample': 0.9506984389341351, 'colsample_bytree': 0.769491488488667, 'reg_lambda': 0.7009637891218039, 'min_child_weight': 7, 'n_jobs': 1, 'verbosity': 0}",,
ai_warmstart_single_objective,6,COMPLETE,460.04,136,6,0.05186916706723513,0.7544751717970972,0.7381460427886517,0.2458808546157823,1,3,0,0.3155130736610683,2,10,site_only,180.04,1.7275,4433112.273568636,True,2.9136696174603584e-08,False,"{'MIPFocus': 3, 'Cuts': 0, 'Heuristics': 0.3155130736610683, 'Presolve': 2}",1.0001,site_ranking + default_type_capacity_fallback,"['C1', 'T4', 'T6', 'T7', 'T5', 'T2', 'T8', 'V21', 'V10', 'V14']","[{'site': 'C1', 'type': 'cold', 'capacity_idx': 1, 'capacity': 30, 'assignment_source': 'default_site_only_fallback', 'matched_site': None}, {'site': 'T4', 'type': 'cold', 'capacity_idx': 1, 'capacity': 30, 'assignment_source': 'default_site_only_fallback', 'matched_site': None}, {'site': 'T6', 'type': 'cold', 'capacity_idx': 1, 'capacity': 30, 'assignment_source': 'default_site_only_fallback', 'matched_site': None}, {'site': 'T7', 'type': 'cold', 'capacity_idx': 1, 'capacity': 30, 'assignment_source': 'default_site_only_fallback', 'matched_site': None}, {'site': 'T5', 'type': 'cold', 'capacity_idx': 1, 'capacity': 30, 'assignment_source': 'default_site_only_fallback', 'matched_site': None}, {'site': 'T2', 'type': 'cold', 'capacity_idx': 1, 'capacity': 30, 'assignment_source': 'default_site_only_fallback', 'matched_site': None}, {'site': 'T8', 'type': 'cold', 'capacity_idx': 1, 'capacity': 30, 'assignment_source': 'default_site_only_fallback', 'matched_site': None}, {'site': 'V21', 'type': 'cold', 'capacity_idx': 1, 'capacity': 30, 'assignment_source': 'default_site_only_fallback', 'matched_site': None}, {'site': 'V10', 'type': 'cold', 'capacity_idx': 1, 'capacity': 30, 'assignment_source': 'default_site_only_fallback', 'matched_site': None}, {'site': 'V14', 'type': 'cold', 'capacity_idx': 1, 'capacity': 30, 'assignment_source': 'default_site_only_fallback', 'matched_site': None}]",V1 site-only,"{'n_estimators': 136, 'max_depth': 6, 'learning_rate': 0.05186916706723513, 'subsample': 0.7544751717970972, 'colsample_bytree': 0.7381460427886517, 'reg_lambda': 0.2458808546157823, 'min_child_weight': 1, 'n_jobs': 1, 'verbosity': 0}",,
ai_warmstart_single_objective,7,COMPLETE,460.08,90,4,0.02212721160842417,0.9932191493448755,0.8667673498326979,0.11350468430221386,2,1,1,0.25973458937342137,1,7,site_only,180.08,1.7193,4433112.274860297,True,2.10083236532697e-14,False,"{'MIPFocus': 1, 'Cuts': 1, 'Heuristics': 0.25973458937342137, 'Presolve': 1}",0.9999,site_ranking + default_type_capacity_fallback,"['T4', 'T6', 'C1', 'T5', 'T7', 'T8', 'T2']","[{'site': 'T4', 'type': 'cold', 'capacity_idx': 1, 'capacity': 30, 'assignment_source': 'default_site_only_fallback', 'matched_site': None}, {'site': 'T6', 'type': 'cold', 'capacity_idx': 1, 'capacity': 30, 'assignment_source': 'default_site_only_fallback', 'matched_site': None}, {'site': 'C1', 'type': 'cold', 'capacity_idx': 1, 'capacity': 30, 'assignment_source': 'default_site_only_fallback', 'matched_site': None}, {'site': 'T5', 'type': 'cold', 'capacity_idx': 1, 'capacity': 30, 'assignment_source': 'default_site_only_fallback', 'matched_site': None}, {'site': 'T7', 'type': 'cold', 'capacity_idx': 1, 'capacity': 30, 'assignment_source': 'default_site_only_fallback', 'matched_site': None}, {'site': 'T8', 'type': 'cold', 'capacity_idx': 1, 'capacity': 30, 'assignment_source': 'default_site_only_fallback', 'matched_site': None}, {'site': 'T2', 'type': 'cold', 'capacity_idx': 1, 'capacity': 30, 'assignment_source': 'default_site_only_fallback', 'matched_site': None}]",V1 site-only,"{'n_estimators': 90, 'max_depth': 4, 'learning_rate': 0.02212721160842417, 'subsample': 0.9932191493448755, 'colsample_bytree': 0.8667673498326979, 'reg_lambda': 0.11350468430221386, 'min_child_weight': 2, 'n_jobs': 1, 'verbosity': 0}",,
ai_warmstart_single_objective,8,COMPLETE,460.05,183,2,0.03151912467217221,0.7094857303885544,0.9257949498580883,0.3294293322182631,8,3,1,0.34241491558853965,2,4,site_type_capacity,180.05,1.7374,4433112.276021604,True,2.6196182121179078e-08,False,"{'MIPFocus': 3, 'Cuts': 1, 'Heuristics': 0.34241491558853965, 'Presolve': 2}",1.0001,site_ranking + site_history_or_nearest_neighbor_type_capacity,"['C1', 'T4', 'T6', 'T5']","[{'site': 'C1', 'type': 'precool', 'capacity_idx': 0, 'capacity': 5, 'site_rank': 1, 'score': 0.902382, 'assignment_source': 'site_history', 'matched_site': 'C1'}, {'site': 'T4', 'type': 'cold', 'capacity_idx': 2, 'capacity': 50, 'site_rank': 2, 'score': 0.897674, 'assignment_source': 'site_history', 'matched_site': 'T4'}, {'site': 'T6', 'type': 'frozen', 'capacity_idx': 0, 'capacity': 20, 'site_rank': 3, 'score': 0.897586, 'assignment_source': 'site_history', 'matched_site': 'T6'}, {'site': 'T5', 'type': 'frozen', 'capacity_idx': 0, 'capacity': 20, 'site_rank': 4, 'score': 0.851573, 'assignment_source': 'site_history', 'matched_site': 'T5'}]",V3 site + type + capacity,"{'n_estimators': 183, 'max_depth': 2, 'learning_rate': 0.03151912467217221, 'subsample': 0.7094857303885544, 'colsample_bytree': 0.9257949498580883, 'reg_lambda': 0.3294293322182631, 'min_child_weight': 8, 'n_jobs': 1, 'verbosity': 0}",,
ai_warmstart_single_objective,9,COMPLETE,460.03,53,6,0.06316675647526461,0.8993630617891928,0.9104903788992266,0.5763261744098234,8,3,1,0.2353196462523408,1,6,site_type,180.03,1.6774,4433112.274860297,True,2.10083236532697e-14,False,"{'MIPFocus': 3, 'Cuts': 1, 'Heuristics': 0.2353196462523408, 'Presolve': 1}",1.0002,site_ranking + site_history_or_nearest_neighbor_type + default_capacity,"['C1', 'T4', 'T6', 'T5', 'T7', 'T8']","[{'site': 'C1', 'type': 'precool', 'capacity_idx': 1, 'capacity': 10, 'site_rank': 1, 'score': 0.9201, 'assignment_source': 'site_history_type', 'matched_site': 'C1'}, {'site': 'T4', 'type': 'ca', 'capacity_idx': 1, 'capacity': 30, 'site_rank': 2, 'score': 0.909775, 'assignment_source': 'site_history_type', 'matched_site': 'T4'}, {'site': 'T6', 'type': 'frozen', 'capacity_idx': 1, 'capacity': 50, 'site_rank': 3, 'score': 0.895468, 'assignment_source': 'site_history_type', 'matched_site': 'T6'}, {'site': 'T5', 'type': 'frozen', 'capacity_idx': 1, 'capacity': 50, 'site_rank': 4, 'score': 0.795484, 'assignment_source': 'site_history_type', 'matched_site': 'T5'}, {'site': 'T7', 'type': 'ca', 'capacity_idx': 1, 'capacity': 30, 'site_rank': 5, 'score': 0.782676, 'assignment_source': 'site_history_type', 'matched_site': 'T7'}, {'site': 'T8', 'type': 'cold', 'capacity_idx': 1, 'capacity': 30, 'site_rank': 6, 'score': 0.708189, 'assignment_source': 'site_history_type', 'matched_site': 'T8'}]",V2 site + type,"{'n_estimators': 53, 'max_depth': 6, 'learning_rate': 0.06316675647526461, 'subsample': 0.8993630617891928, 'colsample_bytree': 0.9104903788992266, 'reg_lambda': 0.5763261744098234, 'min_child_weight': 8, 'n_jobs': 1, 'verbosity': 0}",,
ai_warmstart_single_objective,10,COMPLETE,66.63,198,3,0.2807899650466893,0.8667035457228466,0.7065282532185991,8.478681544447825,5,2,2,0.07870432520583139,2,7,site_only,66.63,0.0,4433112.274860297,True,2.10083236532697e-14,True,"{'MIPFocus': 2, 'Cuts': 2, 'Heuristics': 0.07870432520583139, 'Presolve': 2}",2.7024,site_ranking + default_type_capacity_fallback,"['C1', 'T4', 'T6', 'T5', 'T7', 'V21', 'V10']","[{'site': 'C1', 'type': 'cold', 'capacity_idx': 1, 'capacity': 30, 'assignment_source': 'default_site_only_fallback', 'matched_site': None}, {'site': 'T4', 'type': 'cold', 'capacity_idx': 1, 'capacity': 30, 'assignment_source': 'default_site_only_fallback', 'matched_site': None}, {'site': 'T6', 'type': 'cold', 'capacity_idx': 1, 'capacity': 30, 'assignment_source': 'default_site_only_fallback', 'matched_site': None}, {'site': 'T5', 'type': 'cold', 'capacity_idx': 1, 'capacity': 30, 'assignment_source': 'default_site_only_fallback', 'matched_site': None}, {'site': 'T7', 'type': 'cold', 'capacity_idx': 1, 'capacity': 30, 'assignment_source': 'default_site_only_fallback', 'matched_site': None}, {'site': 'V21', 'type': 'cold', 'capacity_idx': 1, 'capacity': 30, 'assignment_source': 'default_site_only_fallback', 'matched_site': None}, {'site': 'V10', 'type': 'cold', 'capacity_idx': 1, 'capacity': 30, 'assignment_source': 'default_site_only_fallback', 'matched_site': None}]",V1 site-only,"{'n_estimators': 198, 'max_depth': 3, 'learning_rate': 0.2807899650466893, 'subsample': 0.8667035457228466, 'colsample_bytree': 0.7065282532185991, 'reg_lambda': 8.478681544447825, 'min_child_weight': 5, 'n_jobs': 1, 'verbosity': 0}",,
ai_warmstart_single_objective,11,COMPLETE,39.3,102,5,0.10433744043915812,0.9146984342501879,0.9956490029010772,1.6698939350842568,3,1,2,0.06939515272540597,1,6,site_type,39.3,0.0,4433112.274860297,True,2.10083236532697e-14,True,"{'MIPFocus': 1, 'Cuts': 2, 'Heuristics': 0.06939515272540597, 'Presolve': 1}",4.5817,site_ranking + site_history_or_nearest_neighbor_type + default_capacity,"['C1', 'T4', 'T6', 'T7', 'T5', 'T8']","[{'site': 'C1', 'type': 'precool', 'capacity_idx': 1, 'capacity': 10, 'site_rank': 1, 'score': 0.991677, 'assignment_source': 'site_history_type', 'matched_site': 'C1'}, {'site': 'T4', 'type': 'ca', 'capacity_idx': 1, 'capacity': 30, 'site_rank': 2, 'score': 0.990735, 'assignment_source': 'site_history_type', 'matched_site': 'T4'}, {'site': 'T6', 'type': 'frozen', 'capacity_idx': 1, 'capacity': 50, 'site_rank': 3, 'score': 0.987852, 'assignment_source': 'site_history_type', 'matched_site': 'T6'}, {'site': 'T7', 'type': 'ca', 'capacity_idx': 1, 'capacity': 30, 'site_rank': 4, 'score': 0.796447, 'assignment_source': 'site_history_type', 'matched_site': 'T7'}, {'site': 'T5', 'type': 'frozen', 'capacity_idx': 1, 'capacity': 50, 'site_rank': 5, 'score': 0.785398, 'assignment_source': 'site_history_type', 'matched_site': 'T5'}, {'site': 'T8', 'type': 'cold', 'capacity_idx': 1, 'capacity': 30, 'site_rank': 6, 'score': 0.611857, 'assignment_source': 'site_history_type', 'matched_site': 'T8'}]",V2 site + type,"{'n_estimators': 102, 'max_depth': 5, 'learning_rate': 0.10433744043915812, 'subsample': 0.9146984342501879, 'colsample_bytree': 0.9956490029010772, 'reg_lambda': 1.6698939350842568, 'min_child_weight': 3, 'n_jobs': 1, 'verbosity': 0}",,
ai_warmstart_single_objective,12,COMPLETE,42.09,85,5,0.12433148118756074,0.8918714440460398,0.8130820550462586,0.7960322778072297,3,1,2,0.05243139913015206,1,8,site_type,42.09,0.6256,4433112.274860297,True,2.10083236532697e-14,True,"{'MIPFocus': 1, 'Cuts': 2, 'Heuristics': 0.05243139913015206, 'Presolve': 1}",4.278,site_ranking + site_history_or_nearest_neighbor_type + default_capacity,"['T4', 'C1', 'T6', 'T7', 'T5', 'T2', 'T8', 'V21']","[{'site': 'T4', 'type': 'ca', 'capacity_idx': 1, 'capacity': 30, 'site_rank': 1, 'score': 0.993638, 'assignment_source': 'site_history_type', 'matched_site': 'T4'}, {'site': 'C1', 'type': 'precool', 'capacity_idx': 1, 'capacity': 10, 'site_rank': 2, 'score': 0.993594, 'assignment_source': 'site_history_type', 'matched_site': 'C1'}, {'site': 'T6', 'type': 'frozen', 'capacity_idx': 1, 'capacity': 50, 'site_rank': 3, 'score': 0.987857, 'assignment_source': 'site_history_type', 'matched_site': 'T6'}, {'site': 'T7', 'type': 'ca', 'capacity_idx': 1, 'capacity': 30, 'site_rank': 4, 'score': 0.779973, 'assignment_source': 'site_history_type', 'matched_site': 'T7'}, {'site': 'T5', 'type': 'frozen', 'capacity_idx': 1, 'capacity': 50, 'site_rank': 5, 'score': 0.753253, 'assignment_source': 'site_history_type', 'matched_site': 'T5'}, {'site': 'T2', 'type': 'frozen', 'capacity_idx': 1, 'capacity': 50, 'site_rank': 6, 'score': 0.584949, 'assignment_source': 'site_history_type', 'matched_site': 'T2'}, {'site': 'T8', 'type': 'cold', 'capacity_idx': 1, 'capacity': 30, 'site_rank': 7, 'score': 0.574029, 'assignment_source': 'site_history_type', 'matched_site': 'T8'}, {'site': 'V21', 'type': 'cold', 'capacity_idx': 1, 'capacity': 30, 'site_rank': 8, 'score': 0.571451, 'assignment_source': 'site_history_type', 'matched_site': 'V21'}]",V2 site + type,"{'n_estimators': 85, 'max_depth': 5, 'learning_rate': 0.12433148118756074, 'subsample': 0.8918714440460398, 'colsample_bytree': 0.8130820550462586, 'reg_lambda': 0.7960322778072297, 'min_child_weight': 3, 'n_jobs': 1, 'verbosity': 0}",,
ai_warmstart_single_objective,13,COMPLETE,47.04,106,5,0.12397849256316622,0.8795820658886289,0.8119819658438849,1.1324916323226017,3,1,2,0.15305286596434853,1,5,site_type,47.04,0.0,4433112.274860297,True,2.10083236532697e-14,True,"{'MIPFocus': 1, 'Cuts': 2, 'Heuristics': 0.15305286596434853, 'Presolve': 1}",3.8278,site_ranking + site_history_or_nearest_neighbor_type + default_capacity,"['C1', 'T4', 'T6', 'T7', 'T5']","[{'site': 'C1', 'type': 'precool', 'capacity_idx': 1, 'capacity': 10, 'site_rank': 1, 'score': 0.994586, 'assignment_source': 'site_history_type', 'matched_site': 'C1'}, {'site': 'T4', 'type': 'ca', 'capacity_idx': 1, 'capacity': 30, 'site_rank': 2, 'score': 0.992914, 'assignment_source': 'site_history_type', 'matched_site': 'T4'}, {'site': 'T6', 'type': 'frozen', 'capacity_idx': 1, 'capacity': 50, 'site_rank': 3, 'score': 0.989079, 'assignment_source': 'site_history_type', 'matched_site': 'T6'}, {'site': 'T7', 'type': 'ca', 'capacity_idx': 1, 'capacity': 30, 'site_rank': 4, 'score': 0.809547, 'assignment_source': 'site_history_type', 'matched_site': 'T7'}, {'site': 'T5', 'type': 'frozen', 'capacity_idx': 1, 'capacity': 50, 'site_rank': 5, 'score': 0.778031, 'assignment_source': 'site_history_type', 'matched_site': 'T5'}]",V2 site + type,"{'n_estimators': 106, 'max_depth': 5, 'learning_rate': 0.12397849256316622, 'subsample': 0.8795820658886289, 'colsample_bytree': 0.8119819658438849, 'reg_lambda': 1.1324916323226017, 'min_child_weight': 3, 'n_jobs': 1, 'verbosity': 0}",,
ai_warmstart_single_objective,14,COMPLETE,43.4,82,5,0.11337277804922308,0.8376442868141889,0.9976628131240612,1.3702274518174553,3,1,2,0.050604721609984846,1,7,site_type,43.4,0.0,4433112.274860297,True,2.10083236532697e-14,True,"{'MIPFocus': 1, 'Cuts': 2, 'Heuristics': 0.050604721609984846, 'Presolve': 1}",4.1488,site_ranking + site_history_or_nearest_neighbor_type + default_capacity,"['C1', 'T4', 'T6', 'T7', 'T5', 'V21', 'T2']","[{'site': 'C1', 'type': 'precool', 'capacity_idx': 1, 'capacity': 10, 'site_rank': 1, 'score': 0.991478, 'assignment_source': 'site_history_type', 'matched_site': 'C1'}, {'site': 'T4', 'type': 'ca', 'capacity_idx': 1, 'capacity': 30, 'site_rank': 2, 'score': 0.988633, 'assignment_source': 'site_history_type', 'matched_site': 'T4'}, {'site': 'T6', 'type': 'frozen', 'capacity_idx': 1, 'capacity': 50, 'site_rank': 3, 'score': 0.985547, 'assignment_source': 'site_history_type', 'matched_site': 'T6'}, {'site': 'T7', 'type': 'ca', 'capacity_idx': 1, 'capacity': 30, 'site_rank': 4, 'score': 0.758355, 'assignment_source': 'site_history_type', 'matched_site': 'T7'}, {'site': 'T5', 'type': 'frozen', 'capacity_idx': 1, 'capacity': 50, 'site_rank': 5, 'score': 0.751723, 'assignment_source': 'site_history_type', 'matched_site': 'T5'}, {'site': 'V21', 'type': 'cold', 'capacity_idx': 1, 'capacity': 30, 'site_rank': 6, 'score': 0.594111, 'assignment_source': 'site_history_type', 'matched_site': 'V21'}, {'site': 'T2', 'type': 'frozen', 'capacity_idx': 1, 'capacity': 50, 'site_rank': 7, 'score': 0.577691, 'assignment_source': 'site_history_type', 'matched_site': 'T2'}]",V2 site + type,"{'n_estimators': 82, 'max_depth': 5, 'learning_rate': 0.11337277804922308, 'subsample': 0.8376442868141889, 'colsample_bytree': 0.9976628131240612, 'reg_lambda': 1.3702274518174553, 'min_child_weight': 3, 'n_jobs': 1, 'verbosity': 0}",,
ai_warmstart_single_objective,15,COMPLETE,54.24,116,5,0.16082615249715287,0.907313715666541,0.810085893737346,3.24571582625106,3,2,2,0.15534695951524163,1,8,site_type,54.24,0.0,4433112.104862226,True,3.834734190058878e-06,True,"{'MIPFocus': 2, 'Cuts': 2, 'Heuristics': 0.15534695951524163, 'Presolve': 1}",3.3197,site_ranking + site_history_or_nearest_neighbor_type + default_capacity,"['C1', 'T4', 'T6', 'T7', 'T5', 'V21', 'T2', 'V14']","[{'site': 'C1', 'type': 'precool', 'capacity_idx': 1, 'capacity': 10, 'site_rank': 1, 'score': 0.994578, 'assignment_source': 'site_history_type', 'matched_site': 'C1'}, {'site': 'T4', 'type': 'ca', 'capacity_idx': 1, 'capacity': 30, 'site_rank': 2, 'score': 0.993033, 'assignment_source': 'site_history_type', 'matched_site': 'T4'}, {'site': 'T6', 'type': 'frozen', 'capacity_idx': 1, 'capacity': 50, 'site_rank': 3, 'score': 0.990172, 'assignment_source': 'site_history_type', 'matched_site': 'T6'}, {'site': 'T7', 'type': 'ca', 'capacity_idx': 1, 'capacity': 30, 'site_rank': 4, 'score': 0.801824, 'assignment_source': 'site_history_type', 'matched_site': 'T7'}, {'site': 'T5', 'type': 'frozen', 'capacity_idx': 1, 'capacity': 50, 'site_rank': 5, 'score': 0.779777, 'assignment_source': 'site_history_type', 'matched_site': 'T5'}, {'site': 'V21', 'type': 'cold', 'capacity_idx': 1, 'capacity': 30, 'site_rank': 6, 'score': 0.572308, 'assignment_source': 'site_history_type', 'matched_site': 'V21'}, {'site': 'T2', 'type': 'frozen', 'capacity_idx': 1, 'capacity': 50, 'site_rank': 7, 'score': 0.571848, 'assignment_source': 'site_history_type', 'matched_site': 'T2'}, {'site': 'V14', 'type': 'frozen', 'capacity_idx': 1, 'capacity': 50, 'site_rank': 8, 'score': 0.561981, 'assignment_source': 'site_history_type', 'matched_site': 'V14'}]",V2 site + type,"{'n_estimators': 116, 'max_depth': 5, 'learning_rate': 0.16082615249715287, 'subsample': 0.907313715666541, 'colsample_bytree': 0.810085893737346, 'reg_lambda': 3.24571582625106, 'min_child_weight': 3, 'n_jobs': 1, 'verbosity': 0}",,
ai_warmstart_single_objective,16,COMPLETE,53.03,73,6,0.09155288827165715,0.8378049774269426,0.8108195668752862,1.137677650209399,2,1,2,0.14423230803007522,1,6,site_type,53.03,0.0,4433112.274860297,True,2.10083236532697e-14,True,"{'MIPFocus': 1, 'Cuts': 2, 'Heuristics': 0.14423230803007522, 'Presolve': 1}",3.3954,site_ranking + site_history_or_nearest_neighbor_type + default_capacity,"['C1', 'T4', 'T6', 'T5', 'T7', 'T2']","[{'site': 'C1', 'type': 'precool', 'capacity_idx': 1, 'capacity': 10, 'site_rank': 1, 'score': 0.989152, 'assignment_source': 'site_history_type', 'matched_site': 'C1'}, {'site': 'T4', 'type': 'ca', 'capacity_idx': 1, 'capacity': 30, 'site_rank': 2, 'score': 0.987118, 'assignment_source': 'site_history_type', 'matched_site': 'T4'}, {'site': 'T6', 'type': 'frozen', 'capacity_idx': 1, 'capacity': 50, 'site_rank': 3, 'score': 0.982312, 'assignment_source': 'site_history_type', 'matched_site': 'T6'}, {'site': 'T5', 'type': 'frozen', 'capacity_idx': 1, 'capacity': 50, 'site_rank': 4, 'score': 0.760469, 'assignment_source': 'site_history_type', 'matched_site': 'T5'}, {'site': 'T7', 'type': 'ca', 'capacity_idx': 1, 'capacity': 30, 'site_rank': 5, 'score': 0.754725, 'assignment_source': 'site_history_type', 'matched_site': 'T7'}, {'site': 'T2', 'type': 'frozen', 'capacity_idx': 1, 'capacity': 50, 'site_rank': 6, 'score': 0.606662, 'assignment_source': 'site_history_type', 'matched_site': 'T2'}]",V2 site + type,"{'n_estimators': 73, 'max_depth': 6, 'learning_rate': 0.09155288827165715, 'subsample': 0.8378049774269426, 'colsample_bytree': 0.8108195668752862, 'reg_lambda': 1.137677650209399, 'min_child_weight': 2, 'n_jobs': 1, 'verbosity': 0}",,
ai_warmstart_single_objective,17,COMPLETE,45.54,124,5,0.08018696018779119,0.9101695924876843,0.8524765798064854,9.424579895607613,5,1,2,0.10662520132419157,1,5,site_type,45.54,0.0,4433112.274860297,True,2.10083236532697e-14,True,"{'MIPFocus': 1, 'Cuts': 2, 'Heuristics': 0.10662520132419157, 'Presolve': 1}",3.9539,site_ranking + site_history_or_nearest_neighbor_type + default_capacity,"['C1', 'T4', 'T6', 'T5', 'T7']","[{'site': 'C1', 'type': 'precool', 'capacity_idx': 1, 'capacity': 10, 'site_rank': 1, 'score': 0.967379, 'assignment_source': 'site_history_type', 'matched_site': 'C1'}, {'site': 'T4', 'type': 'ca', 'capacity_idx': 1, 'capacity': 30, 'site_rank': 2, 'score': 0.961177, 'assignment_source': 'site_history_type', 'matched_site': 'T4'}, {'site': 'T6', 'type': 'frozen', 'capacity_idx': 1, 'capacity': 50, 'site_rank': 3, 'score': 0.954379, 'assignment_source': 'site_history_type', 'matched_site': 'T6'}, {'site': 'T5', 'type': 'frozen', 'capacity_idx': 1, 'capacity': 50, 'site_rank': 4, 'score': 0.822935, 'assignment_source': 'site_history_type', 'matched_site': 'T5'}, {'site': 'T7', 'type': 'ca', 'capacity_idx': 1, 'capacity': 30, 'site_rank': 5, 'score': 0.801366, 'assignment_source': 'site_history_type', 'matched_site': 'T7'}]",V2 site + type,"{'n_estimators': 124, 'max_depth': 5, 'learning_rate': 0.08018696018779119, 'subsample': 0.9101695924876843, 'colsample_bytree': 0.8524765798064854, 'reg_lambda': 9.424579895607613, 'min_child_weight': 5, 'n_jobs': 1, 'verbosity': 0}",,
ai_warmstart_single_objective,18,COMPLETE,460.04,91,4,0.15569340544563393,0.7923163865237002,0.7679511370528065,2.190239885145054,4,3,0,0.19874193730999623,2,8,site_type,180.04,1.6448,4433112.2538056085,True,4.749414963348878e-07,False,"{'MIPFocus': 3, 'Cuts': 0, 'Heuristics': 0.19874193730999623, 'Presolve': 2}",1.0001,site_ranking + site_history_or_nearest_neighbor_type + default_capacity,"['C1', 'T4', 'T6', 'T5', 'T7', 'V21', 'T8', 'T2']","[{'site': 'C1', 'type': 'precool', 'capacity_idx': 1, 'capacity': 10, 'site_rank': 1, 'score': 0.984296, 'assignment_source': 'site_history_type', 'matched_site': 'C1'}, {'site': 'T4', 'type': 'ca', 'capacity_idx': 1, 'capacity': 30, 'site_rank': 2, 'score': 0.984072, 'assignment_source': 'site_history_type', 'matched_site': 'T4'}, {'site': 'T6', 'type': 'frozen', 'capacity_idx': 1, 'capacity': 50, 'site_rank': 3, 'score': 0.978803, 'assignment_source': 'site_history_type', 'matched_site': 'T6'}, {'site': 'T5', 'type': 'frozen', 'capacity_idx': 1, 'capacity': 50, 'site_rank': 4, 'score': 0.818282, 'assignment_source': 'site_history_type', 'matched_site': 'T5'}, {'site': 'T7', 'type': 'ca', 'capacity_idx': 1, 'capacity': 30, 'site_rank': 5, 'score': 0.733275, 'assignment_source': 'site_history_type', 'matched_site': 'T7'}, {'site': 'V21', 'type': 'cold', 'capacity_idx': 1, 'capacity': 30, 'site_rank': 6, 'score': 0.597185, 'assignment_source': 'site_history_type', 'matched_site': 'V21'}, {'site': 'T8', 'type': 'cold', 'capacity_idx': 1, 'capacity': 30, 'site_rank': 7, 'score': 0.581633, 'assignment_source': 'site_history_type', 'matched_site': 'T8'}, {'site': 'T2', 'type': 'frozen', 'capacity_idx': 1, 'capacity': 50, 'site_rank': 8, 'score': 0.561335, 'assignment_source': 'site_history_type', 'matched_site': 'T2'}]",V2 site + type,"{'n_estimators': 91, 'max_depth': 4, 'learning_rate': 0.15569340544563393, 'subsample': 0.7923163865237002, 'colsample_bytree': 0.7679511370528065, 'reg_lambda': 2.190239885145054, 'min_child_weight': 4, 'n_jobs': 1, 'verbosity': 0}",,
ai_warmstart_single_objective,19,COMPLETE,134.96,66,6,0.08977222228098701,0.997653207039374,0.9983707154515207,5.449351474739892,2,2,2,0.05266115438879865,1,9,site_type,134.96,0.3099,4433112.274860297,True,2.10083236532697e-14,True,"{'MIPFocus': 2, 'Cuts': 2, 'Heuristics': 0.05266115438879865, 'Presolve': 1}",1.3342,site_ranking + site_history_or_nearest_neighbor_type + default_capacity,"['C1', 'T6', 'T4', 'T5', 'T7', 'T8', 'T2', 'V10', 'V21']","[{'site': 'C1', 'type': 'precool', 'capacity_idx': 1, 'capacity': 10, 'site_rank': 1, 'score': 0.962826, 'assignment_source': 'site_history_type', 'matched_site': 'C1'}, {'site': 'T6', 'type': 'frozen', 'capacity_idx': 1, 'capacity': 50, 'site_rank': 2, 'score': 0.962826, 'assignment_source': 'site_history_type', 'matched_site': 'T6'}, {'site': 'T4', 'type': 'ca', 'capacity_idx': 1, 'capacity': 30, 'site_rank': 3, 'score': 0.962826, 'assignment_source': 'site_history_type', 'matched_site': 'T4'}, {'site': 'T5', 'type': 'frozen', 'capacity_idx': 1, 'capacity': 50, 'site_rank': 4, 'score': 0.794094, 'assignment_source': 'site_history_type', 'matched_site': 'T5'}, {'site': 'T7', 'type': 'ca', 'capacity_idx': 1, 'capacity': 30, 'site_rank': 5, 'score': 0.792723, 'assignment_source': 'site_history_type', 'matched_site': 'T7'}, {'site': 'T8', 'type': 'cold', 'capacity_idx': 1, 'capacity': 30, 'site_rank': 6, 'score': 0.588561, 'assignment_source': 'site_history_type', 'matched_site': 'T8'}, {'site': 'T2', 'type': 'frozen', 'capacity_idx': 1, 'capacity': 50, 'site_rank': 7, 'score': 0.550199, 'assignment_source': 'site_history_type', 'matched_site': 'T2'}, {'site': 'V10', 'type': 'cold', 'capacity_idx': 1, 'capacity': 30, 'site_rank': 8, 'score': 0.548563, 'assignment_source': 'site_history_type', 'matched_site': 'V10'}, {'site': 'V21', 'type': 'cold', 'capacity_idx': 1, 'capacity': 30, 'site_rank': 9, 'score': 0.543981, 'assignment_source': 'site_history_type', 'matched_site': 'V21'}]",V2 site + type,"{'n_estimators': 66, 'max_depth': 6, 'learning_rate': 0.08977222228098701, 'subsample': 0.997653207039374, 'colsample_bytree': 0.9983707154515207, 'reg_lambda': 5.449351474739892, 'min_child_weight': 2, 'n_jobs': 1, 'verbosity': 0}",,
ai_warmstart_single_objective,20,COMPLETE,44.98,42,3,0.18747070520531678,0.9267225472226449,0.7702533986924066,0.8851070026201084,5,1,2,0.11980508633311879,1,5,site_type,44.98,0.0,4433112.274860297,True,2.10083236532697e-14,True,"{'MIPFocus': 1, 'Cuts': 2, 'Heuristics': 0.11980508633311879, 'Presolve': 1}",4.0031,site_ranking + site_history_or_nearest_neighbor_type + default_capacity,"['T4', 'C1', 'T6', 'T5', 'T7']","[{'site': 'T4', 'type': 'ca', 'capacity_idx': 1, 'capacity': 30, 'site_rank': 1, 'score': 0.977704, 'assignment_source': 'site_history_type', 'matched_site': 'T4'}, {'site': 'C1', 'type': 'precool', 'capacity_idx': 1, 'capacity': 10, 'site_rank': 2, 'score': 0.975629, 'assignment_source': 'site_history_type', 'matched_site': 'C1'}, {'site': 'T6', 'type': 'frozen', 'capacity_idx': 1, 'capacity': 50, 'site_rank': 3, 'score': 0.975189, 'assignment_source': 'site_history_type', 'matched_site': 'T6'}, {'site': 'T5', 'type': 'frozen', 'capacity_idx': 1, 'capacity': 50, 'site_rank': 4, 'score': 0.853948, 'assignment_source': 'site_history_type', 'matched_site': 'T5'}, {'site': 'T7', 'type': 'ca', 'capacity_idx': 1, 'capacity': 30, 'site_rank': 5, 'score': 0.816998, 'assignment_source': 'site_history_type', 'matched_site': 'T7'}]",V2 site + type,"{'n_estimators': 42, 'max_depth': 3, 'learning_rate': 0.18747070520531678, 'subsample': 0.9267225472226449, 'colsample_bytree': 0.7702533986924066, 'reg_lambda': 0.8851070026201084, 'min_child_weight': 5, 'n_jobs': 1, 'verbosity': 0}",,
ai_warmstart_single_objective,21,COMPLETE,31.87,84,5,0.1236013350161545,0.8466083945935197,0.9956519112864175,1.6445994748372113,3,1,2,0.05146208328996727,1,7,site_type,31.87,0.0,4433112.274860297,True,2.10083236532697e-14,True,"{'MIPFocus': 1, 'Cuts': 2, 'Heuristics': 0.05146208328996727, 'Presolve': 1}",5.6498,site_ranking + site_history_or_nearest_neighbor_type + default_capacity,"['C1', 'T4', 'T6', 'T7', 'T5', 'V21', 'T8']","[{'site': 'C1', 'type': 'precool', 'capacity_idx': 1, 'capacity': 10, 'site_rank': 1, 'score': 0.991992, 'assignment_source': 'site_history_type', 'matched_site': 'C1'}, {'site': 'T4', 'type': 'ca', 'capacity_idx': 1, 'capacity': 30, 'site_rank': 2, 'score': 0.990377, 'assignment_source': 'site_history_type', 'matched_site': 'T4'}, {'site': 'T6', 'type': 'frozen', 'capacity_idx': 1, 'capacity': 50, 'site_rank': 3, 'score': 0.986653, 'assignment_source': 'site_history_type', 'matched_site': 'T6'}, {'site': 'T7', 'type': 'ca', 'capacity_idx': 1, 'capacity': 30, 'site_rank': 4, 'score': 0.793603, 'assignment_source': 'site_history_type', 'matched_site': 'T7'}, {'site': 'T5', 'type': 'frozen', 'capacity_idx': 1, 'capacity': 50, 'site_rank': 5, 'score': 0.74727, 'assignment_source': 'site_history_type', 'matched_site': 'T5'}, {'site': 'V21', 'type': 'cold', 'capacity_idx': 1, 'capacity': 30, 'site_rank': 6, 'score': 0.593993, 'assignment_source': 'site_history_type', 'matched_site': 'V21'}, {'site': 'T8', 'type': 'cold', 'capacity_idx': 1, 'capacity': 30, 'site_rank': 7, 'score': 0.583921, 'assignment_source': 'site_history_type', 'matched_site': 'T8'}]",V2 site + type,"{'n_estimators': 84, 'max_depth': 5, 'learning_rate': 0.1236013350161545, 'subsample': 0.8466083945935197, 'colsample_bytree': 0.9956519112864175, 'reg_lambda': 1.6445994748372113, 'min_child_weight': 3, 'n_jobs': 1, 'verbosity': 0}",,
ai_warmstart_single_objective,22,COMPLETE,40.86,109,5,0.11007798010226809,0.8552469525661206,0.963274900407456,1.7173598773460286,3,1,2,0.052527394368592835,1,7,site_type,40.86,0.6256,4433112.274860297,True,2.10083236532697e-14,True,"{'MIPFocus': 1, 'Cuts': 2, 'Heuristics': 0.052527394368592835, 'Presolve': 1}",4.4068,site_ranking + site_history_or_nearest_neighbor_type + default_capacity,"['C1', 'T4', 'T6', 'T7', 'T5', 'T2', 'V21']","[{'site': 'C1', 'type': 'precool', 'capacity_idx': 1, 'capacity': 10, 'site_rank': 1, 'score': 0.99249, 'assignment_source': 'site_history_type', 'matched_site': 'C1'}, {'site': 'T4', 'type': 'ca', 'capacity_idx': 1, 'capacity': 30, 'site_rank': 2, 'score': 0.992486, 'assignment_source': 'site_history_type', 'matched_site': 'T4'}, {'site': 'T6', 'type': 'frozen', 'capacity_idx': 1, 'capacity': 50, 'site_rank': 3, 'score': 0.986235, 'assignment_source': 'site_history_type', 'matched_site': 'T6'}, {'site': 'T7', 'type': 'ca', 'capacity_idx': 1, 'capacity': 30, 'site_rank': 4, 'score': 0.8015, 'assignment_source': 'site_history_type', 'matched_site': 'T7'}, {'site': 'T5', 'type': 'frozen', 'capacity_idx': 1, 'capacity': 50, 'site_rank': 5, 'score': 0.783495, 'assignment_source': 'site_history_type', 'matched_site': 'T5'}, {'site': 'T2', 'type': 'frozen', 'capacity_idx': 1, 'capacity': 50, 'site_rank': 6, 'score': 0.574868, 'assignment_source': 'site_history_type', 'matched_site': 'T2'}, {'site': 'V21', 'type': 'cold', 'capacity_idx': 1, 'capacity': 30, 'site_rank': 7, 'score': 0.572034, 'assignment_source': 'site_history_type', 'matched_site': 'V21'}]",V2 site + type,"{'n_estimators': 109, 'max_depth': 5, 'learning_rate': 0.11007798010226809, 'subsample': 0.8552469525661206, 'colsample_bytree': 0.963274900407456, 'reg_lambda': 1.7173598773460286, 'min_child_weight': 3, 'n_jobs': 1, 'verbosity': 0}",,
ai_warmstart_single_objective,23,COMPLETE,49.61,104,5,0.09717155708159735,0.8553226665624963,0.9604898807130687,1.7798837210441574,2,1,2,0.1932134492845894,1,7,site_type,49.61,0.4299,4433112.274860297,True,2.10083236532697e-14,True,"{'MIPFocus': 1, 'Cuts': 2, 'Heuristics': 0.1932134492845894, 'Presolve': 1}",3.6295,site_ranking + site_history_or_nearest_neighbor_type + default_capacity,"['C1', 'T4', 'T6', 'T7', 'T5', 'V21', 'T8']","[{'site': 'C1', 'type': 'precool', 'capacity_idx': 1, 'capacity': 10, 'site_rank': 1, 'score': 0.993679, 'assignment_source': 'site_history_type', 'matched_site': 'C1'}, {'site': 'T4', 'type': 'ca', 'capacity_idx': 1, 'capacity': 30, 'site_rank': 2, 'score': 0.99312, 'assignment_source': 'site_history_type', 'matched_site': 'T4'}, {'site': 'T6', 'type': 'frozen', 'capacity_idx': 1, 'capacity': 50, 'site_rank': 3, 'score': 0.988824, 'assignment_source': 'site_history_type', 'matched_site': 'T6'}, {'site': 'T7', 'type': 'ca', 'capacity_idx': 1, 'capacity': 30, 'site_rank': 4, 'score': 0.806432, 'assignment_source': 'site_history_type', 'matched_site': 'T7'}, {'site': 'T5', 'type': 'frozen', 'capacity_idx': 1, 'capacity': 50, 'site_rank': 5, 'score': 0.762027, 'assignment_source': 'site_history_type', 'matched_site': 'T5'}, {'site': 'V21', 'type': 'cold', 'capacity_idx': 1, 'capacity': 30, 'site_rank': 6, 'score': 0.592351, 'assignment_source': 'site_history_type', 'matched_site': 'V21'}, {'site': 'T8', 'type': 'cold', 'capacity_idx': 1, 'capacity': 30, 'site_rank': 7, 'score': 0.578705, 'assignment_source': 'site_history_type', 'matched_site': 'T8'}]",V2 site + type,"{'n_estimators': 104, 'max_depth': 5, 'learning_rate': 0.09717155708159735, 'subsample': 0.8553226665624963, 'colsample_bytree': 0.9604898807130687, 'reg_lambda': 1.7798837210441574, 'min_child_weight': 2, 'n_jobs': 1, 'verbosity': 0}",,
ai_warmstart_multi_objective,0,COMPLETE,,104,5,0.0651849219038561,0.9499492357536414,0.9689838554937407,2.3016207123285986,4,1,2,0.26750737150583126,1,6,site_type_capacity,60.08,0.0,4433112.274860297,True,2.10083236532697e-14,True,"{'MIPFocus': 1, 'Cuts': 2, 'Heuristics': 0.26750737150583126, 'Presolve': 1}",2.997,site_ranking + site_history_or_nearest_neighbor_type_capacity,"['T4', 'C1', 'T6', 'T5', 'T7', 'V21']","[{'site': 'T4', 'type': 'cold', 'capacity_idx': 2, 'capacity': 50, 'site_rank': 1, 'score': 0.979015, 'assignment_source': 'site_history', 'matched_site': 'T4'}, {'site': 'C1', 'type': 'precool', 'capacity_idx': 0, 'capacity': 5, 'site_rank': 2, 'score': 0.978531, 'assignment_source': 'site_history', 'matched_site': 'C1'}, {'site': 'T6', 'type': 'frozen', 'capacity_idx': 0, 'capacity': 20, 'site_rank': 3, 'score': 0.971239, 'assignment_source': 'site_history', 'matched_site': 'T6'}, {'site': 'T5', 'type': 'frozen', 'capacity_idx': 0, 'capacity': 20, 'site_rank': 4, 'score': 0.806687, 'assignment_source': 'site_history', 'matched_site': 'T5'}, {'site': 'T7', 'type': 'ca', 'capacity_idx': 1, 'capacity': 30, 'site_rank': 5, 'score': 0.79031, 'assignment_source': 'site_history', 'matched_site': 'T7'}, {'site': 'V21', 'type': 'cold', 'capacity_idx': 2, 'capacity': 50, 'site_rank': 6, 'score': 0.588841, 'assignment_source': 'site_history', 'matched_site': 'V21'}]",V3 site + type + capacity,"{'n_estimators': 104, 'max_depth': 5, 'learning_rate': 0.0651849219038561, 'subsample': 0.9499492357536414, 'colsample_bytree': 0.9689838554937407, 'reg_lambda': 2.3016207123285986, 'min_child_weight': 4, 'n_jobs': 1, 'verbosity': 0}",60.08,0.0
ai_warmstart_multi_objective,1,COMPLETE,,173,2,0.19902422340502043,0.7621448425509666,0.8619479385846096,3.7424011323188013,1,1,1,0.49433353316427925,1,4,site_type_capacity,180.02,1.7488,4433112.277995003,True,7.071116028488897e-08,False,"{'MIPFocus': 1, 'Cuts': 1, 'Heuristics': 0.49433353316427925, 'Presolve': 1}",1.0002,site_ranking + site_history_or_nearest_neighbor_type_capacity,"['T4', 'C1', 'T6', 'T7']","[{'site': 'T4', 'type': 'cold', 'capacity_idx': 2, 'capacity': 50, 'site_rank': 1, 'score': 0.999363, 'assignment_source': 'site_history', 'matched_site': 'T4'}, {'site': 'C1', 'type': 'precool', 'capacity_idx': 0, 'capacity': 5, 'site_rank': 2, 'score': 0.999012, 'assignment_source': 'site_history', 'matched_site': 'C1'}, {'site': 'T6', 'type': 'frozen', 'capacity_idx': 0, 'capacity': 20, 'site_rank': 3, 'score': 0.996831, 'assignment_source': 'site_history', 'matched_site': 'T6'}, {'site': 'T7', 'type': 'ca', 'capacity_idx': 1, 'capacity': 30, 'site_rank': 4, 'score': 0.827328, 'assignment_source': 'site_history', 'matched_site': 'T7'}]",V3 site + type + capacity,"{'n_estimators': 173, 'max_depth': 2, 'learning_rate': 0.19902422340502043, 'subsample': 0.7621448425509666, 'colsample_bytree': 0.8619479385846096, 'reg_lambda': 3.7424011323188013, 'min_child_weight': 1, 'n_jobs': 1, 'verbosity': 0}",460.02,1.7488
ai_warmstart_multi_objective,2,COMPLETE,,49,4,0.12684002528989358,0.9636450778607867,0.9495713935144263,0.37501711294495793,4,2,0,0.26616153198702913,2,10,site_type_capacity,180.05,1.7411,4433112.274860297,True,2.10083236532697e-14,False,"{'MIPFocus': 2, 'Cuts': 0, 'Heuristics': 0.26616153198702913, 'Presolve': 2}",1.0001,site_ranking + site_history_or_nearest_neighbor_type_capacity,"['T4', 'C1', 'T6', 'T5', 'T7', 'T8', 'T2', 'V10', 'V21', 'V14']","[{'site': 'T4', 'type': 'cold', 'capacity_idx': 2, 'capacity': 50, 'site_rank': 1, 'score': 0.986184, 'assignment_source': 'site_history', 'matched_site': 'T4'}, {'site': 'C1', 'type': 'precool', 'capacity_idx': 0, 'capacity': 5, 'site_rank': 2, 'score': 0.984539, 'assignment_source': 'site_history', 'matched_site': 'C1'}, {'site': 'T6', 'type': 'frozen', 'capacity_idx': 0, 'capacity': 20, 'site_rank': 3, 'score': 0.976669, 'assignment_source': 'site_history', 'matched_site': 'T6'}, {'site': 'T5', 'type': 'frozen', 'capacity_idx': 0, 'capacity': 20, 'site_rank': 4, 'score': 0.809865, 'assignment_source': 'site_history', 'matched_site': 'T5'}, {'site': 'T7', 'type': 'ca', 'capacity_idx': 1, 'capacity': 30, 'site_rank': 5, 'score': 0.77266, 'assignment_source': 'site_history', 'matched_site': 'T7'}, {'site': 'T8', 'type': 'cold', 'capacity_idx': 0, 'capacity': 10, 'site_rank': 6, 'score': 0.579793, 'assignment_source': 'site_history', 'matched_site': 'T8'}, {'site': 'T2', 'type': 'frozen', 'capacity_idx': 1, 'capacity': 50, 'site_rank': 7, 'score': 0.575919, 'assignment_source': 'site_history', 'matched_site': 'T2'}, {'site': 'V10', 'type': 'cold', 'capacity_idx': 2, 'capacity': 50, 'site_rank': 8, 'score': 0.566981, 'assignment_source': 'site_history', 'matched_site': 'V10'}, {'site': 'V21', 'type': 'cold', 'capacity_idx': 2, 'capacity': 50, 'site_rank': 9, 'score': 0.55606, 'assignment_source': 'site_history', 'matched_site': 'V21'}, {'site': 'V14', 'type': 'frozen', 'capacity_idx': 2, 'capacity': 100, 'site_rank': 10, 'score': 0.482473, 'assignment_source': 'site_history', 'matched_site': 'V14'}]",V3 site + type + capacity,"{'n_estimators': 49, 'max_depth': 4, 'learning_rate': 0.12684002528989358, 'subsample': 0.9636450778607867, 'colsample_bytree': 0.9495713935144263, 'reg_lambda': 0.37501711294495793, 'min_child_weight': 4, 'n_jobs': 1, 'verbosity': 0}",460.05,1.7411
ai_warmstart_multi_objective,3,COMPLETE,,66,3,0.238712196869022,0.9500303184436989,0.7205318899470458,0.47588546158440054,8,1,2,0.0997194154142845,1,8,site_only,50.46,0.0,4433112.274860297,True,2.10083236532697e-14,True,"{'MIPFocus': 1, 'Cuts': 2, 'Heuristics': 0.0997194154142845, 'Presolve': 1}",3.5684,site_ranking + default_type_capacity_fallback,"['C1', 'T6', 'T4', 'T5', 'T7', 'T2', 'V21', 'T8']","[{'site': 'C1', 'type': 'cold', 'capacity_idx': 1, 'capacity': 30, 'assignment_source': 'default_site_only_fallback', 'matched_site': None}, {'site': 'T6', 'type': 'cold', 'capacity_idx': 1, 'capacity': 30, 'assignment_source': 'default_site_only_fallback', 'matched_site': None}, {'site': 'T4', 'type': 'cold', 'capacity_idx': 1, 'capacity': 30, 'assignment_source': 'default_site_only_fallback', 'matched_site': None}, {'site': 'T5', 'type': 'cold', 'capacity_idx': 1, 'capacity': 30, 'assignment_source': 'default_site_only_fallback', 'matched_site': None}, {'site': 'T7', 'type': 'cold', 'capacity_idx': 1, 'capacity': 30, 'assignment_source': 'default_site_only_fallback', 'matched_site': None}, {'site': 'T2', 'type': 'cold', 'capacity_idx': 1, 'capacity': 30, 'assignment_source': 'default_site_only_fallback', 'matched_site': None}, {'site': 'V21', 'type': 'cold', 'capacity_idx': 1, 'capacity': 30, 'assignment_source': 'default_site_only_fallback', 'matched_site': None}, {'site': 'T8', 'type': 'cold', 'capacity_idx': 1, 'capacity': 30, 'assignment_source': 'default_site_only_fallback', 'matched_site': None}]",V1 site-only,"{'n_estimators': 66, 'max_depth': 3, 'learning_rate': 0.238712196869022, 'subsample': 0.9500303184436989, 'colsample_bytree': 0.7205318899470458, 'reg_lambda': 0.47588546158440054, 'min_child_weight': 8, 'n_jobs': 1, 'verbosity': 0}",50.46,0.0
ai_warmstart_multi_objective,4,COMPLETE,,144,2,0.03798549882886469,0.8138592003707016,0.8933965759349327,0.16530989574293042,6,1,1,0.31989481128262304,1,9,site_type_capacity,180.11,1.705,4433112.273958844,True,2.0334565705385686e-08,False,"{'MIPFocus': 1, 'Cuts': 1, 'Heuristics': 0.31989481128262304, 'Presolve': 1}",0.9997,site_ranking + site_history_or_nearest_neighbor_type_capacity,"['C1', 'T6', 'T4', 'T5', 'T7', 'T8', 'V21', 'T2', 'V10']","[{'site': 'C1', 'type': 'precool', 'capacity_idx': 0, 'capacity': 5, 'site_rank': 1, 'score': 0.959155, 'assignment_source': 'site_history', 'matched_site': 'C1'}, {'site': 'T6', 'type': 'frozen', 'capacity_idx': 0, 'capacity': 20, 'site_rank': 2, 'score': 0.947311, 'assignment_source': 'site_history', 'matched_site': 'T6'}, {'site': 'T4', 'type': 'cold', 'capacity_idx': 2, 'capacity': 50, 'site_rank': 3, 'score': 0.942884, 'assignment_source': 'site_history', 'matched_site': 'T4'}, {'site': 'T5', 'type': 'frozen', 'capacity_idx': 0, 'capacity': 20, 'site_rank': 4, 'score': 0.817074, 'assignment_source': 'site_history', 'matched_site': 'T5'}, {'site': 'T7', 'type': 'ca', 'capacity_idx': 1, 'capacity': 30, 'site_rank': 5, 'score': 0.778701, 'assignment_source': 'site_history', 'matched_site': 'T7'}, {'site': 'T8', 'type': 'cold', 'capacity_idx': 0, 'capacity': 10, 'site_rank': 6, 'score': 0.635068, 'assignment_source': 'site_history', 'matched_site': 'T8'}, {'site': 'V21', 'type': 'cold', 'capacity_idx': 2, 'capacity': 50, 'site_rank': 7, 'score': 0.576477, 'assignment_source': 'site_history', 'matched_site': 'V21'}, {'site': 'T2', 'type': 'frozen', 'capacity_idx': 1, 'capacity': 50, 'site_rank': 8, 'score': 0.557214, 'assignment_source': 'site_history', 'matched_site': 'T2'}, {'site': 'V10', 'type': 'cold', 'capacity_idx': 2, 'capacity': 50, 'site_rank': 9, 'score': 0.383885, 'assignment_source': 'site_history', 'matched_site': 'V10'}]",V3 site + type + capacity,"{'n_estimators': 144, 'max_depth': 2, 'learning_rate': 0.03798549882886469, 'subsample': 0.8138592003707016, 'colsample_bytree': 0.8933965759349327, 'reg_lambda': 0.16530989574293042, 'min_child_weight': 6, 'n_jobs': 1, 'verbosity': 0}",460.11,1.705
ai_warmstart_multi_objective,5,COMPLETE,,157,4,0.06255572793242081,0.9506984389341351,0.769491488488667,0.7009637891218039,7,1,1,0.4921611097951667,1,9,site_type_capacity,180.07,1.76,4433112.278903214,True,9.119814137837912e-08,False,"{'MIPFocus': 1, 'Cuts': 1, 'Heuristics': 0.4921611097951667, 'Presolve': 1}",0.9999,site_ranking + site_history_or_nearest_neighbor_type_capacity,"['T6', 'T4', 'C1', 'T5', 'T7', 'V21', 'T8', 'T2', 'V10']","[{'site': 'T6', 'type': 'frozen', 'capacity_idx': 0, 'capacity': 20, 'site_rank': 1, 'score': 0.956761, 'assignment_source': 'site_history', 'matched_site': 'T6'}, {'site': 'T4', 'type': 'cold', 'capacity_idx': 2, 'capacity': 50, 'site_rank': 2, 'score': 0.953896, 'assignment_source': 'site_history', 'matched_site': 'T4'}, {'site': 'C1', 'type': 'precool', 'capacity_idx': 0, 'capacity': 5, 'site_rank': 3, 'score': 0.952108, 'assignment_source': 'site_history', 'matched_site': 'C1'}, {'site': 'T5', 'type': 'frozen', 'capacity_idx': 0, 'capacity': 20, 'site_rank': 4, 'score': 0.868742, 'assignment_source': 'site_history', 'matched_site': 'T5'}, {'site': 'T7', 'type': 'ca', 'capacity_idx': 1, 'capacity': 30, 'site_rank': 5, 'score': 0.804526, 'assignment_source': 'site_history', 'matched_site': 'T7'}, {'site': 'V21', 'type': 'cold', 'capacity_idx': 2, 'capacity': 50, 'site_rank': 6, 'score': 0.591841, 'assignment_source': 'site_history', 'matched_site': 'V21'}, {'site': 'T8', 'type': 'cold', 'capacity_idx': 0, 'capacity': 10, 'site_rank': 7, 'score': 0.564052, 'assignment_source': 'site_history', 'matched_site': 'T8'}, {'site': 'T2', 'type': 'frozen', 'capacity_idx': 1, 'capacity': 50, 'site_rank': 8, 'score': 0.560139, 'assignment_source': 'site_history', 'matched_site': 'T2'}, {'site': 'V10', 'type': 'cold', 'capacity_idx': 2, 'capacity': 50, 'site_rank': 9, 'score': 0.426712, 'assignment_source': 'site_history', 'matched_site': 'V10'}]",V3 site + type + capacity,"{'n_estimators': 157, 'max_depth': 4, 'learning_rate': 0.06255572793242081, 'subsample': 0.9506984389341351, 'colsample_bytree': 0.769491488488667, 'reg_lambda': 0.7009637891218039, 'min_child_weight': 7, 'n_jobs': 1, 'verbosity': 0}",460.07,1.76
