case_id,policy,budget,seed,iter_no,master_obj,subproblem_obj,upper_bound,lower_bound,gap_pct,active_cut_count,pool_cut_count,elapsed_sec
sample:akca:r30x5a-1,all_cuts,,0,1,200.0,101985.52020333319,102185.52020333319,200.0,99.80427755360834,0,0,0.0033419132232666016
sample:akca:r30x5a-1,all_cuts,,0,2,55845.37326465774,72193.01792808004,72593.01792808004,55845.37326465774,23.070599819964315,1,1,0.006328582763671875
sample:akca:r30x5a-1,all_cuts,,0,3,65485.20866591932,65954.66953055735,66254.66953055735,65485.20866591932,1.161368504423897,2,2,0.00937795639038086
sample:akca:r30x5a-1,all_cuts,,0,4,66076.02640255274,65151.16843231402,65551.16843231402,66076.02640255274,0.0,3,3,0.013667583465576172
sample:akca:r30x5a-1,random_K,8.0,0,1,200.0,101985.52020333319,102185.52020333319,200.0,99.80427755360834,0,0,0.0027496814727783203
sample:akca:r30x5a-1,random_K,8.0,0,2,55845.37326465774,72193.01792808004,72593.01792808004,55845.37326465774,23.070599819964315,1,1,0.005583524703979492
sample:akca:r30x5a-1,random_K,8.0,0,3,65485.20866591932,65954.66953055735,66254.66953055735,65485.20866591932,1.161368504423897,2,2,0.008441448211669922
sample:akca:r30x5a-1,random_K,8.0,0,4,66076.02640255274,65151.16843231402,65551.16843231402,66076.02640255274,0.0,3,3,0.012855052947998047
sample:akca:r30x5a-1,random_K,8.0,1,1,200.0,101985.52020333319,102185.52020333319,200.0,99.80427755360834,0,0,0.0027387142181396484
sample:akca:r30x5a-1,random_K,8.0,1,2,55845.37326465774,72193.01792808004,72593.01792808004,55845.37326465774,23.070599819964315,1,1,0.00558018684387207
sample:akca:r30x5a-1,random_K,8.0,1,3,65485.20866591932,65954.66953055735,66254.66953055735,65485.20866591932,1.161368504423897,2,2,0.008453607559204102
sample:akca:r30x5a-1,random_K,8.0,1,4,66076.02640255274,65151.16843231402,65551.16843231402,66076.02640255274,0.0,3,3,0.012227296829223633
sample:akca:r30x5a-1,random_K,8.0,2,1,200.0,101985.52020333319,102185.52020333319,200.0,99.80427755360834,0,0,0.004179954528808594
sample:akca:r30x5a-1,random_K,8.0,2,2,55845.37326465774,72193.01792808004,72593.01792808004,55845.37326465774,23.070599819964315,1,1,0.008281230926513672
sample:akca:r30x5a-1,random_K,8.0,2,3,65485.20866591932,65954.66953055735,66254.66953055735,65485.20866591932,1.161368504423897,2,2,0.012224197387695312
sample:akca:r30x5a-1,random_K,8.0,2,4,66076.02640255274,65151.16843231402,65551.16843231402,66076.02640255274,0.0,3,3,0.0167086124420166
sample:akca:r30x5a-1,recency_K,8.0,0,1,200.0,101985.52020333319,102185.52020333319,200.0,99.80427755360834,0,0,0.003698110580444336
sample:akca:r30x5a-1,recency_K,8.0,0,2,55845.37326465774,72193.01792808004,72593.01792808004,55845.37326465774,23.070599819964315,1,1,0.007510185241699219
sample:akca:r30x5a-1,recency_K,8.0,0,3,65485.20866591932,65954.66953055735,66254.66953055735,65485.20866591932,1.161368504423897,2,2,0.011350154876708984
sample:akca:r30x5a-1,recency_K,8.0,0,4,66076.02640255274,65151.16843231402,65551.16843231402,66076.02640255274,0.0,3,3,0.016515016555786133
sample:akca:r30x5a-1,learned_K,8.0,0,1,200.0,101985.52020333319,102185.52020333319,200.0,99.80427755360834,0,0,0.004296541213989258
sample:akca:r30x5a-1,learned_K,8.0,0,2,55845.37326465774,72193.01792808004,72593.01792808004,55845.37326465774,23.070599819964315,1,1,0.007260322570800781
sample:akca:r30x5a-1,learned_K,8.0,0,3,65485.20866591932,65954.66953055735,66254.66953055735,65485.20866591932,1.161368504423897,2,2,0.010142803192138672
sample:akca:r30x5a-1,learned_K,8.0,0,4,66076.02640255274,65151.16843231402,65551.16843231402,66076.02640255274,0.0,3,3,0.01477193832397461
sample:akca:r30x5a-2,all_cuts,,0,1,200.0,74484.37515646026,74684.37515646026,200.0,99.73220636902832,0,0,0.003977060317993164
sample:akca:r30x5a-2,all_cuts,,0,2,23294.61715498934,78153.61438512203,74684.37515646026,23294.61715498934,68.80924944985051,1,1,0.007951974868774414
sample:akca:r30x5a-2,all_cuts,,0,3,52815.875518259585,54478.93386322229,54878.93386322229,52815.875518259585,3.759290131445664,2,2,0.013242721557617188
sample:akca:r30x5a-2,all_cuts,,0,4,53835.350885660315,53335.3508856603,53835.3508856603,53835.350885660315,0.0,3,3,0.01814126968383789
sample:akca:r30x5a-2,random_K,8.0,0,1,200.0,74484.37515646026,74684.37515646026,200.0,99.73220636902832,0,0,0.0036122798919677734
sample:akca:r30x5a-2,random_K,8.0,0,2,23294.61715498934,78153.61438512203,74684.37515646026,23294.61715498934,68.80924944985051,1,1,0.006985902786254883
sample:akca:r30x5a-2,random_K,8.0,0,3,52815.875518259585,54478.93386322229,54878.93386322229,52815.875518259585,3.759290131445664,2,2,0.010982036590576172
sample:akca:r30x5a-2,random_K,8.0,0,4,53835.350885660315,53335.3508856603,53835.3508856603,53835.350885660315,0.0,3,3,0.014772891998291016
sample:akca:r30x5a-2,random_K,8.0,1,1,200.0,74484.37515646026,74684.37515646026,200.0,99.73220636902832,0,0,0.002752065658569336
sample:akca:r30x5a-2,random_K,8.0,1,2,23294.61715498934,78153.61438512203,74684.37515646026,23294.61715498934,68.80924944985051,1,1,0.005586385726928711
sample:akca:r30x5a-2,random_K,8.0,1,3,52815.875518259585,54478.93386322229,54878.93386322229,52815.875518259585,3.759290131445664,2,2,0.009932279586791992
sample:akca:r30x5a-2,random_K,8.0,1,4,53835.350885660315,53335.3508856603,53835.3508856603,53835.350885660315,0.0,3,3,0.01464390754699707
sample:akca:r30x5a-2,random_K,8.0,2,1,200.0,74484.37515646026,74684.37515646026,200.0,99.73220636902832,0,0,0.003599405288696289
sample:akca:r30x5a-2,random_K,8.0,2,2,23294.61715498934,78153.61438512203,74684.37515646026,23294.61715498934,68.80924944985051,1,1,0.007394313812255859
sample:akca:r30x5a-2,random_K,8.0,2,3,52815.875518259585,54478.93386322229,54878.93386322229,52815.875518259585,3.759290131445664,2,2,0.011954545974731445
sample:akca:r30x5a-2,random_K,8.0,2,4,53835.350885660315,53335.3508856603,53835.3508856603,53835.350885660315,0.0,3,3,0.016539812088012695
sample:akca:r30x5a-2,recency_K,8.0,0,1,200.0,74484.37515646026,74684.37515646026,200.0,99.73220636902832,0,0,0.0035920143127441406
sample:akca:r30x5a-2,recency_K,8.0,0,2,23294.61715498934,78153.61438512203,74684.37515646026,23294.61715498934,68.80924944985051,1,1,0.007373332977294922
sample:akca:r30x5a-2,recency_K,8.0,0,3,52815.875518259585,54478.93386322229,54878.93386322229,52815.875518259585,3.759290131445664,2,2,0.011952638626098633
sample:akca:r30x5a-2,recency_K,8.0,0,4,53835.350885660315,53335.3508856603,53835.3508856603,53835.350885660315,0.0,3,3,0.016678333282470703
sample:akca:r30x5a-2,learned_K,8.0,0,1,200.0,74484.37515646026,74684.37515646026,200.0,99.73220636902832,0,0,0.0036754608154296875
sample:akca:r30x5a-2,learned_K,8.0,0,2,23294.61715498934,78153.61438512203,74684.37515646026,23294.61715498934,68.80924944985051,1,1,0.0075037479400634766
sample:akca:r30x5a-2,learned_K,8.0,0,3,52815.875518259585,54478.93386322229,54878.93386322229,52815.875518259585,3.759290131445664,2,2,0.011514902114868164
sample:akca:r30x5a-2,learned_K,8.0,0,4,53835.350885660315,53335.3508856603,53835.3508856603,53835.350885660315,0.0,3,3,0.01549983024597168
sample:akca:r30x5a-3,all_cuts,,0,1,200.0,55778.89295735152,55978.89295735152,200.0,99.64272248086012,0,0,0.004022359848022461
sample:akca:r30x5a-3,all_cuts,,0,2,26622.61940737851,47753.44045182069,48153.44045182069,26622.61940737851,44.71294437618547,1,1,0.007884025573730469
sample:akca:r30x5a-3,all_cuts,,0,3,47373.49730792008,74709.91551295272,48153.44045182069,47373.49730792008,1.6197038811400604,2,2,0.01270604133605957
sample:akca:r30x5a-3,all_cuts,,0,4,47473.49730792008,49335.24579707548,48153.44045182069,47473.49730792008,1.4120343998699656,3,3,0.017738819122314453
sample:akca:r30x5a-3,all_cuts,,0,5,47473.49730792008,48757.24216088512,48153.44045182069,47473.49730792008,1.4120343998699656,4,4,0.022833585739135742
sample:akca:r30x5a-3,all_cuts,,0,6,47573.49730792007,47073.497307920086,47573.497307920086,47573.49730792007,3.0588281399997544e-14,5,5,0.027796030044555664
sample:akca:r30x5a-3,random_K,8.0,0,1,200.0,55778.89295735152,55978.89295735152,200.0,99.64272248086012,0,0,0.0036973953247070312
sample:akca:r30x5a-3,random_K,8.0,0,2,26622.61940737851,47753.44045182069,48153.44045182069,26622.61940737851,44.71294437618547,1,1,0.00748443603515625
sample:akca:r30x5a-3,random_K,8.0,0,3,47373.49730792008,74709.91551295272,48153.44045182069,47373.49730792008,1.6197038811400604,2,2,0.011710643768310547
sample:akca:r30x5a-3,random_K,8.0,0,4,47473.49730792008,49335.24579707548,48153.44045182069,47473.49730792008,1.4120343998699656,3,3,0.016324520111083984
sample:akca:r30x5a-3,random_K,8.0,0,5,47473.49730792008,48757.24216088512,48153.44045182069,47473.49730792008,1.4120343998699656,4,4,0.02071547508239746
sample:akca:r30x5a-3,random_K,8.0,0,6,47573.49730792007,47073.497307920086,47573.497307920086,47573.49730792007,3.0588281399997544e-14,5,5,0.025876998901367188
sample:akca:r30x5a-3,random_K,8.0,1,1,200.0,55778.89295735152,55978.89295735152,200.0,99.64272248086012,0,0,0.0037069320678710938
sample:akca:r30x5a-3,random_K,8.0,1,2,26622.61940737851,47753.44045182069,48153.44045182069,26622.61940737851,44.71294437618547,1,1,0.007506847381591797
sample:akca:r30x5a-3,random_K,8.0,1,3,47373.49730792008,74709.91551295272,48153.44045182069,47373.49730792008,1.6197038811400604,2,2,0.012314558029174805
sample:akca:r30x5a-3,random_K,8.0,1,4,47473.49730792008,49335.24579707548,48153.44045182069,47473.49730792008,1.4120343998699656,3,3,0.01645660400390625
sample:akca:r30x5a-3,random_K,8.0,1,5,47473.49730792008,48757.24216088512,48153.44045182069,47473.49730792008,1.4120343998699656,4,4,0.02109813690185547
sample:akca:r30x5a-3,random_K,8.0,1,6,47573.49730792007,47073.497307920086,47573.497307920086,47573.49730792007,3.0588281399997544e-14,5,5,0.02526068687438965
sample:akca:r30x5a-3,random_K,8.0,2,1,200.0,55778.89295735152,55978.89295735152,200.0,99.64272248086012,0,0,0.0028848648071289062
sample:akca:r30x5a-3,random_K,8.0,2,2,26622.61940737851,47753.44045182069,48153.44045182069,26622.61940737851,44.71294437618547,1,1,0.0072841644287109375
sample:akca:r30x5a-3,random_K,8.0,2,3,47373.49730792008,74709.91551295272,48153.44045182069,47373.49730792008,1.6197038811400604,2,2,0.010968923568725586
sample:akca:r30x5a-3,random_K,8.0,2,4,47473.49730792008,49335.24579707548,48153.44045182069,47473.49730792008,1.4120343998699656,3,3,0.014673709869384766
sample:akca:r30x5a-3,random_K,8.0,2,5,47473.49730792008,48757.24216088512,48153.44045182069,47473.49730792008,1.4120343998699656,4,4,0.019499540328979492
sample:akca:r30x5a-3,random_K,8.0,2,6,47573.49730792007,47073.497307920086,47573.497307920086,47573.49730792007,3.0588281399997544e-14,5,5,0.023634910583496094
sample:akca:r30x5a-3,recency_K,8.0,0,1,200.0,55778.89295735152,55978.89295735152,200.0,99.64272248086012,0,0,0.0036389827728271484
sample:akca:r30x5a-3,recency_K,8.0,0,2,26622.61940737851,47753.44045182069,48153.44045182069,26622.61940737851,44.71294437618547,1,1,0.007258415222167969
sample:akca:r30x5a-3,recency_K,8.0,0,3,47373.49730792008,74709.91551295272,48153.44045182069,47373.49730792008,1.6197038811400604,2,2,0.010802745819091797
sample:akca:r30x5a-3,recency_K,8.0,0,4,47473.49730792008,49335.24579707548,48153.44045182069,47473.49730792008,1.4120343998699656,3,3,0.014669179916381836
sample:akca:r30x5a-3,recency_K,8.0,0,5,47473.49730792008,48757.24216088512,48153.44045182069,47473.49730792008,1.4120343998699656,4,4,0.01862788200378418
sample:akca:r30x5a-3,recency_K,8.0,0,6,47573.49730792007,47073.497307920086,47573.497307920086,47573.49730792007,3.0588281399997544e-14,5,5,0.023524761199951172
sample:akca:r30x5a-3,learned_K,8.0,0,1,200.0,55778.89295735152,55978.89295735152,200.0,99.64272248086012,0,0,0.002728700637817383
sample:akca:r30x5a-3,learned_K,8.0,0,2,26622.61940737851,47753.44045182069,48153.44045182069,26622.61940737851,44.71294437618547,1,1,0.0055713653564453125
sample:akca:r30x5a-3,learned_K,8.0,0,3,47373.49730792008,74709.91551295272,48153.44045182069,47373.49730792008,1.6197038811400604,2,2,0.010176658630371094
sample:akca:r30x5a-3,learned_K,8.0,0,4,47473.49730792008,49335.24579707548,48153.44045182069,47473.49730792008,1.4120343998699656,3,3,0.014962434768676758
sample:akca:r30x5a-3,learned_K,8.0,0,5,47473.49730792008,48757.24216088512,48153.44045182069,47473.49730792008,1.4120343998699656,4,4,0.019648075103759766
sample:akca:r30x5a-3,learned_K,8.0,0,6,47573.49730792007,47073.497307920086,47573.497307920086,47573.49730792007,3.0588281399997544e-14,5,5,0.02441692352294922
sample:akca:r30x5b-1,all_cuts,,0,1,200.0,87199.28275485331,87399.28275485331,200.0,99.77116517012962,0,0,0.003961324691772461
sample:akca:r30x5b-1,all_cuts,,0,2,18031.66131070885,56096.536369623915,56396.536369623915,18031.66131070885,68.02700578537481,1,1,0.007811307907104492
sample:akca:r30x5b-1,all_cuts,,0,3,33754.87309520466,42602.30910762111,43102.30910762111,33754.87309520466,21.686624698173514,2,2,0.012982368469238281
sample:akca:r30x5b-1,all_cuts,,0,4,43002.30910762111,64262.38402415488,43102.30910762111,43002.30910762111,0.2320061316211909,3,3,0.017141342163085938
sample:akca:r30x5b-1,random_K,8.0,0,1,200.0,87199.28275485331,87399.28275485331,200.0,99.77116517012962,0,0,0.002696514129638672
sample:akca:r30x5b-1,random_K,8.0,0,2,18031.66131070885,56096.536369623915,56396.536369623915,18031.66131070885,68.02700578537481,1,1,0.005702972412109375
sample:akca:r30x5b-1,random_K,8.0,0,3,33754.87309520466,42602.30910762111,43102.30910762111,33754.87309520466,21.686624698173514,2,2,0.00948786735534668
sample:akca:r30x5b-1,random_K,8.0,0,4,43002.30910762111,64262.38402415488,43102.30910762111,43002.30910762111,0.2320061316211909,3,3,0.013362646102905273
sample:akca:r30x5b-1,random_K,8.0,1,1,200.0,87199.28275485331,87399.28275485331,200.0,99.77116517012962,0,0,0.0036067962646484375
sample:akca:r30x5b-1,random_K,8.0,1,2,18031.66131070885,56096.536369623915,56396.536369623915,18031.66131070885,68.02700578537481,1,1,0.006438493728637695
sample:akca:r30x5b-1,random_K,8.0,1,3,33754.87309520466,42602.30910762111,43102.30910762111,33754.87309520466,21.686624698173514,2,2,0.011222124099731445
sample:akca:r30x5b-1,random_K,8.0,1,4,43002.30910762111,64262.38402415488,43102.30910762111,43002.30910762111,0.2320061316211909,3,3,0.015965938568115234
sample:akca:r30x5b-1,random_K,8.0,2,1,200.0,87199.28275485331,87399.28275485331,200.0,99.77116517012962,0,0,0.003586292266845703
sample:akca:r30x5b-1,random_K,8.0,2,2,18031.66131070885,56096.536369623915,56396.536369623915,18031.66131070885,68.02700578537481,1,1,0.007349729537963867
sample:akca:r30x5b-1,random_K,8.0,2,3,33754.87309520466,42602.30910762111,43102.30910762111,33754.87309520466,21.686624698173514,2,2,0.011984825134277344
sample:akca:r30x5b-1,random_K,8.0,2,4,43002.30910762111,64262.38402415488,43102.30910762111,43002.30910762111,0.2320061316211909,3,3,0.016680479049682617
sample:akca:r30x5b-1,recency_K,8.0,0,1,200.0,87199.28275485331,87399.28275485331,200.0,99.77116517012962,0,0,0.0036263465881347656
sample:akca:r30x5b-1,recency_K,8.0,0,2,18031.66131070885,56096.536369623915,56396.536369623915,18031.66131070885,68.02700578537481,1,1,0.007380962371826172
sample:akca:r30x5b-1,recency_K,8.0,0,3,33754.87309520466,42602.30910762111,43102.30910762111,33754.87309520466,21.686624698173514,2,2,0.011298179626464844
sample:akca:r30x5b-1,recency_K,8.0,0,4,43002.30910762111,64262.38402415488,43102.30910762111,43002.30910762111,0.2320061316211909,3,3,0.015100479125976562
sample:akca:r30x5b-1,learned_K,8.0,0,1,200.0,87199.28275485331,87399.28275485331,200.0,99.77116517012962,0,0,0.0032351016998291016
sample:akca:r30x5b-1,learned_K,8.0,0,2,18031.66131070885,56096.536369623915,56396.536369623915,18031.66131070885,68.02700578537481,1,1,0.006895542144775391
sample:akca:r30x5b-1,learned_K,8.0,0,3,33754.87309520466,42602.30910762111,43102.30910762111,33754.87309520466,21.686624698173514,2,2,0.011041641235351562
sample:akca:r30x5b-1,learned_K,8.0,0,4,43002.30910762111,64262.38402415488,43102.30910762111,43002.30910762111,0.2320061316211909,3,3,0.015558004379272461
sample:akca:r30x5b-2,all_cuts,,0,1,200.0,53281.144878992505,53481.144878992505,200.0,99.62603642750632,0,0,0.003964900970458984
sample:akca:r30x5b-2,all_cuts,,0,2,40994.46171742338,79293.71248450855,53481.144878992505,40994.46171742338,23.34782321848521,1,1,0.007855415344238281
sample:akca:r30x5b-2,all_cuts,,0,3,41194.461717423386,42218.55293276913,42718.55293276913,41194.461717423386,3.567750100862208,2,2,0.012748241424560547
sample:akca:r30x5b-2,all_cuts,,0,4,42718.55293276913,42218.55293276913,42718.55293276913,42718.55293276913,0.0,3,3,0.016547441482543945
sample:akca:r30x5b-2,random_K,8.0,0,1,200.0,53281.144878992505,53481.144878992505,200.0,99.62603642750632,0,0,0.002712726593017578
sample:akca:r30x5b-2,random_K,8.0,0,2,40994.46171742338,79293.71248450855,53481.144878992505,40994.46171742338,23.34782321848521,1,1,0.005555868148803711
sample:akca:r30x5b-2,random_K,8.0,0,3,41194.461717423386,42218.55293276913,42718.55293276913,41194.461717423386,3.567750100862208,2,2,0.00941324234008789
sample:akca:r30x5b-2,random_K,8.0,0,4,42718.55293276913,42218.55293276913,42718.55293276913,42718.55293276913,0.0,3,3,0.013971328735351562
sample:akca:r30x5b-2,random_K,8.0,1,1,200.0,53281.144878992505,53481.144878992505,200.0,99.62603642750632,0,0,0.0037920475006103516
sample:akca:r30x5b-2,random_K,8.0,1,2,40994.46171742338,79293.71248450855,53481.144878992505,40994.46171742338,23.34782321848521,1,1,0.0077168941497802734
sample:akca:r30x5b-2,random_K,8.0,1,3,41194.461717423386,42218.55293276913,42718.55293276913,41194.461717423386,3.567750100862208,2,2,0.012656927108764648
sample:akca:r30x5b-2,random_K,8.0,1,4,42718.55293276913,42218.55293276913,42718.55293276913,42718.55293276913,0.0,3,3,0.017159461975097656
sample:akca:r30x5b-2,random_K,8.0,2,1,200.0,53281.144878992505,53481.144878992505,200.0,99.62603642750632,0,0,0.0034689903259277344
sample:akca:r30x5b-2,random_K,8.0,2,2,40994.46171742338,79293.71248450855,53481.144878992505,40994.46171742338,23.34782321848521,1,1,0.007349729537963867
sample:akca:r30x5b-2,random_K,8.0,2,3,41194.461717423386,42218.55293276913,42718.55293276913,41194.461717423386,3.567750100862208,2,2,0.01230478286743164
sample:akca:r30x5b-2,random_K,8.0,2,4,42718.55293276913,42218.55293276913,42718.55293276913,42718.55293276913,0.0,3,3,0.01699376106262207
sample:akca:r30x5b-2,recency_K,8.0,0,1,200.0,53281.144878992505,53481.144878992505,200.0,99.62603642750632,0,0,0.003673076629638672
sample:akca:r30x5b-2,recency_K,8.0,0,2,40994.46171742338,79293.71248450855,53481.144878992505,40994.46171742338,23.34782321848521,1,1,0.007540702819824219
sample:akca:r30x5b-2,recency_K,8.0,0,3,41194.461717423386,42218.55293276913,42718.55293276913,41194.461717423386,3.567750100862208,2,2,0.01254582405090332
sample:akca:r30x5b-2,recency_K,8.0,0,4,42718.55293276913,42218.55293276913,42718.55293276913,42718.55293276913,0.0,3,3,0.01765894889831543
sample:akca:r30x5b-2,learned_K,8.0,0,1,200.0,53281.144878992505,53481.144878992505,200.0,99.62603642750632,0,0,0.003740072250366211
sample:akca:r30x5b-2,learned_K,8.0,0,2,40994.46171742338,79293.71248450855,53481.144878992505,40994.46171742338,23.34782321848521,1,1,0.007944583892822266
sample:akca:r30x5b-2,learned_K,8.0,0,3,41194.461717423386,42218.55293276913,42718.55293276913,41194.461717423386,3.567750100862208,2,2,0.012748241424560547
sample:akca:r30x5b-2,learned_K,8.0,0,4,42718.55293276913,42218.55293276913,42718.55293276913,42718.55293276913,0.0,3,3,0.01683211326599121
sample:akca:r30x5b-3,all_cuts,,0,1,200.0,73911.75700435507,74111.75700435507,200.0,99.73013728444158,0,0,0.0030868053436279297
sample:akca:r30x5b-3,all_cuts,,0,2,25633.098588360554,54246.30848784143,54646.30848784143,25633.098588360554,53.092716969045014,1,1,0.006029367446899414
sample:akca:r30x5b-3,all_cuts,,0,3,54043.205692783435,61520.26416757817,54646.30848784143,54043.205692783435,1.1036478249801327,2,2,0.009979009628295898
sample:akca:r30x5b-3,all_cuts,,0,4,54143.205692783435,55253.93016968144,54646.30848784143,54143.205692783435,0.9206528473372246,3,3,0.014487743377685547
sample:akca:r30x5b-3,random_K,8.0,0,1,200.0,73911.75700435507,74111.75700435507,200.0,99.73013728444158,0,0,0.0037147998809814453
sample:akca:r30x5b-3,random_K,8.0,0,2,25633.098588360554,54246.30848784143,54646.30848784143,25633.098588360554,53.092716969045014,1,1,0.007615089416503906
sample:akca:r30x5b-3,random_K,8.0,0,3,54043.205692783435,61520.26416757817,54646.30848784143,54043.205692783435,1.1036478249801327,2,2,0.012513399124145508
sample:akca:r30x5b-3,random_K,8.0,0,4,54143.205692783435,55253.93016968144,54646.30848784143,54143.205692783435,0.9206528473372246,3,3,0.017728090286254883
sample:akca:r30x5b-3,random_K,8.0,1,1,200.0,73911.75700435507,74111.75700435507,200.0,99.73013728444158,0,0,0.002727508544921875
sample:akca:r30x5b-3,random_K,8.0,1,2,25633.098588360554,54246.30848784143,54646.30848784143,25633.098588360554,53.092716969045014,1,1,0.0055387020111083984
sample:akca:r30x5b-3,random_K,8.0,1,3,54043.205692783435,61520.26416757817,54646.30848784143,54043.205692783435,1.1036478249801327,2,2,0.009308815002441406
sample:akca:r30x5b-3,random_K,8.0,1,4,54143.205692783435,55253.93016968144,54646.30848784143,54143.205692783435,0.9206528473372246,3,3,0.013831138610839844
sample:akca:r30x5b-3,random_K,8.0,2,1,200.0,73911.75700435507,74111.75700435507,200.0,99.73013728444158,0,0,0.0037021636962890625
sample:akca:r30x5b-3,random_K,8.0,2,2,25633.098588360554,54246.30848784143,54646.30848784143,25633.098588360554,53.092716969045014,1,1,0.0074863433837890625
sample:akca:r30x5b-3,random_K,8.0,2,3,54043.205692783435,61520.26416757817,54646.30848784143,54043.205692783435,1.1036478249801327,2,2,0.012198448181152344
sample:akca:r30x5b-3,random_K,8.0,2,4,54143.205692783435,55253.93016968144,54646.30848784143,54143.205692783435,0.9206528473372246,3,3,0.017226457595825195
sample:akca:r30x5b-3,recency_K,8.0,0,1,200.0,73911.75700435507,74111.75700435507,200.0,99.73013728444158,0,0,0.0027632713317871094
sample:akca:r30x5b-3,recency_K,8.0,0,2,25633.098588360554,54246.30848784143,54646.30848784143,25633.098588360554,53.092716969045014,1,1,0.005602836608886719
sample:akca:r30x5b-3,recency_K,8.0,0,3,54043.205692783435,61520.26416757817,54646.30848784143,54043.205692783435,1.1036478249801327,2,2,0.009476661682128906
sample:akca:r30x5b-3,recency_K,8.0,0,4,54143.205692783435,55253.93016968144,54646.30848784143,54143.205692783435,0.9206528473372246,3,3,0.014027833938598633
sample:akca:r30x5b-3,learned_K,8.0,0,1,200.0,73911.75700435507,74111.75700435507,200.0,99.73013728444158,0,0,0.003650665283203125
sample:akca:r30x5b-3,learned_K,8.0,0,2,25633.098588360554,54246.30848784143,54646.30848784143,25633.098588360554,53.092716969045014,1,1,0.007413148880004883
sample:akca:r30x5b-3,learned_K,8.0,0,3,54043.205692783435,61520.26416757817,54646.30848784143,54043.205692783435,1.1036478249801327,2,2,0.012087821960449219
sample:akca:r30x5b-3,learned_K,8.0,0,4,54143.205692783435,55253.93016968144,54646.30848784143,54143.205692783435,0.9206528473372246,3,3,0.018930912017822266
pair:barreto:Ch69Cli50x5,all_cuts,,0,1,40.0,25351.205450729685,25391.205450729685,40.0,99.84246513983899,0,0,0.005952596664428711
pair:barreto:Ch69Cli50x5,all_cuts,,0,2,160.0,16879.69967310022,17039.69967310022,160.0,99.06101631443315,1,1,0.011836767196655273
pair:barreto:Ch69Cli50x5,all_cuts,,0,3,11580.948353966794,15662.453869053083,15782.453869053083,11580.948353966794,26.621370478546314,2,2,0.01857137680053711
pair:barreto:Ch69Cli50x5,all_cuts,,0,4,11620.948353966794,13302.32399830296,13462.32399830296,11620.948353966794,13.67799233303467,3,3,0.025460004806518555
pair:barreto:Ch69Cli50x5,all_cuts,,0,5,11620.948353966794,12244.013286702515,12404.013286702515,11620.948353966794,6.312996565193865,4,4,0.032013654708862305
pair:barreto:Ch69Cli50x5,all_cuts,,0,6,11660.948353966794,11460.948353966793,11660.948353966793,11660.948353966794,0.0,5,5,0.03875565528869629
pair:barreto:Ch69Cli50x5,random_K,8.0,0,1,40.0,25351.205450729685,25391.205450729685,40.0,99.84246513983899,0,0,0.0041692256927490234
pair:barreto:Ch69Cli50x5,random_K,8.0,0,2,160.0,16879.69967310022,17039.69967310022,160.0,99.06101631443315,1,1,0.008480072021484375
pair:barreto:Ch69Cli50x5,random_K,8.0,0,3,11580.948353966794,15662.453869053083,15782.453869053083,11580.948353966794,26.621370478546314,2,2,0.0147857666015625
pair:barreto:Ch69Cli50x5,random_K,8.0,0,4,11620.948353966794,13302.32399830296,13462.32399830296,11620.948353966794,13.67799233303467,3,3,0.021533966064453125
pair:barreto:Ch69Cli50x5,random_K,8.0,0,5,11620.948353966794,12244.013286702515,12404.013286702515,11620.948353966794,6.312996565193865,4,4,0.027791976928710938
pair:barreto:Ch69Cli50x5,random_K,8.0,0,6,11660.948353966794,11460.948353966793,11660.948353966793,11660.948353966794,0.0,5,5,0.03285789489746094
pair:barreto:Ch69Cli50x5,random_K,8.0,1,1,40.0,25351.205450729685,25391.205450729685,40.0,99.84246513983899,0,0,0.0040607452392578125
pair:barreto:Ch69Cli50x5,random_K,8.0,1,2,160.0,16879.69967310022,17039.69967310022,160.0,99.06101631443315,1,1,0.008358001708984375
pair:barreto:Ch69Cli50x5,random_K,8.0,1,3,11580.948353966794,15662.453869053083,15782.453869053083,11580.948353966794,26.621370478546314,2,2,0.013518095016479492
pair:barreto:Ch69Cli50x5,random_K,8.0,1,4,11620.948353966794,13302.32399830296,13462.32399830296,11620.948353966794,13.67799233303467,3,3,0.020083189010620117
pair:barreto:Ch69Cli50x5,random_K,8.0,1,5,11620.948353966794,12244.013286702515,12404.013286702515,11620.948353966794,6.312996565193865,4,4,0.026657581329345703
pair:barreto:Ch69Cli50x5,random_K,8.0,1,6,11660.948353966794,11460.948353966793,11660.948353966793,11660.948353966794,0.0,5,5,0.03209495544433594
pair:barreto:Ch69Cli50x5,random_K,8.0,2,1,40.0,25351.205450729685,25391.205450729685,40.0,99.84246513983899,0,0,0.00412440299987793
pair:barreto:Ch69Cli50x5,random_K,8.0,2,2,160.0,16879.69967310022,17039.69967310022,160.0,99.06101631443315,1,1,0.00874185562133789
pair:barreto:Ch69Cli50x5,random_K,8.0,2,3,11580.948353966794,15662.453869053083,15782.453869053083,11580.948353966794,26.621370478546314,2,2,0.015551567077636719
pair:barreto:Ch69Cli50x5,random_K,8.0,2,4,11620.948353966794,13302.32399830296,13462.32399830296,11620.948353966794,13.67799233303467,3,3,0.02232646942138672
pair:barreto:Ch69Cli50x5,random_K,8.0,2,5,11620.948353966794,12244.013286702515,12404.013286702515,11620.948353966794,6.312996565193865,4,4,0.028946399688720703
pair:barreto:Ch69Cli50x5,random_K,8.0,2,6,11660.948353966794,11460.948353966793,11660.948353966793,11660.948353966794,0.0,5,5,0.03555464744567871
pair:barreto:Ch69Cli50x5,recency_K,8.0,0,1,40.0,25351.205450729685,25391.205450729685,40.0,99.84246513983899,0,0,0.00562596321105957
pair:barreto:Ch69Cli50x5,recency_K,8.0,0,2,160.0,16879.69967310022,17039.69967310022,160.0,99.06101631443315,1,1,0.011455774307250977
pair:barreto:Ch69Cli50x5,recency_K,8.0,0,3,11580.948353966794,15662.453869053083,15782.453869053083,11580.948353966794,26.621370478546314,2,2,0.01800084114074707
pair:barreto:Ch69Cli50x5,recency_K,8.0,0,4,11620.948353966794,13302.32399830296,13462.32399830296,11620.948353966794,13.67799233303467,3,3,0.023657798767089844
pair:barreto:Ch69Cli50x5,recency_K,8.0,0,5,11620.948353966794,12244.013286702515,12404.013286702515,11620.948353966794,6.312996565193865,4,4,0.028622150421142578
pair:barreto:Ch69Cli50x5,recency_K,8.0,0,6,11660.948353966794,11460.948353966793,11660.948353966793,11660.948353966794,0.0,5,5,0.03516054153442383
pair:barreto:Ch69Cli50x5,learned_K,8.0,0,1,40.0,25351.205450729685,25391.205450729685,40.0,99.84246513983899,0,0,0.0052950382232666016
pair:barreto:Ch69Cli50x5,learned_K,8.0,0,2,160.0,16879.69967310022,17039.69967310022,160.0,99.06101631443315,1,1,0.01101541519165039
pair:barreto:Ch69Cli50x5,learned_K,8.0,0,3,11580.948353966794,15662.453869053083,15782.453869053083,11580.948353966794,26.621370478546314,2,2,0.017839431762695312
pair:barreto:Ch69Cli50x5,learned_K,8.0,0,4,11620.948353966794,13302.32399830296,13462.32399830296,11620.948353966794,13.67799233303467,3,3,0.02429986000061035
pair:barreto:Ch69Cli50x5,learned_K,8.0,0,5,11620.948353966794,12244.013286702515,12404.013286702515,11620.948353966794,6.312996565193865,4,4,0.02932000160217285
pair:barreto:Ch69Cli50x5,learned_K,8.0,0,6,11660.948353966794,11460.948353966793,11660.948353966793,11660.948353966794,0.0,5,5,0.034317731857299805
pair:barreto:Perl83Cli55x15,all_cuts,,0,1,480.0,30736.27306143405,31216.27306143405,480.0,98.46234046243973,0,0,0.01603078842163086
pair:barreto:Perl83Cli55x15,all_cuts,,0,2,480.0,18229.543300153935,18709.543300153935,480.0,97.43446436773232,1,1,0.032935380935668945
pair:barreto:Perl83Cli55x15,all_cuts,,0,3,1680.0,14470.656736059544,16150.656736059544,1680.0,89.59794621695434,2,2,0.05144619941711426
pair:barreto:Perl83Cli55x15,all_cuts,,0,4,2120.5784385563747,10323.861131658774,12243.861131658774,2120.5784385563747,82.68047623414132,3,3,0.07783341407775879
pair:barreto:Perl83Cli55x15,all_cuts,,0,5,6564.0063338885175,10370.465471046755,12243.861131658774,6564.0063338885175,46.38940883675933,4,4,0.09324836730957031
pair:barreto:Perl83Cli55x15,all_cuts,,0,6,8168.765385001356,9863.046583817999,12023.046583817999,8168.765385001356,32.057442112918196,5,5,0.11188340187072754
pair:barreto:Perl83Cli55x15,all_cuts,,0,7,9176.523265646234,8197.127930885137,11077.127930885137,9176.523265646234,17.157919246735936,6,6,0.13053321838378906
pair:barreto:Perl83Cli55x15,all_cuts,,0,8,9560.446234286112,9246.97523760114,10686.97523760114,9560.446234286112,10.541139829270305,7,7,0.14896821975708008
pair:barreto:Perl83Cli55x15,all_cuts,,0,9,9718.734640972798,9619.729122431603,10686.97523760114,9718.734640972798,9.060005989549566,8,8,0.17836284637451172
pair:barreto:Perl83Cli55x15,all_cuts,,0,10,9748.196612163734,11217.954955918383,10686.97523760114,9748.196612163734,8.78432488674999,9,9,0.20236444473266602
pair:barreto:Perl83Cli55x15,all_cuts,,0,11,9796.577801008147,10599.343147792422,10686.97523760114,9796.577801008147,8.331613172080834,10,10,0.22161245346069336
pair:barreto:Perl83Cli55x15,all_cuts,,0,12,9892.468362934651,9158.985055757894,10686.97523760114,9892.468362934651,7.434347483758453,11,11,0.28328609466552734
pair:barreto:Perl83Cli55x15,all_cuts,,0,13,9901.103849086832,9240.396229445209,10686.97523760114,9901.103849086832,7.353543645813754,12,12,0.30800557136535645
pair:barreto:Perl83Cli55x15,all_cuts,,0,14,9982.017489709035,11279.774315893776,10686.97523760114,9982.017489709035,6.596419774715828,13,13,0.32856225967407227
pair:barreto:Perl83Cli55x15,all_cuts,,0,15,9988.180843987153,9497.414947245063,10686.97523760114,9988.180843987153,6.538748131045943,14,14,0.34990930557250977
pair:barreto:Perl83Cli55x15,all_cuts,,0,16,10055.415845658012,9382.880452234736,10686.97523760114,10055.415845658012,5.909617809546754,15,15,0.38422513008117676
pair:barreto:Perl83Cli55x15,all_cuts,,0,17,10093.673060914978,9285.068952962338,10686.97523760114,10093.673060914978,5.551637984512988,16,16,0.43314456939697266
pair:barreto:Perl83Cli55x15,all_cuts,,0,18,10116.438906941965,11990.844278680026,10686.97523760114,10116.438906941965,5.338613760905851,17,17,0.46673154830932617
pair:barreto:Perl83Cli55x15,all_cuts,,0,19,10117.127930885134,9043.391114768354,10686.97523760114,10117.127930885134,5.332166436683144,18,18,0.49321937561035156
pair:barreto:Perl83Cli55x15,all_cuts,,0,20,10190.453431185404,9407.687582120754,10686.97523760114,10190.453431185404,4.646046195267392,19,19,0.5277321338653564
pair:barreto:Perl83Cli55x15,all_cuts,,0,21,10214.466317692488,8191.0297186165435,10351.029718616544,10214.466317692488,1.319321890057416,20,20,0.5692684650421143
pair:barreto:Perl83Cli55x15,all_cuts,,0,22,10222.706890447194,11868.00698773962,10351.029718616544,10222.706890447194,1.239710750115602,21,21,0.6127238273620605
pair:barreto:Perl83Cli55x15,all_cuts,,0,23,10223.001686867077,10437.031536508823,10351.029718616544,10223.001686867077,1.2368627588732164,22,22,0.6476988792419434
pair:barreto:Perl83Cli55x15,all_cuts,,0,24,10240.14897901302,8456.234945662512,10351.029718616544,10240.14897901302,1.0712049198748135,23,23,0.6936519145965576
pair:barreto:Perl83Cli55x15,all_cuts,,0,25,10248.720768364617,8950.871708190347,10351.029718616544,10248.720768364617,0.9883939379279547,24,24,0.7413680553436279
pair:barreto:Perl83Cli55x15,random_K,8.0,0,1,480.0,30736.27306143405,31216.27306143405,480.0,98.46234046243973,0,0,0.015271663665771484
pair:barreto:Perl83Cli55x15,random_K,8.0,0,2,480.0,18229.543300153935,18709.543300153935,480.0,97.43446436773232,1,1,0.05078125
pair:barreto:Perl83Cli55x15,random_K,8.0,0,3,1680.0,14470.656736059544,16150.656736059544,1680.0,89.59794621695434,2,2,0.0664060115814209
pair:barreto:Perl83Cli55x15,random_K,8.0,0,4,2120.5784385563747,10323.861131658774,12243.861131658774,2120.5784385563747,82.68047623414132,3,3,0.08903336524963379
pair:barreto:Perl83Cli55x15,random_K,8.0,0,5,6564.0063338885175,10370.465471046755,12243.861131658774,6564.0063338885175,46.38940883675933,4,4,0.10300922393798828
pair:barreto:Perl83Cli55x15,random_K,8.0,0,6,8168.765385001356,9863.046583817999,12023.046583817999,8168.765385001356,32.057442112918196,5,5,0.1156606674194336
pair:barreto:Perl83Cli55x15,random_K,8.0,0,7,9176.523265646234,8197.127930885137,11077.127930885137,9176.523265646234,17.157919246735936,6,6,0.12842345237731934
pair:barreto:Perl83Cli55x15,random_K,8.0,0,8,9560.446234286112,9246.97523760114,10686.97523760114,9560.446234286112,10.541139829270305,7,7,0.1439225673675537
pair:barreto:Perl83Cli55x15,random_K,8.0,0,9,9718.734640972798,9619.729122431603,10686.97523760114,9718.734640972798,9.060005989549566,8,8,0.16532087326049805
pair:barreto:Perl83Cli55x15,random_K,8.0,0,10,9719.123615178101,10319.569240182385,10686.97523760114,9719.123615178101,9.056366286110048,8,9,0.17983365058898926
pair:barreto:Perl83Cli55x15,random_K,8.0,0,11,9822.328254452084,11149.448415404053,10686.97523760114,9822.328254452084,8.090661425946557,8,10,0.1936037540435791
pair:barreto:Perl83Cli55x15,random_K,8.0,0,12,9851.861822487983,9820.50438056044,10686.97523760114,9851.861822487983,7.814310378252657,8,11,0.21250319480895996
pair:barreto:Perl83Cli55x15,random_K,8.0,0,13,9793.271025643036,11987.599003251971,10686.97523760114,9851.861822487983,7.814310378252657,8,12,0.2312028408050537
pair:barreto:Perl83Cli55x15,random_K,8.0,0,14,9822.328254452084,11149.448415404053,10686.97523760114,9851.861822487983,7.814310378252657,8,13,0.24626493453979492
pair:barreto:Perl83Cli55x15,random_K,8.0,1,1,480.0,30736.27306143405,31216.27306143405,480.0,98.46234046243973,0,0,0.010978937149047852
pair:barreto:Perl83Cli55x15,random_K,8.0,1,2,480.0,18229.543300153935,18709.543300153935,480.0,97.43446436773232,1,1,0.023275136947631836
pair:barreto:Perl83Cli55x15,random_K,8.0,1,3,1680.0,14470.656736059544,16150.656736059544,1680.0,89.59794621695434,2,2,0.036739349365234375
pair:barreto:Perl83Cli55x15,random_K,8.0,1,4,2120.5784385563747,10323.861131658774,12243.861131658774,2120.5784385563747,82.68047623414132,3,3,0.05791640281677246
pair:barreto:Perl83Cli55x15,random_K,8.0,1,5,6564.0063338885175,10370.465471046755,12243.861131658774,6564.0063338885175,46.38940883675933,4,4,0.07150411605834961
pair:barreto:Perl83Cli55x15,random_K,8.0,1,6,8168.765385001356,9863.046583817999,12023.046583817999,8168.765385001356,32.057442112918196,5,5,0.08382606506347656
pair:barreto:Perl83Cli55x15,random_K,8.0,1,7,9176.523265646234,8197.127930885137,11077.127930885137,9176.523265646234,17.157919246735936,6,6,0.09604787826538086
pair:barreto:Perl83Cli55x15,random_K,8.0,1,8,9560.446234286112,9246.97523760114,10686.97523760114,9560.446234286112,10.541139829270305,7,7,0.11185264587402344
pair:barreto:Perl83Cli55x15,random_K,8.0,1,9,9718.734640972798,9619.729122431603,10686.97523760114,9718.734640972798,9.060005989549566,8,8,0.1345071792602539
pair:barreto:Perl83Cli55x15,random_K,8.0,1,10,9748.196612163734,11217.954955918383,10686.97523760114,9748.196612163734,8.78432488674999,8,9,0.15261626243591309
pair:barreto:Perl83Cli55x15,random_K,8.0,1,11,9603.921246321423,11544.051753440961,10686.97523760114,9748.196612163734,8.78432488674999,8,10,0.16832470893859863
pair:barreto:Perl83Cli55x15,random_K,8.0,1,12,9560.446234286115,9246.97523760114,10686.97523760114,9748.196612163734,8.78432488674999,8,11,0.19311904907226562
pair:barreto:Perl83Cli55x15,random_K,8.0,2,1,480.0,30736.27306143405,31216.27306143405,480.0,98.46234046243973,0,0,0.012967586517333984
pair:barreto:Perl83Cli55x15,random_K,8.0,2,2,480.0,18229.543300153935,18709.543300153935,480.0,97.43446436773232,1,1,0.02637004852294922
pair:barreto:Perl83Cli55x15,random_K,8.0,2,3,1680.0,14470.656736059544,16150.656736059544,1680.0,89.59794621695434,2,2,0.04042220115661621
pair:barreto:Perl83Cli55x15,random_K,8.0,2,4,2120.5784385563747,10323.861131658774,12243.861131658774,2120.5784385563747,82.68047623414132,3,3,0.061867475509643555
pair:barreto:Perl83Cli55x15,random_K,8.0,2,5,6564.0063338885175,10370.465471046755,12243.861131658774,6564.0063338885175,46.38940883675933,4,4,0.07478499412536621
pair:barreto:Perl83Cli55x15,random_K,8.0,2,6,8168.765385001356,9863.046583817999,12023.046583817999,8168.765385001356,32.057442112918196,5,5,0.08704924583435059
pair:barreto:Perl83Cli55x15,random_K,8.0,2,7,9176.523265646234,8197.127930885137,11077.127930885137,9176.523265646234,17.157919246735936,6,6,0.09892797470092773
pair:barreto:Perl83Cli55x15,random_K,8.0,2,8,9560.446234286112,9246.97523760114,10686.97523760114,9560.446234286112,10.541139829270305,7,7,0.11597537994384766
pair:barreto:Perl83Cli55x15,random_K,8.0,2,9,9718.734640972798,9619.729122431603,10686.97523760114,9718.734640972798,9.060005989549566,8,8,0.13697290420532227
pair:barreto:Perl83Cli55x15,random_K,8.0,2,10,9719.123615178101,10319.569240182385,10686.97523760114,9719.123615178101,9.056366286110048,8,9,0.1512444019317627
pair:barreto:Perl83Cli55x15,random_K,8.0,2,11,9692.603492244794,12000.595037916097,10686.97523760114,9719.123615178101,9.056366286110048,8,10,0.16728425025939941
pair:barreto:Perl83Cli55x15,random_K,8.0,2,12,9822.328254452084,11149.448415404053,10686.97523760114,9822.328254452084,8.090661425946557,8,11,0.1821577548980713
pair:barreto:Perl83Cli55x15,random_K,8.0,2,13,9842.42574995341,9317.473897209136,10686.97523760114,9842.42574995341,7.902605450757104,8,12,0.2011246681213379
pair:barreto:Perl83Cli55x15,random_K,8.0,2,14,9841.75075595225,9878.572500679704,10686.97523760114,9842.42574995341,7.902605450757104,8,13,0.2242896556854248
pair:barreto:Perl83Cli55x15,random_K,8.0,2,15,9713.830411178904,8559.156628293842,10686.97523760114,9842.42574995341,7.902605450757104,8,14,0.23984646797180176
pair:barreto:Perl83Cli55x15,random_K,8.0,2,16,9640.91615556744,9446.06635675148,10686.97523760114,9842.42574995341,7.902605450757104,8,15,0.2558915615081787
pair:barreto:Perl83Cli55x15,random_K,8.0,2,17,9583.029848035736,9246.97523760114,10686.97523760114,9842.42574995341,7.902605450757104,8,16,0.2718379497528076
pair:barreto:Perl83Cli55x15,recency_K,8.0,0,1,480.0,30736.27306143405,31216.27306143405,480.0,98.46234046243973,0,0,0.01135110855102539
pair:barreto:Perl83Cli55x15,recency_K,8.0,0,2,480.0,18229.543300153935,18709.543300153935,480.0,97.43446436773232,1,1,0.023900985717773438
pair:barreto:Perl83Cli55x15,recency_K,8.0,0,3,1680.0,14470.656736059544,16150.656736059544,1680.0,89.59794621695434,2,2,0.036772966384887695
pair:barreto:Perl83Cli55x15,recency_K,8.0,0,4,2120.5784385563747,10323.861131658774,12243.861131658774,2120.5784385563747,82.68047623414132,3,3,0.056268930435180664
pair:barreto:Perl83Cli55x15,recency_K,8.0,0,5,6564.0063338885175,10370.465471046755,12243.861131658774,6564.0063338885175,46.38940883675933,4,4,0.06941652297973633
pair:barreto:Perl83Cli55x15,recency_K,8.0,0,6,8168.765385001356,9863.046583817999,12023.046583817999,8168.765385001356,32.057442112918196,5,5,0.081878662109375
pair:barreto:Perl83Cli55x15,recency_K,8.0,0,7,9176.523265646234,8197.127930885137,11077.127930885137,9176.523265646234,17.157919246735936,6,6,0.09458684921264648
pair:barreto:Perl83Cli55x15,recency_K,8.0,0,8,9560.446234286112,9246.97523760114,10686.97523760114,9560.446234286112,10.541139829270305,7,7,0.11137080192565918
pair:barreto:Perl83Cli55x15,recency_K,8.0,0,9,9718.734640972798,9619.729122431603,10686.97523760114,9718.734640972798,9.060005989549566,8,8,0.13094258308410645
pair:barreto:Perl83Cli55x15,recency_K,8.0,0,10,9748.196612163734,11217.954955918383,10686.97523760114,9748.196612163734,8.78432488674999,8,9,0.15205049514770508
pair:barreto:Perl83Cli55x15,recency_K,8.0,0,11,9763.316633452316,9423.363471245608,10686.97523760114,9763.316633452316,8.642844056557898,8,10,0.16851234436035156
pair:barreto:Perl83Cli55x15,recency_K,8.0,0,12,9850.272910824056,11580.007342327292,10686.97523760114,9850.272910824056,7.82917811798818,8,11,0.19600939750671387
pair:barreto:Perl83Cli55x15,recency_K,8.0,0,13,9919.790643242412,10632.09837795517,10686.97523760114,9919.790643242412,7.178687863516893,8,12,0.2120838165283203
pair:barreto:Perl83Cli55x15,recency_K,8.0,0,14,9894.729851304995,10465.754291649575,10686.97523760114,9919.790643242412,7.178687863516893,8,13,0.23184871673583984
pair:barreto:Perl83Cli55x15,recency_K,8.0,0,15,9909.485315717004,10796.246385374332,10686.97523760114,9919.790643242412,7.178687863516893,8,14,0.24813604354858398
pair:barreto:Perl83Cli55x15,recency_K,8.0,0,16,10046.05819059379,8462.110429662634,10686.97523760114,10046.05819059379,5.997179115306095,8,15,0.26442551612854004
pair:barreto:Perl83Cli55x15,recency_K,8.0,0,17,9599.752179392948,8738.829843822548,10658.829843822548,10046.05819059379,5.748958020789654,8,16,0.2796156406402588
pair:barreto:Perl83Cli55x15,recency_K,8.0,0,18,9794.285052849946,9374.556554379924,10658.829843822548,10046.05819059379,5.748958020789654,8,17,0.29608941078186035
pair:barreto:Perl83Cli55x15,recency_K,8.0,0,19,9923.357745709838,12167.444343013629,10658.829843822548,10046.05819059379,5.748958020789654,8,18,0.3148186206817627
pair:barreto:Perl83Cli55x15,recency_K,8.0,0,20,9902.416815289314,8460.26180646061,10620.26180646061,10046.05819059379,5.4066804221108296,8,19,0.33095574378967285
pair:barreto:Perl83Cli55x15,recency_K,8.0,0,21,9766.024463013144,11527.121170322978,10620.26180646061,10046.05819059379,5.4066804221108296,8,20,0.34524965286254883
pair:barreto:Perl83Cli55x15,recency_K,8.0,0,22,9701.79016674919,11947.74073982369,10620.26180646061,10046.05819059379,5.4066804221108296,8,21,0.36098241806030273
pair:barreto:Perl83Cli55x15,recency_K,8.0,0,23,9848.39491094348,10221.203347763352,10620.26180646061,10046.05819059379,5.4066804221108296,8,22,0.3789520263671875
pair:barreto:Perl83Cli55x15,recency_K,8.0,0,24,9778.522039400646,10204.914453087067,10620.26180646061,10046.05819059379,5.4066804221108296,8,23,0.4025230407714844
pair:barreto:Perl83Cli55x15,recency_K,8.0,0,25,9945.34743258476,9341.705948795181,10620.26180646061,10046.05819059379,5.4066804221108296,8,24,0.4546809196472168
pair:barreto:Perl83Cli55x15,recency_K,8.0,0,26,9772.979720434201,8738.829843822548,10620.26180646061,10046.05819059379,5.4066804221108296,8,25,0.4729185104370117
pair:barreto:Perl83Cli55x15,learned_K,8.0,0,1,480.0,30736.27306143405,31216.27306143405,480.0,98.46234046243973,0,0,0.010980844497680664
pair:barreto:Perl83Cli55x15,learned_K,8.0,0,2,480.0,18229.543300153935,18709.543300153935,480.0,97.43446436773232,1,1,0.023163557052612305
pair:barreto:Perl83Cli55x15,learned_K,8.0,0,3,1680.0,14470.656736059544,16150.656736059544,1680.0,89.59794621695434,2,2,0.038034677505493164
pair:barreto:Perl83Cli55x15,learned_K,8.0,0,4,2120.5784385563747,10323.861131658774,12243.861131658774,2120.5784385563747,82.68047623414132,3,3,0.0594029426574707
pair:barreto:Perl83Cli55x15,learned_K,8.0,0,5,6564.0063338885175,10370.465471046755,12243.861131658774,6564.0063338885175,46.38940883675933,4,4,0.07319068908691406
pair:barreto:Perl83Cli55x15,learned_K,8.0,0,6,8168.765385001356,9863.046583817999,12023.046583817999,8168.765385001356,32.057442112918196,5,5,0.08546996116638184
pair:barreto:Perl83Cli55x15,learned_K,8.0,0,7,9176.523265646234,8197.127930885137,11077.127930885137,9176.523265646234,17.157919246735936,6,6,0.09747195243835449
pair:barreto:Perl83Cli55x15,learned_K,8.0,0,8,9560.446234286112,9246.97523760114,10686.97523760114,9560.446234286112,10.541139829270305,7,7,0.12723898887634277
pair:barreto:Perl83Cli55x15,learned_K,8.0,0,9,9718.734640972798,9619.729122431603,10686.97523760114,9718.734640972798,9.060005989549566,8,8,0.14886689186096191
pair:barreto:Perl83Cli55x15,learned_K,8.0,0,10,9718.734640972798,9619.729122431603,10686.97523760114,9718.734640972798,9.060005989549566,8,9,0.1725146770477295
pair:barreto:Ch69Cli75x10,all_cuts,,0,1,40.0,65076.78710135905,65116.78710135905,40.0,99.9385719078281,0,0,0.011443138122558594
pair:barreto:Ch69Cli75x10,all_cuts,,0,2,120.0,32798.75903139786,32918.75903139786,120.0,99.63546620975127,1,1,0.02507638931274414
pair:barreto:Ch69Cli75x10,all_cuts,,0,3,12051.899896095023,35941.10597132486,32918.75903139786,12051.899896095023,63.388960426485276,2,2,0.040361642837524414
pair:barreto:Ch69Cli75x10,all_cuts,,0,4,19894.65958002227,25534.46163556927,25774.46163556927,19894.65958002227,22.812511619768443,3,3,0.0531618595123291
pair:barreto:Ch69Cli75x10,all_cuts,,0,5,23446.31676001065,24864.82985365581,25144.82985365581,23446.31676001065,6.754919812663649,4,4,0.06920599937438965
pair:barreto:Ch69Cli75x10,all_cuts,,0,6,23818.228392100245,23967.948759286526,24287.948759286526,23818.228392100245,1.9339647486973663,5,5,0.08650040626525879
pair:barreto:Ch69Cli75x10,all_cuts,,0,7,23888.021548226745,23488.021548226745,23888.021548226745,23888.021548226745,0.0,6,6,0.1043853759765625
pair:barreto:Ch69Cli75x10,random_K,8.0,0,1,40.0,65076.78710135905,65116.78710135905,40.0,99.9385719078281,0,0,0.015279769897460938
pair:barreto:Ch69Cli75x10,random_K,8.0,0,2,120.0,32798.75903139786,32918.75903139786,120.0,99.63546620975127,1,1,0.030544281005859375
pair:barreto:Ch69Cli75x10,random_K,8.0,0,3,12051.899896095023,35941.10597132486,32918.75903139786,12051.899896095023,63.388960426485276,2,2,0.0469057559967041
pair:barreto:Ch69Cli75x10,random_K,8.0,0,4,19894.65958002227,25534.46163556927,25774.46163556927,19894.65958002227,22.812511619768443,3,3,0.06407308578491211
pair:barreto:Ch69Cli75x10,random_K,8.0,0,5,23446.31676001065,24864.82985365581,25144.82985365581,23446.31676001065,6.754919812663649,4,4,0.08077812194824219
pair:barreto:Ch69Cli75x10,random_K,8.0,0,6,23818.228392100245,23967.948759286526,24287.948759286526,23818.228392100245,1.9339647486973663,5,5,0.09410572052001953
pair:barreto:Ch69Cli75x10,random_K,8.0,0,7,23888.021548226745,23488.021548226745,23888.021548226745,23888.021548226745,0.0,6,6,0.10729837417602539
pair:barreto:Ch69Cli75x10,random_K,8.0,1,1,40.0,65076.78710135905,65116.78710135905,40.0,99.9385719078281,0,0,0.011776447296142578
pair:barreto:Ch69Cli75x10,random_K,8.0,1,2,120.0,32798.75903139786,32918.75903139786,120.0,99.63546620975127,1,1,0.024924039840698242
pair:barreto:Ch69Cli75x10,random_K,8.0,1,3,12051.899896095023,35941.10597132486,32918.75903139786,12051.899896095023,63.388960426485276,2,2,0.03674626350402832
pair:barreto:Ch69Cli75x10,random_K,8.0,1,4,19894.65958002227,25534.46163556927,25774.46163556927,19894.65958002227,22.812511619768443,3,3,0.04961824417114258
pair:barreto:Ch69Cli75x10,random_K,8.0,1,5,23446.31676001065,24864.82985365581,25144.82985365581,23446.31676001065,6.754919812663649,4,4,0.0619966983795166
pair:barreto:Ch69Cli75x10,random_K,8.0,1,6,23818.228392100245,23967.948759286526,24287.948759286526,23818.228392100245,1.9339647486973663,5,5,0.07364535331726074
pair:barreto:Ch69Cli75x10,random_K,8.0,1,7,23888.021548226745,23488.021548226745,23888.021548226745,23888.021548226745,0.0,6,6,0.08656144142150879
pair:barreto:Ch69Cli75x10,random_K,8.0,2,1,40.0,65076.78710135905,65116.78710135905,40.0,99.9385719078281,0,0,0.014077425003051758
pair:barreto:Ch69Cli75x10,random_K,8.0,2,2,120.0,32798.75903139786,32918.75903139786,120.0,99.63546620975127,1,1,0.04947805404663086
pair:barreto:Ch69Cli75x10,random_K,8.0,2,3,12051.899896095023,35941.10597132486,32918.75903139786,12051.899896095023,63.388960426485276,2,2,0.06063365936279297
pair:barreto:Ch69Cli75x10,random_K,8.0,2,4,19894.65958002227,25534.46163556927,25774.46163556927,19894.65958002227,22.812511619768443,3,3,0.0722818374633789
pair:barreto:Ch69Cli75x10,random_K,8.0,2,5,23446.31676001065,24864.82985365581,25144.82985365581,23446.31676001065,6.754919812663649,4,4,0.08479642868041992
pair:barreto:Ch69Cli75x10,random_K,8.0,2,6,23818.228392100245,23967.948759286526,24287.948759286526,23818.228392100245,1.9339647486973663,5,5,0.09630179405212402
pair:barreto:Ch69Cli75x10,random_K,8.0,2,7,23888.021548226745,23488.021548226745,23888.021548226745,23888.021548226745,0.0,6,6,0.10736966133117676
pair:barreto:Ch69Cli75x10,recency_K,8.0,0,1,40.0,65076.78710135905,65116.78710135905,40.0,99.9385719078281,0,0,0.009510517120361328
pair:barreto:Ch69Cli75x10,recency_K,8.0,0,2,120.0,32798.75903139786,32918.75903139786,120.0,99.63546620975127,1,1,0.023274660110473633
pair:barreto:Ch69Cli75x10,recency_K,8.0,0,3,12051.899896095023,35941.10597132486,32918.75903139786,12051.899896095023,63.388960426485276,2,2,0.03342843055725098
pair:barreto:Ch69Cli75x10,recency_K,8.0,0,4,19894.65958002227,25534.46163556927,25774.46163556927,19894.65958002227,22.812511619768443,3,3,0.04503488540649414
pair:barreto:Ch69Cli75x10,recency_K,8.0,0,5,23446.31676001065,24864.82985365581,25144.82985365581,23446.31676001065,6.754919812663649,4,4,0.05657219886779785
pair:barreto:Ch69Cli75x10,recency_K,8.0,0,6,23818.228392100245,23967.948759286526,24287.948759286526,23818.228392100245,1.9339647486973663,5,5,0.06831645965576172
pair:barreto:Ch69Cli75x10,recency_K,8.0,0,7,23888.021548226745,23488.021548226745,23888.021548226745,23888.021548226745,0.0,6,6,0.08061528205871582
pair:barreto:Ch69Cli75x10,learned_K,8.0,0,1,40.0,65076.78710135905,65116.78710135905,40.0,99.9385719078281,0,0,0.009986400604248047
pair:barreto:Ch69Cli75x10,learned_K,8.0,0,2,120.0,32798.75903139786,32918.75903139786,120.0,99.63546620975127,1,1,0.021824359893798828
pair:barreto:Ch69Cli75x10,learned_K,8.0,0,3,12051.899896095023,35941.10597132486,32918.75903139786,12051.899896095023,63.388960426485276,2,2,0.03168034553527832
pair:barreto:Ch69Cli75x10,learned_K,8.0,0,4,19894.65958002227,25534.46163556927,25774.46163556927,19894.65958002227,22.812511619768443,3,3,0.042996883392333984
pair:barreto:Ch69Cli75x10,learned_K,8.0,0,5,23446.31676001065,24864.82985365581,25144.82985365581,23446.31676001065,6.754919812663649,4,4,0.0547184944152832
pair:barreto:Ch69Cli75x10,learned_K,8.0,0,6,23818.228392100245,23967.948759286526,24287.948759286526,23818.228392100245,1.9339647486973663,5,5,0.06618237495422363
pair:barreto:Ch69Cli75x10,learned_K,8.0,0,7,23888.021548226745,23488.021548226745,23888.021548226745,23888.021548226745,0.0,6,6,0.07884049415588379
pair:barreto:Perl83Cli85x7,all_cuts,,0,1,744.0,54405.19786899276,55149.19786899276,744.0,98.65093232766979,0,0,0.009641170501708984
pair:barreto:Perl83Cli85x7,all_cuts,,0,2,1116.0,29222.55646747524,30338.55646747524,1116.0,96.32151252418217,1,1,0.02145695686340332
pair:barreto:Perl83Cli85x7,all_cuts,,0,3,13908.029332573926,22347.30650622941,23835.30650622941,13908.029332573926,41.649463039466134,2,2,0.0309295654296875
pair:barreto:Perl83Cli85x7,all_cuts,,0,4,18045.236526119246,20936.265736596084,22796.265736596084,18045.236526119246,20.84126086865952,3,3,0.04442334175109863
pair:barreto:Perl83Cli85x7,all_cuts,,0,5,20643.079047799725,18977.291664138324,21209.291664138324,20643.079047799725,2.669644160233684,4,4,0.05786538124084473
pair:barreto:Perl83Cli85x7,all_cuts,,0,6,20643.079047799725,18616.31580618954,20848.31580618954,20643.079047799725,0.9844284799680759,5,5,0.07063412666320801
pair:barreto:Perl83Cli85x7,random_K,8.0,0,1,744.0,54405.19786899276,55149.19786899276,744.0,98.65093232766979,0,0,0.01240086555480957
pair:barreto:Perl83Cli85x7,random_K,8.0,0,2,1116.0,29222.55646747524,30338.55646747524,1116.0,96.32151252418217,1,1,0.02676534652709961
pair:barreto:Perl83Cli85x7,random_K,8.0,0,3,13908.029332573926,22347.30650622941,23835.30650622941,13908.029332573926,41.649463039466134,2,2,0.03633594512939453
pair:barreto:Perl83Cli85x7,random_K,8.0,0,4,18045.236526119246,20936.265736596084,22796.265736596084,18045.236526119246,20.84126086865952,3,3,0.04869389533996582
pair:barreto:Perl83Cli85x7,random_K,8.0,0,5,20643.079047799725,18977.291664138324,21209.291664138324,20643.079047799725,2.669644160233684,4,4,0.05972933769226074
pair:barreto:Perl83Cli85x7,random_K,8.0,0,6,20643.079047799725,18616.31580618954,20848.31580618954,20643.079047799725,0.9844284799680759,5,5,0.07148909568786621
pair:barreto:Perl83Cli85x7,random_K,8.0,1,1,744.0,54405.19786899276,55149.19786899276,744.0,98.65093232766979,0,0,0.011474132537841797
pair:barreto:Perl83Cli85x7,random_K,8.0,1,2,1116.0,29222.55646747524,30338.55646747524,1116.0,96.32151252418217,1,1,0.026245594024658203
pair:barreto:Perl83Cli85x7,random_K,8.0,1,3,13908.029332573926,22347.30650622941,23835.30650622941,13908.029332573926,41.649463039466134,2,2,0.03929638862609863
pair:barreto:Perl83Cli85x7,random_K,8.0,1,4,18045.236526119246,20936.265736596084,22796.265736596084,18045.236526119246,20.84126086865952,3,3,0.05266118049621582
pair:barreto:Perl83Cli85x7,random_K,8.0,1,5,20643.079047799725,18977.291664138324,21209.291664138324,20643.079047799725,2.669644160233684,4,4,0.0637199878692627
pair:barreto:Perl83Cli85x7,random_K,8.0,1,6,20643.079047799725,18616.31580618954,20848.31580618954,20643.079047799725,0.9844284799680759,5,5,0.07457661628723145
pair:barreto:Perl83Cli85x7,random_K,8.0,2,1,744.0,54405.19786899276,55149.19786899276,744.0,98.65093232766979,0,0,0.009408950805664062
pair:barreto:Perl83Cli85x7,random_K,8.0,2,2,1116.0,29222.55646747524,30338.55646747524,1116.0,96.32151252418217,1,1,0.020251750946044922
pair:barreto:Perl83Cli85x7,random_K,8.0,2,3,13908.029332573926,22347.30650622941,23835.30650622941,13908.029332573926,41.649463039466134,2,2,0.029774188995361328
pair:barreto:Perl83Cli85x7,random_K,8.0,2,4,18045.236526119246,20936.265736596084,22796.265736596084,18045.236526119246,20.84126086865952,3,3,0.04007697105407715
pair:barreto:Perl83Cli85x7,random_K,8.0,2,5,20643.079047799725,18977.291664138324,21209.291664138324,20643.079047799725,2.669644160233684,4,4,0.050205230712890625
pair:barreto:Perl83Cli85x7,random_K,8.0,2,6,20643.079047799725,18616.31580618954,20848.31580618954,20643.079047799725,0.9844284799680759,5,5,0.06133079528808594
pair:barreto:Perl83Cli85x7,recency_K,8.0,0,1,744.0,54405.19786899276,55149.19786899276,744.0,98.65093232766979,0,0,0.008252859115600586
pair:barreto:Perl83Cli85x7,recency_K,8.0,0,2,1116.0,29222.55646747524,30338.55646747524,1116.0,96.32151252418217,1,1,0.01873016357421875
pair:barreto:Perl83Cli85x7,recency_K,8.0,0,3,13908.029332573926,22347.30650622941,23835.30650622941,13908.029332573926,41.649463039466134,2,2,0.02718210220336914
pair:barreto:Perl83Cli85x7,recency_K,8.0,0,4,18045.236526119246,20936.265736596084,22796.265736596084,18045.236526119246,20.84126086865952,3,3,0.0365450382232666
pair:barreto:Perl83Cli85x7,recency_K,8.0,0,5,20643.079047799725,18977.291664138324,21209.291664138324,20643.079047799725,2.669644160233684,4,4,0.04684710502624512
pair:barreto:Perl83Cli85x7,recency_K,8.0,0,6,20643.079047799725,18616.31580618954,20848.31580618954,20643.079047799725,0.9844284799680759,5,5,0.05792808532714844
pair:barreto:Perl83Cli85x7,learned_K,8.0,0,1,744.0,54405.19786899276,55149.19786899276,744.0,98.65093232766979,0,0,0.008019685745239258
pair:barreto:Perl83Cli85x7,learned_K,8.0,0,2,1116.0,29222.55646747524,30338.55646747524,1116.0,96.32151252418217,1,1,0.01915454864501953
pair:barreto:Perl83Cli85x7,learned_K,8.0,0,3,13908.029332573926,22347.30650622941,23835.30650622941,13908.029332573926,41.649463039466134,2,2,0.028048992156982422
pair:barreto:Perl83Cli85x7,learned_K,8.0,0,4,18045.236526119246,20936.265736596084,22796.265736596084,18045.236526119246,20.84126086865952,3,3,0.03719663619995117
pair:barreto:Perl83Cli85x7,learned_K,8.0,0,5,20643.079047799725,18977.291664138324,21209.291664138324,20643.079047799725,2.669644160233684,4,4,0.04721212387084961
pair:barreto:Perl83Cli85x7,learned_K,8.0,0,6,20643.079047799725,18616.31580618954,20848.31580618954,20643.079047799725,0.9844284799680759,5,5,0.05715227127075195
pair:barreto:Daskin95Cli88x8,all_cuts,,0,1,75.0,794334299.1021638,794334374.1021638,75.0,99.9999905581324,0,0,0.015542984008789062
pair:barreto:Daskin95Cli88x8,all_cuts,,0,2,162.39999999999998,536161859.23868865,536162021.6386886,162.39999999999998,99.99996971064839,1,1,0.028284072875976562
pair:barreto:Daskin95Cli88x8,all_cuts,,0,3,483.29999999999995,475500244.7270951,475500728.02709514,483.29999999999995,99.99989835977708,2,2,0.04090762138366699
pair:barreto:Daskin95Cli88x8,all_cuts,,0,4,566.9,222051433.44746703,222052000.34746704,566.9,99.99974469944016,3,3,0.05505704879760742
pair:barreto:Daskin95Cli88x8,all_cuts,,0,5,157045336.11409676,195718691.72806472,195719472.72806472,157045336.11409676,19.75998406029957,4,4,0.06627464294433594
pair:barreto:Daskin95Cli88x8,all_cuts,,0,6,157131697.6837807,163731823.88083163,163732548.48083162,157131697.6837807,4.031483573850127,5,5,0.07741522789001465
pair:barreto:Daskin95Cli88x8,all_cuts,,0,7,160202125.76089716,173162285.46285108,163732548.48083162,160202125.76089716,2.15621313702802,6,6,0.08972764015197754
pair:barreto:Daskin95Cli88x8,all_cuts,,0,8,160202370.26089716,160201456.26089722,160202370.26089722,160202370.26089716,3.7205844506745815e-14,7,7,0.10191011428833008
pair:barreto:Daskin95Cli88x8,random_K,8.0,0,1,75.0,794334299.1021638,794334374.1021638,75.0,99.9999905581324,0,0,0.015020370483398438
pair:barreto:Daskin95Cli88x8,random_K,8.0,0,2,162.39999999999998,536161859.23868865,536162021.6386886,162.39999999999998,99.99996971064839,1,1,0.028003215789794922
pair:barreto:Daskin95Cli88x8,random_K,8.0,0,3,483.29999999999995,475500244.7270951,475500728.02709514,483.29999999999995,99.99989835977708,2,2,0.043675899505615234
pair:barreto:Daskin95Cli88x8,random_K,8.0,0,4,566.9,222051433.44746703,222052000.34746704,566.9,99.99974469944016,3,3,0.056589603424072266
pair:barreto:Daskin95Cli88x8,random_K,8.0,0,5,157045336.11409676,195718691.72806472,195719472.72806472,157045336.11409676,19.75998406029957,4,4,0.06917548179626465
pair:barreto:Daskin95Cli88x8,random_K,8.0,0,6,157131697.6837807,163731823.88083163,163732548.48083162,157131697.6837807,4.031483573850127,5,5,0.08430194854736328
pair:barreto:Daskin95Cli88x8,random_K,8.0,0,7,160202125.76089716,173162285.46285108,163732548.48083162,160202125.76089716,2.15621313702802,6,6,0.09847760200500488
pair:barreto:Daskin95Cli88x8,random_K,8.0,0,8,160202370.26089716,160201456.26089722,160202370.26089722,160202370.26089716,3.7205844506745815e-14,7,7,0.1098182201385498
pair:barreto:Daskin95Cli88x8,random_K,8.0,1,1,75.0,794334299.1021638,794334374.1021638,75.0,99.9999905581324,0,0,0.011481761932373047
pair:barreto:Daskin95Cli88x8,random_K,8.0,1,2,162.39999999999998,536161859.23868865,536162021.6386886,162.39999999999998,99.99996971064839,1,1,0.023990869522094727
pair:barreto:Daskin95Cli88x8,random_K,8.0,1,3,483.29999999999995,475500244.7270951,475500728.02709514,483.29999999999995,99.99989835977708,2,2,0.035540103912353516
pair:barreto:Daskin95Cli88x8,random_K,8.0,1,4,566.9,222051433.44746703,222052000.34746704,566.9,99.99974469944016,3,3,0.047310829162597656
pair:barreto:Daskin95Cli88x8,random_K,8.0,1,5,157045336.11409676,195718691.72806472,195719472.72806472,157045336.11409676,19.75998406029957,4,4,0.05877113342285156
pair:barreto:Daskin95Cli88x8,random_K,8.0,1,6,157131697.6837807,163731823.88083163,163732548.48083162,157131697.6837807,4.031483573850127,5,5,0.06942296028137207
pair:barreto:Daskin95Cli88x8,random_K,8.0,1,7,160202125.76089716,173162285.46285108,163732548.48083162,160202125.76089716,2.15621313702802,6,6,0.07941389083862305
pair:barreto:Daskin95Cli88x8,random_K,8.0,1,8,160202370.26089716,160201456.26089722,160202370.26089722,160202370.26089716,3.7205844506745815e-14,7,7,0.09050869941711426
pair:barreto:Daskin95Cli88x8,random_K,8.0,2,1,75.0,794334299.1021638,794334374.1021638,75.0,99.9999905581324,0,0,0.010839223861694336
pair:barreto:Daskin95Cli88x8,random_K,8.0,2,2,162.39999999999998,536161859.23868865,536162021.6386886,162.39999999999998,99.99996971064839,1,1,0.022324323654174805
pair:barreto:Daskin95Cli88x8,random_K,8.0,2,3,483.29999999999995,475500244.7270951,475500728.02709514,483.29999999999995,99.99989835977708,2,2,0.033339738845825195
pair:barreto:Daskin95Cli88x8,random_K,8.0,2,4,566.9,222051433.44746703,222052000.34746704,566.9,99.99974469944016,3,3,0.045506954193115234
pair:barreto:Daskin95Cli88x8,random_K,8.0,2,5,157045336.11409676,195718691.72806472,195719472.72806472,157045336.11409676,19.75998406029957,4,4,0.05918717384338379
pair:barreto:Daskin95Cli88x8,random_K,8.0,2,6,157131697.6837807,163731823.88083163,163732548.48083162,157131697.6837807,4.031483573850127,5,5,0.09418940544128418
pair:barreto:Daskin95Cli88x8,random_K,8.0,2,7,160202125.76089716,173162285.46285108,163732548.48083162,160202125.76089716,2.15621313702802,6,6,0.10453939437866211
pair:barreto:Daskin95Cli88x8,random_K,8.0,2,8,160202370.26089716,160201456.26089722,160202370.26089722,160202370.26089716,3.7205844506745815e-14,7,7,0.11600327491760254
pair:barreto:Daskin95Cli88x8,recency_K,8.0,0,1,75.0,794334299.1021638,794334374.1021638,75.0,99.9999905581324,0,0,0.010802984237670898
pair:barreto:Daskin95Cli88x8,recency_K,8.0,0,2,162.39999999999998,536161859.23868865,536162021.6386886,162.39999999999998,99.99996971064839,1,1,0.02124476432800293
pair:barreto:Daskin95Cli88x8,recency_K,8.0,0,3,483.29999999999995,475500244.7270951,475500728.02709514,483.29999999999995,99.99989835977708,2,2,0.03081798553466797
pair:barreto:Daskin95Cli88x8,recency_K,8.0,0,4,566.9,222051433.44746703,222052000.34746704,566.9,99.99974469944016,3,3,0.04244732856750488
pair:barreto:Daskin95Cli88x8,recency_K,8.0,0,5,157045336.11409676,195718691.72806472,195719472.72806472,157045336.11409676,19.75998406029957,4,4,0.05235004425048828
pair:barreto:Daskin95Cli88x8,recency_K,8.0,0,6,157131697.6837807,163731823.88083163,163732548.48083162,157131697.6837807,4.031483573850127,5,5,0.06282305717468262
pair:barreto:Daskin95Cli88x8,recency_K,8.0,0,7,160202125.76089716,173162285.46285108,163732548.48083162,160202125.76089716,2.15621313702802,6,6,0.07449555397033691
pair:barreto:Daskin95Cli88x8,recency_K,8.0,0,8,160202370.26089716,160201456.26089722,160202370.26089722,160202370.26089716,3.7205844506745815e-14,7,7,0.08502984046936035
pair:barreto:Daskin95Cli88x8,learned_K,8.0,0,1,75.0,794334299.1021638,794334374.1021638,75.0,99.9999905581324,0,0,0.01059412956237793
pair:barreto:Daskin95Cli88x8,learned_K,8.0,0,2,162.39999999999998,536161859.23868865,536162021.6386886,162.39999999999998,99.99996971064839,1,1,0.02100205421447754
pair:barreto:Daskin95Cli88x8,learned_K,8.0,0,3,483.29999999999995,475500244.7270951,475500728.02709514,483.29999999999995,99.99989835977708,2,2,0.03268694877624512
pair:barreto:Daskin95Cli88x8,learned_K,8.0,0,4,566.9,222051433.44746703,222052000.34746704,566.9,99.99974469944016,3,3,0.04404640197753906
pair:barreto:Daskin95Cli88x8,learned_K,8.0,0,5,157045336.11409676,195718691.72806472,195719472.72806472,157045336.11409676,19.75998406029957,4,4,0.054579973220825195
pair:barreto:Daskin95Cli88x8,learned_K,8.0,0,6,157131697.6837807,163731823.88083163,163732548.48083162,157131697.6837807,4.031483573850127,5,5,0.06485271453857422
pair:barreto:Daskin95Cli88x8,learned_K,8.0,0,7,160202125.76089716,173162285.46285108,163732548.48083162,160202125.76089716,2.15621313702802,6,6,0.07473897933959961
pair:barreto:Daskin95Cli88x8,learned_K,8.0,0,8,160202370.26089716,160201456.26089722,160202370.26089722,160202370.26089716,3.7205844506745815e-14,7,7,0.08520746231079102
pair:barreto:Ch69Cli100x10,all_cuts,,0,1,40.0,60817.19826597608,60857.19826597608,40.0,99.93427236031278,0,0,0.020380735397338867
pair:barreto:Ch69Cli100x10,all_cuts,,0,2,120.0,34475.89595090248,34595.89595090248,120.0,99.65313804802078,1,1,0.03802800178527832
pair:barreto:Ch69Cli100x10,all_cuts,,0,3,6435.136701125905,26848.8243147277,27168.8243147277,6435.136701125905,76.31426142485842,2,2,0.053063392639160156
pair:barreto:Ch69Cli100x10,all_cuts,,0,4,22167.213236473563,30606.097355583435,27168.8243147277,22167.213236473563,18.409376203823655,3,3,0.07479143142700195
pair:barreto:Ch69Cli100x10,all_cuts,,0,5,22247.213236473563,24033.972658341354,24313.972658341354,22247.213236473563,8.500295080979914,4,4,0.0939483642578125
pair:barreto:Ch69Cli100x10,all_cuts,,0,6,22523.081102088563,23485.067671195353,23765.067671195353,22523.081102088563,5.226101546565971,5,5,0.11579775810241699
pair:barreto:Ch69Cli100x10,all_cuts,,0,7,22616.384153490024,24419.887905366737,23765.067671195353,22616.384153490024,4.833495673557876,6,6,0.13609933853149414
pair:barreto:Ch69Cli100x10,all_cuts,,0,8,22737.25919747843,22409.03344286651,22769.03344286651,22737.25919747843,0.13955026008375895,7,7,0.1557912826538086
pair:barreto:Ch69Cli100x10,random_K,8.0,0,1,40.0,60817.19826597608,60857.19826597608,40.0,99.93427236031278,0,0,0.0173642635345459
pair:barreto:Ch69Cli100x10,random_K,8.0,0,2,120.0,34475.89595090248,34595.89595090248,120.0,99.65313804802078,1,1,0.03372359275817871
pair:barreto:Ch69Cli100x10,random_K,8.0,0,3,6435.136701125905,26848.8243147277,27168.8243147277,6435.136701125905,76.31426142485842,2,2,0.04885983467102051
pair:barreto:Ch69Cli100x10,random_K,8.0,0,4,22167.213236473563,30606.097355583435,27168.8243147277,22167.213236473563,18.409376203823655,3,3,0.06528329849243164
pair:barreto:Ch69Cli100x10,random_K,8.0,0,5,22247.213236473563,24033.972658341354,24313.972658341354,22247.213236473563,8.500295080979914,4,4,0.08123373985290527
pair:barreto:Ch69Cli100x10,random_K,8.0,0,6,22523.081102088563,23485.067671195353,23765.067671195353,22523.081102088563,5.226101546565971,5,5,0.09714436531066895
pair:barreto:Ch69Cli100x10,random_K,8.0,0,7,22616.384153490024,24419.887905366737,23765.067671195353,22616.384153490024,4.833495673557876,6,6,0.11235356330871582
pair:barreto:Ch69Cli100x10,random_K,8.0,0,8,22737.25919747843,22409.03344286651,22769.03344286651,22737.25919747843,0.13955026008375895,7,7,0.1279740333557129
pair:barreto:Ch69Cli100x10,random_K,8.0,1,1,40.0,60817.19826597608,60857.19826597608,40.0,99.93427236031278,0,0,0.01482844352722168
pair:barreto:Ch69Cli100x10,random_K,8.0,1,2,120.0,34475.89595090248,34595.89595090248,120.0,99.65313804802078,1,1,0.029809951782226562
pair:barreto:Ch69Cli100x10,random_K,8.0,1,3,6435.136701125905,26848.8243147277,27168.8243147277,6435.136701125905,76.31426142485842,2,2,0.045731544494628906
pair:barreto:Ch69Cli100x10,random_K,8.0,1,4,22167.213236473563,30606.097355583435,27168.8243147277,22167.213236473563,18.409376203823655,3,3,0.061403751373291016
pair:barreto:Ch69Cli100x10,random_K,8.0,1,5,22247.213236473563,24033.972658341354,24313.972658341354,22247.213236473563,8.500295080979914,4,4,0.0769655704498291
pair:barreto:Ch69Cli100x10,random_K,8.0,1,6,22523.081102088563,23485.067671195353,23765.067671195353,22523.081102088563,5.226101546565971,5,5,0.09245705604553223
pair:barreto:Ch69Cli100x10,random_K,8.0,1,7,22616.384153490024,24419.887905366737,23765.067671195353,22616.384153490024,4.833495673557876,6,6,0.10780739784240723
pair:barreto:Ch69Cli100x10,random_K,8.0,1,8,22737.25919747843,22409.03344286651,22769.03344286651,22737.25919747843,0.13955026008375895,7,7,0.12294912338256836
pair:barreto:Ch69Cli100x10,random_K,8.0,2,1,40.0,60817.19826597608,60857.19826597608,40.0,99.93427236031278,0,0,0.013372659683227539
pair:barreto:Ch69Cli100x10,random_K,8.0,2,2,120.0,34475.89595090248,34595.89595090248,120.0,99.65313804802078,1,1,0.02908611297607422
pair:barreto:Ch69Cli100x10,random_K,8.0,2,3,6435.136701125905,26848.8243147277,27168.8243147277,6435.136701125905,76.31426142485842,2,2,0.04419231414794922
pair:barreto:Ch69Cli100x10,random_K,8.0,2,4,22167.213236473563,30606.097355583435,27168.8243147277,22167.213236473563,18.409376203823655,3,3,0.05974841117858887
pair:barreto:Ch69Cli100x10,random_K,8.0,2,5,22247.213236473563,24033.972658341354,24313.972658341354,22247.213236473563,8.500295080979914,4,4,0.0747990608215332
pair:barreto:Ch69Cli100x10,random_K,8.0,2,6,22523.081102088563,23485.067671195353,23765.067671195353,22523.081102088563,5.226101546565971,5,5,0.08972883224487305
pair:barreto:Ch69Cli100x10,random_K,8.0,2,7,22616.384153490024,24419.887905366737,23765.067671195353,22616.384153490024,4.833495673557876,6,6,0.10525870323181152
pair:barreto:Ch69Cli100x10,random_K,8.0,2,8,22737.25919747843,22409.03344286651,22769.03344286651,22737.25919747843,0.13955026008375895,7,7,0.12184858322143555
pair:barreto:Ch69Cli100x10,recency_K,8.0,0,1,40.0,60817.19826597608,60857.19826597608,40.0,99.93427236031278,0,0,0.013598918914794922
pair:barreto:Ch69Cli100x10,recency_K,8.0,0,2,120.0,34475.89595090248,34595.89595090248,120.0,99.65313804802078,1,1,0.03149056434631348
pair:barreto:Ch69Cli100x10,recency_K,8.0,0,3,6435.136701125905,26848.8243147277,27168.8243147277,6435.136701125905,76.31426142485842,2,2,0.06978368759155273
pair:barreto:Ch69Cli100x10,recency_K,8.0,0,4,22167.213236473563,30606.097355583435,27168.8243147277,22167.213236473563,18.409376203823655,3,3,0.08456611633300781
pair:barreto:Ch69Cli100x10,recency_K,8.0,0,5,22247.213236473563,24033.972658341354,24313.972658341354,22247.213236473563,8.500295080979914,4,4,0.0989236831665039
pair:barreto:Ch69Cli100x10,recency_K,8.0,0,6,22523.081102088563,23485.067671195353,23765.067671195353,22523.081102088563,5.226101546565971,5,5,0.113739013671875
pair:barreto:Ch69Cli100x10,recency_K,8.0,0,7,22616.384153490024,24419.887905366737,23765.067671195353,22616.384153490024,4.833495673557876,6,6,0.12924480438232422
pair:barreto:Ch69Cli100x10,recency_K,8.0,0,8,22737.25919747843,22409.03344286651,22769.03344286651,22737.25919747843,0.13955026008375895,7,7,0.14501667022705078
pair:barreto:Ch69Cli100x10,learned_K,8.0,0,1,40.0,60817.19826597608,60857.19826597608,40.0,99.93427236031278,0,0,0.013000011444091797
pair:barreto:Ch69Cli100x10,learned_K,8.0,0,2,120.0,34475.89595090248,34595.89595090248,120.0,99.65313804802078,1,1,0.027829408645629883
pair:barreto:Ch69Cli100x10,learned_K,8.0,0,3,6435.136701125905,26848.8243147277,27168.8243147277,6435.136701125905,76.31426142485842,2,2,0.0413060188293457
pair:barreto:Ch69Cli100x10,learned_K,8.0,0,4,22167.213236473563,30606.097355583435,27168.8243147277,22167.213236473563,18.409376203823655,3,3,0.056122541427612305
pair:barreto:Ch69Cli100x10,learned_K,8.0,0,5,22247.213236473563,24033.972658341354,24313.972658341354,22247.213236473563,8.500295080979914,4,4,0.07128024101257324
pair:barreto:Ch69Cli100x10,learned_K,8.0,0,6,22523.081102088563,23485.067671195353,23765.067671195353,22523.081102088563,5.226101546565971,5,5,0.08571076393127441
pair:barreto:Ch69Cli100x10,learned_K,8.0,0,7,22616.384153490024,24419.887905366737,23765.067671195353,22616.384153490024,4.833495673557876,6,6,0.1007075309753418
pair:barreto:Ch69Cli100x10,learned_K,8.0,0,8,22737.25919747843,22409.03344286651,22769.03344286651,22737.25919747843,0.13955026008375895,7,7,0.1159048080444336
sample:contardo:I1-100x10x5,all_cuts,,0,1,225.0,305628.7614030481,305853.7614030481,225.0,99.92643543144023,0,0,0.025015830993652344
sample:contardo:I1-100x10x5,all_cuts,,0,2,290.0,302788.4562323555,303078.4562323555,290.0,99.90431520484661,1,1,0.053536415100097656
sample:contardo:I1-100x10x5,all_cuts,,0,3,310.0,242039.59010745524,242349.59010745524,310.0,99.87208560993953,2,2,0.08264589309692383
sample:contardo:I1-100x10x5,all_cuts,,0,4,340.0,181012.1614103494,181352.1614103494,340.0,99.81251946634886,3,3,0.1238718032836914
sample:contardo:I1-100x10x5,all_cuts,,0,5,365.0,197871.13928091692,181352.1614103494,365.0,99.79873413299217,4,4,0.15823960304260254
sample:contardo:I1-100x10x5,all_cuts,,0,6,380.0,171221.7555733297,171601.7555733297,380.0,99.77855704405214,5,5,0.19828557968139648
sample:contardo:I1-100x10x5,all_cuts,,0,7,400.0,216714.8890605235,171601.7555733297,400.0,99.76690215163383,6,6,0.27196669578552246
sample:contardo:I1-100x10x5,all_cuts,,0,8,405.0,158663.91941626556,159068.91941626556,405.0,99.74539337949473,7,7,0.30983877182006836
sample:contardo:I1-100x10x5,all_cuts,,0,9,410.0,148396.19653752513,148806.19653752513,410.0,99.72447383943678,8,8,0.33922529220581055
sample:contardo:I1-100x10x5,all_cuts,,0,10,415.0,107801.77573304393,108216.77573304393,415.0,99.61651047428751,9,9,0.3679063320159912
sample:contardo:I1-100x10x5,all_cuts,,0,11,30652.312571779996,84496.40847448783,85401.40847448783,30652.312571779996,64.10795428398954,10,10,0.3905482292175293
sample:contardo:I1-100x10x5,all_cuts,,0,12,85585.59983229604,97288.38913434705,85401.40847448783,85585.59983229604,0.0,11,11,0.41411304473876953
sample:contardo:I1-100x10x5,random_K,8.0,0,1,225.0,305628.7614030481,305853.7614030481,225.0,99.92643543144023,0,0,0.019995689392089844
sample:contardo:I1-100x10x5,random_K,8.0,0,2,290.0,302788.4562323555,303078.4562323555,290.0,99.90431520484661,1,1,0.04227399826049805
sample:contardo:I1-100x10x5,random_K,8.0,0,3,310.0,242039.59010745524,242349.59010745524,310.0,99.87208560993953,2,2,0.06746244430541992
sample:contardo:I1-100x10x5,random_K,8.0,0,4,340.0,181012.1614103494,181352.1614103494,340.0,99.81251946634886,3,3,0.09378361701965332
sample:contardo:I1-100x10x5,random_K,8.0,0,5,365.0,197871.13928091692,181352.1614103494,365.0,99.79873413299217,4,4,0.11812162399291992
sample:contardo:I1-100x10x5,random_K,8.0,0,6,380.0,171221.7555733297,171601.7555733297,380.0,99.77855704405214,5,5,0.14307641983032227
sample:contardo:I1-100x10x5,random_K,8.0,0,7,400.0,216714.8890605235,171601.7555733297,400.0,99.76690215163383,6,6,0.17356467247009277
sample:contardo:I1-100x10x5,random_K,8.0,0,8,405.0,158663.91941626556,159068.91941626556,405.0,99.74539337949473,7,7,0.20445895195007324
sample:contardo:I1-100x10x5,random_K,8.0,0,9,410.0,148396.19653752513,148806.19653752513,410.0,99.72447383943678,8,8,0.23367953300476074
sample:contardo:I1-100x10x5,random_K,8.0,0,10,415.0,107801.77573304393,108216.77573304393,415.0,99.61651047428751,8,9,0.261110782623291
sample:contardo:I1-100x10x5,random_K,8.0,0,11,30652.312571779996,84496.40847448783,85401.40847448783,30652.312571779996,64.10795428398954,8,10,0.2834615707397461
sample:contardo:I1-100x10x5,random_K,8.0,0,12,85585.59983229604,97288.38913434705,85401.40847448783,85585.59983229604,0.0,8,11,0.3050813674926758
sample:contardo:I1-100x10x5,random_K,8.0,1,1,225.0,305628.7614030481,305853.7614030481,225.0,99.92643543144023,0,0,0.018697500228881836
sample:contardo:I1-100x10x5,random_K,8.0,1,2,290.0,302788.4562323555,303078.4562323555,290.0,99.90431520484661,1,1,0.043183088302612305
sample:contardo:I1-100x10x5,random_K,8.0,1,3,310.0,242039.59010745524,242349.59010745524,310.0,99.87208560993953,2,2,0.06759047508239746
sample:contardo:I1-100x10x5,random_K,8.0,1,4,340.0,181012.1614103494,181352.1614103494,340.0,99.81251946634886,3,3,0.09349250793457031
sample:contardo:I1-100x10x5,random_K,8.0,1,5,365.0,197871.13928091692,181352.1614103494,365.0,99.79873413299217,4,4,0.11823010444641113
sample:contardo:I1-100x10x5,random_K,8.0,1,6,380.0,171221.7555733297,171601.7555733297,380.0,99.77855704405214,5,5,0.14410877227783203
sample:contardo:I1-100x10x5,random_K,8.0,1,7,400.0,216714.8890605235,171601.7555733297,400.0,99.76690215163383,6,6,0.1738896369934082
sample:contardo:I1-100x10x5,random_K,8.0,1,8,405.0,158663.91941626556,159068.91941626556,405.0,99.74539337949473,7,7,0.20318388938903809
sample:contardo:I1-100x10x5,random_K,8.0,1,9,410.0,148396.19653752513,148806.19653752513,410.0,99.72447383943678,8,8,0.23123621940612793
sample:contardo:I1-100x10x5,random_K,8.0,1,10,415.0,107801.77573304393,108216.77573304393,415.0,99.61651047428751,8,9,0.2583920955657959
sample:contardo:I1-100x10x5,random_K,8.0,1,11,30652.312571779996,84496.40847448783,85401.40847448783,30652.312571779996,64.10795428398954,8,10,0.28010988235473633
sample:contardo:I1-100x10x5,random_K,8.0,1,12,85585.59983229604,97288.38913434705,85401.40847448783,85585.59983229604,0.0,8,11,0.3039815425872803
sample:contardo:I1-100x10x5,random_K,8.0,2,1,225.0,305628.7614030481,305853.7614030481,225.0,99.92643543144023,0,0,0.01862168312072754
sample:contardo:I1-100x10x5,random_K,8.0,2,2,290.0,302788.4562323555,303078.4562323555,290.0,99.90431520484661,1,1,0.04403066635131836
sample:contardo:I1-100x10x5,random_K,8.0,2,3,310.0,242039.59010745524,242349.59010745524,310.0,99.87208560993953,2,2,0.07078909873962402
sample:contardo:I1-100x10x5,random_K,8.0,2,4,340.0,181012.1614103494,181352.1614103494,340.0,99.81251946634886,3,3,0.09629964828491211
sample:contardo:I1-100x10x5,random_K,8.0,2,5,365.0,197871.13928091692,181352.1614103494,365.0,99.79873413299217,4,4,0.11821365356445312
sample:contardo:I1-100x10x5,random_K,8.0,2,6,380.0,171221.7555733297,171601.7555733297,380.0,99.77855704405214,5,5,0.14635539054870605
sample:contardo:I1-100x10x5,random_K,8.0,2,7,400.0,216714.8890605235,171601.7555733297,400.0,99.76690215163383,6,6,0.17723798751831055
sample:contardo:I1-100x10x5,random_K,8.0,2,8,405.0,158663.91941626556,159068.91941626556,405.0,99.74539337949473,7,7,0.20683503150939941
sample:contardo:I1-100x10x5,random_K,8.0,2,9,410.0,148396.19653752513,148806.19653752513,410.0,99.72447383943678,8,8,0.23662781715393066
sample:contardo:I1-100x10x5,random_K,8.0,2,10,415.0,107801.77573304393,108216.77573304393,415.0,99.61651047428751,8,9,0.2656106948852539
sample:contardo:I1-100x10x5,random_K,8.0,2,11,30652.312571779996,84496.40847448783,85401.40847448783,30652.312571779996,64.10795428398954,8,10,0.2895469665527344
sample:contardo:I1-100x10x5,random_K,8.0,2,12,30652.312571779996,84496.40847448783,85401.40847448783,30652.312571779996,64.10795428398954,8,11,0.31597352027893066
sample:contardo:I1-100x10x5,recency_K,8.0,0,1,225.0,305628.7614030481,305853.7614030481,225.0,99.92643543144023,0,0,0.04174017906188965
sample:contardo:I1-100x10x5,recency_K,8.0,0,2,290.0,302788.4562323555,303078.4562323555,290.0,99.90431520484661,1,1,0.06623291969299316
sample:contardo:I1-100x10x5,recency_K,8.0,0,3,310.0,242039.59010745524,242349.59010745524,310.0,99.87208560993953,2,2,0.09049844741821289
sample:contardo:I1-100x10x5,recency_K,8.0,0,4,340.0,181012.1614103494,181352.1614103494,340.0,99.81251946634886,3,3,0.11648178100585938
sample:contardo:I1-100x10x5,recency_K,8.0,0,5,365.0,197871.13928091692,181352.1614103494,365.0,99.79873413299217,4,4,0.1405811309814453
sample:contardo:I1-100x10x5,recency_K,8.0,0,6,380.0,171221.7555733297,171601.7555733297,380.0,99.77855704405214,5,5,0.1655731201171875
sample:contardo:I1-100x10x5,recency_K,8.0,0,7,400.0,216714.8890605235,171601.7555733297,400.0,99.76690215163383,6,6,0.1954352855682373
sample:contardo:I1-100x10x5,recency_K,8.0,0,8,405.0,158663.91941626556,159068.91941626556,405.0,99.74539337949473,7,7,0.22579383850097656
sample:contardo:I1-100x10x5,recency_K,8.0,0,9,410.0,148396.19653752513,148806.19653752513,410.0,99.72447383943678,8,8,0.2533855438232422
sample:contardo:I1-100x10x5,recency_K,8.0,0,10,415.0,107801.77573304393,108216.77573304393,415.0,99.61651047428751,8,9,0.281691312789917
sample:contardo:I1-100x10x5,recency_K,8.0,0,11,30652.312571779996,84496.40847448783,85401.40847448783,30652.312571779996,64.10795428398954,8,10,0.3029327392578125
sample:contardo:I1-100x10x5,recency_K,8.0,0,12,85585.59983229604,97288.38913434705,85401.40847448783,85585.59983229604,0.0,8,11,0.3241751194000244
sample:contardo:I1-100x10x5,learned_K,8.0,0,1,225.0,305628.7614030481,305853.7614030481,225.0,99.92643543144023,0,0,0.019479036331176758
sample:contardo:I1-100x10x5,learned_K,8.0,0,2,290.0,302788.4562323555,303078.4562323555,290.0,99.90431520484661,1,1,0.042313575744628906
sample:contardo:I1-100x10x5,learned_K,8.0,0,3,310.0,242039.59010745524,242349.59010745524,310.0,99.87208560993953,2,2,0.06623983383178711
sample:contardo:I1-100x10x5,learned_K,8.0,0,4,340.0,181012.1614103494,181352.1614103494,340.0,99.81251946634886,3,3,0.0923452377319336
sample:contardo:I1-100x10x5,learned_K,8.0,0,5,365.0,197871.13928091692,181352.1614103494,365.0,99.79873413299217,4,4,0.11504030227661133
sample:contardo:I1-100x10x5,learned_K,8.0,0,6,380.0,171221.7555733297,171601.7555733297,380.0,99.77855704405214,5,5,0.13936090469360352
sample:contardo:I1-100x10x5,learned_K,8.0,0,7,400.0,216714.8890605235,171601.7555733297,400.0,99.76690215163383,6,6,0.16897368431091309
sample:contardo:I1-100x10x5,learned_K,8.0,0,8,405.0,158663.91941626556,159068.91941626556,405.0,99.74539337949473,7,7,0.19855976104736328
sample:contardo:I1-100x10x5,learned_K,8.0,0,9,410.0,148396.19653752513,148806.19653752513,410.0,99.72447383943678,8,8,0.227508544921875
sample:contardo:I1-100x10x5,learned_K,8.0,0,10,415.0,107801.77573304393,108216.77573304393,415.0,99.61651047428751,8,9,0.25584959983825684
sample:contardo:I1-100x10x5,learned_K,8.0,0,11,30652.312571779996,84496.40847448783,85401.40847448783,30652.312571779996,64.10795428398954,8,10,0.2775380611419678
sample:contardo:I1-100x10x5,learned_K,8.0,0,12,85585.59983229604,97288.38913434705,85401.40847448783,85585.59983229604,0.0,8,11,0.2998683452606201
sample:contardo:I1-100x20x5,all_cuts,,0,1,225.0,254135.70200460253,254360.70200460253,225.0,99.91154293952376,0,0,0.03556370735168457
sample:contardo:I1-100x20x5,all_cuts,,0,2,325.0,143466.64586627303,143791.64586627303,325.0,99.77397852424455,1,1,0.08144974708557129
sample:contardo:I1-100x20x5,all_cuts,,0,3,375.0,149753.68339765293,143791.64586627303,375.0,99.73920598951295,2,2,0.12131810188293457
sample:contardo:I1-100x20x5,all_cuts,,0,4,385.0,105743.89396339517,106128.89396339517,385.0,99.63723356983934,3,3,0.17331242561340332
sample:contardo:I1-100x20x5,all_cuts,,0,5,410.0,143090.72407913618,106128.89396339517,410.0,99.6136773081406,4,4,0.22444605827331543
sample:contardo:I1-100x20x5,all_cuts,,0,6,450.0,113130.16783991082,106128.89396339517,450.0,99.57598728942261,5,5,0.2635762691497803
sample:contardo:I1-100x20x5,all_cuts,,0,7,515.0,88428.80784463989,88943.80784463989,515.0,99.42098273901252,6,6,0.30049896240234375
sample:contardo:I1-100x20x5,all_cuts,,0,8,72038.42903538664,87748.65401110878,88458.65401110878,72038.42903538664,18.56259871833463,7,7,0.33442211151123047
sample:contardo:I1-100x20x5,all_cuts,,0,9,72431.22791343718,77994.4309712037,79024.4309712037,72431.22791343718,8.3432464830643,8,8,0.36928653717041016
sample:contardo:I1-100x20x5,all_cuts,,0,10,78927.98656983732,91048.74152914516,79024.4309712037,78927.98656983732,0.12204377833676887,9,9,0.40422773361206055
sample:contardo:I1-100x20x5,random_K,8.0,0,1,225.0,254135.70200460253,254360.70200460253,225.0,99.91154293952376,0,0,0.03342747688293457
sample:contardo:I1-100x20x5,random_K,8.0,0,2,325.0,143466.64586627303,143791.64586627303,325.0,99.77397852424455,1,1,0.07211637496948242
sample:contardo:I1-100x20x5,random_K,8.0,0,3,375.0,149753.68339765293,143791.64586627303,375.0,99.73920598951295,2,2,0.10928678512573242
sample:contardo:I1-100x20x5,random_K,8.0,0,4,385.0,105743.89396339517,106128.89396339517,385.0,99.63723356983934,3,3,0.18265533447265625
sample:contardo:I1-100x20x5,random_K,8.0,0,5,410.0,143090.72407913618,106128.89396339517,410.0,99.6136773081406,4,4,0.22558331489562988
sample:contardo:I1-100x20x5,random_K,8.0,0,6,450.0,113130.16783991082,106128.89396339517,450.0,99.57598728942261,5,5,0.264941930770874
sample:contardo:I1-100x20x5,random_K,8.0,0,7,515.0,88428.80784463989,88943.80784463989,515.0,99.42098273901252,6,6,0.3009459972381592
sample:contardo:I1-100x20x5,random_K,8.0,0,8,72038.42903538664,87748.65401110878,88458.65401110878,72038.42903538664,18.56259871833463,7,7,0.3345003128051758
sample:contardo:I1-100x20x5,random_K,8.0,0,9,72431.22791343718,77994.4309712037,79024.4309712037,72431.22791343718,8.3432464830643,8,8,0.3683969974517822
sample:contardo:I1-100x20x5,random_K,8.0,0,10,78917.98656983732,105860.99356229903,79024.4309712037,78917.98656983732,0.13469809280268885,8,9,0.40428948402404785
sample:contardo:I1-100x20x5,random_K,8.0,1,1,225.0,254135.70200460253,254360.70200460253,225.0,99.91154293952376,0,0,0.03149271011352539
sample:contardo:I1-100x20x5,random_K,8.0,1,2,325.0,143466.64586627303,143791.64586627303,325.0,99.77397852424455,1,1,0.0662989616394043
sample:contardo:I1-100x20x5,random_K,8.0,1,3,375.0,149753.68339765293,143791.64586627303,375.0,99.73920598951295,2,2,0.10160613059997559
sample:contardo:I1-100x20x5,random_K,8.0,1,4,385.0,105743.89396339517,106128.89396339517,385.0,99.63723356983934,3,3,0.1448824405670166
sample:contardo:I1-100x20x5,random_K,8.0,1,5,410.0,143090.72407913618,106128.89396339517,410.0,99.6136773081406,4,4,0.18524503707885742
sample:contardo:I1-100x20x5,random_K,8.0,1,6,450.0,113130.16783991082,106128.89396339517,450.0,99.57598728942261,5,5,0.2221527099609375
sample:contardo:I1-100x20x5,random_K,8.0,1,7,515.0,88428.80784463989,88943.80784463989,515.0,99.42098273901252,6,6,0.2626211643218994
sample:contardo:I1-100x20x5,random_K,8.0,1,8,72038.42903538664,87748.65401110878,88458.65401110878,72038.42903538664,18.56259871833463,7,7,0.29663538932800293
sample:contardo:I1-100x20x5,random_K,8.0,1,9,72431.22791343718,77994.4309712037,79024.4309712037,72431.22791343718,8.3432464830643,8,8,0.33130788803100586
sample:contardo:I1-100x20x5,random_K,8.0,1,10,78927.98656983732,91048.74152914516,79024.4309712037,78927.98656983732,0.12204377833676887,8,9,0.36499929428100586
sample:contardo:I1-100x20x5,random_K,8.0,2,1,225.0,254135.70200460253,254360.70200460253,225.0,99.91154293952376,0,0,0.03180813789367676
sample:contardo:I1-100x20x5,random_K,8.0,2,2,325.0,143466.64586627303,143791.64586627303,325.0,99.77397852424455,1,1,0.07126188278198242
sample:contardo:I1-100x20x5,random_K,8.0,2,3,375.0,149753.68339765293,143791.64586627303,375.0,99.73920598951295,2,2,0.11012959480285645
sample:contardo:I1-100x20x5,random_K,8.0,2,4,385.0,105743.89396339517,106128.89396339517,385.0,99.63723356983934,3,3,0.1566929817199707
sample:contardo:I1-100x20x5,random_K,8.0,2,5,410.0,143090.72407913618,106128.89396339517,410.0,99.6136773081406,4,4,0.19905948638916016
sample:contardo:I1-100x20x5,random_K,8.0,2,6,450.0,113130.16783991082,106128.89396339517,450.0,99.57598728942261,5,5,0.23739171028137207
sample:contardo:I1-100x20x5,random_K,8.0,2,7,515.0,88428.80784463989,88943.80784463989,515.0,99.42098273901252,6,6,0.2745242118835449
sample:contardo:I1-100x20x5,random_K,8.0,2,8,72038.42903538664,87748.65401110878,88458.65401110878,72038.42903538664,18.56259871833463,7,7,0.3106410503387451
sample:contardo:I1-100x20x5,random_K,8.0,2,9,72431.22791343718,77994.4309712037,79024.4309712037,72431.22791343718,8.3432464830643,8,8,0.3454136848449707
sample:contardo:I1-100x20x5,random_K,8.0,2,10,78917.98656983732,105860.99356229903,79024.4309712037,78917.98656983732,0.13469809280268885,8,9,0.40737056732177734
sample:contardo:I1-100x20x5,recency_K,8.0,0,1,225.0,254135.70200460253,254360.70200460253,225.0,99.91154293952376,0,0,0.03181791305541992
sample:contardo:I1-100x20x5,recency_K,8.0,0,2,325.0,143466.64586627303,143791.64586627303,325.0,99.77397852424455,1,1,0.06836080551147461
sample:contardo:I1-100x20x5,recency_K,8.0,0,3,375.0,149753.68339765293,143791.64586627303,375.0,99.73920598951295,2,2,0.10424947738647461
sample:contardo:I1-100x20x5,recency_K,8.0,0,4,385.0,105743.89396339517,106128.89396339517,385.0,99.63723356983934,3,3,0.1523144245147705
sample:contardo:I1-100x20x5,recency_K,8.0,0,5,410.0,143090.72407913618,106128.89396339517,410.0,99.6136773081406,4,4,0.19291973114013672
sample:contardo:I1-100x20x5,recency_K,8.0,0,6,450.0,113130.16783991082,106128.89396339517,450.0,99.57598728942261,5,5,0.23094749450683594
sample:contardo:I1-100x20x5,recency_K,8.0,0,7,515.0,88428.80784463989,88943.80784463989,515.0,99.42098273901252,6,6,0.26607561111450195
sample:contardo:I1-100x20x5,recency_K,8.0,0,8,72038.42903538664,87748.65401110878,88458.65401110878,72038.42903538664,18.56259871833463,7,7,0.30006980895996094
sample:contardo:I1-100x20x5,recency_K,8.0,0,9,72431.22791343718,77994.4309712037,79024.4309712037,72431.22791343718,8.3432464830643,8,8,0.33469176292419434
sample:contardo:I1-100x20x5,recency_K,8.0,0,10,78927.98656983732,91048.74152914516,79024.4309712037,78927.98656983732,0.12204377833676887,8,9,0.3689131736755371
sample:contardo:I1-100x20x5,learned_K,8.0,0,1,225.0,254135.70200460253,254360.70200460253,225.0,99.91154293952376,0,0,0.03196120262145996
sample:contardo:I1-100x20x5,learned_K,8.0,0,2,325.0,143466.64586627303,143791.64586627303,325.0,99.77397852424455,1,1,0.0681920051574707
sample:contardo:I1-100x20x5,learned_K,8.0,0,3,375.0,149753.68339765293,143791.64586627303,375.0,99.73920598951295,2,2,0.11124539375305176
sample:contardo:I1-100x20x5,learned_K,8.0,0,4,385.0,105743.89396339517,106128.89396339517,385.0,99.63723356983934,3,3,0.16173267364501953
sample:contardo:I1-100x20x5,learned_K,8.0,0,5,410.0,143090.72407913618,106128.89396339517,410.0,99.6136773081406,4,4,0.21282243728637695
sample:contardo:I1-100x20x5,learned_K,8.0,0,6,450.0,113130.16783991082,106128.89396339517,450.0,99.57598728942261,5,5,0.26271653175354004
sample:contardo:I1-100x20x5,learned_K,8.0,0,7,515.0,88428.80784463989,88943.80784463989,515.0,99.42098273901252,6,6,0.2980506420135498
sample:contardo:I1-100x20x5,learned_K,8.0,0,8,72038.42903538664,87748.65401110878,88458.65401110878,72038.42903538664,18.56259871833463,7,7,0.33249521255493164
sample:contardo:I1-100x20x5,learned_K,8.0,0,9,72431.22791343718,77994.4309712037,79024.4309712037,72431.22791343718,8.3432464830643,8,8,0.3666863441467285
sample:contardo:I1-100x20x5,learned_K,8.0,0,10,78927.98656983732,91048.74152914516,79024.4309712037,78927.98656983732,0.12204377833676887,8,9,0.40242910385131836
pair:barreto:Min92Cli134x8,all_cuts,,0,1,804.0,2234499.077866584,2235303.077866584,804.0,99.9640317231269,0,0,0.01731252670288086
pair:barreto:Min92Cli134x8,all_cuts,,0,2,804.0,1509385.867070994,1510189.867070994,804.0,99.94676166106456,1,1,0.03558039665222168
pair:barreto:Min92Cli134x8,all_cuts,,0,3,1608.0,1269203.986429934,1270811.986429934,1608.0,99.87346672700835,2,2,0.05854010581970215
pair:barreto:Min92Cli134x8,all_cuts,,0,4,464828.9552727735,958449.1706184333,960057.1706184333,464828.9552727735,51.583200511554125,3,3,0.0783071517944336
pair:barreto:Min92Cli134x8,all_cuts,,0,5,815751.689321085,1036423.2877156343,960057.1706184333,815751.689321085,15.030925835842885,4,4,0.10122013092041016
pair:barreto:Min92Cli134x8,all_cuts,,0,6,816287.689321085,838542.9607318866,840418.9607318866,816287.689321085,2.871338289391594,5,5,0.11938071250915527
pair:barreto:Min92Cli134x8,all_cuts,,0,7,824016.1791106431,839732.0680376636,840418.9607318866,824016.1791106431,1.9517386431832693,6,6,0.14086246490478516
pair:barreto:Min92Cli134x8,all_cuts,,0,8,824284.1791106431,866656.0545802591,840418.9607318866,824284.1791106431,1.919849786253315,7,7,0.16509675979614258
pair:barreto:Min92Cli134x8,all_cuts,,0,9,824552.1791106431,822408.1791106435,824552.1791106435,824552.1791106431,4.235583560733523e-14,8,8,0.18279767036437988
pair:barreto:Min92Cli134x8,random_K,8.0,0,1,804.0,2234499.077866584,2235303.077866584,804.0,99.9640317231269,0,0,0.015716075897216797
pair:barreto:Min92Cli134x8,random_K,8.0,0,2,804.0,1509385.867070994,1510189.867070994,804.0,99.94676166106456,1,1,0.032277584075927734
pair:barreto:Min92Cli134x8,random_K,8.0,0,3,1608.0,1269203.986429934,1270811.986429934,1608.0,99.87346672700835,2,2,0.048090219497680664
pair:barreto:Min92Cli134x8,random_K,8.0,0,4,464828.9552727735,958449.1706184333,960057.1706184333,464828.9552727735,51.583200511554125,3,3,0.06449151039123535
pair:barreto:Min92Cli134x8,random_K,8.0,0,5,815751.689321085,1036423.2877156343,960057.1706184333,815751.689321085,15.030925835842885,4,4,0.0806739330291748
pair:barreto:Min92Cli134x8,random_K,8.0,0,6,816287.689321085,838542.9607318866,840418.9607318866,816287.689321085,2.871338289391594,5,5,0.09666299819946289
pair:barreto:Min92Cli134x8,random_K,8.0,0,7,824016.1791106431,839732.0680376636,840418.9607318866,824016.1791106431,1.9517386431832693,6,6,0.11280703544616699
pair:barreto:Min92Cli134x8,random_K,8.0,0,8,824284.1791106431,866656.0545802591,840418.9607318866,824284.1791106431,1.919849786253315,7,7,0.1284162998199463
pair:barreto:Min92Cli134x8,random_K,8.0,0,9,824552.1791106431,822408.1791106435,824552.1791106435,824552.1791106431,4.235583560733523e-14,8,8,0.1439075469970703
pair:barreto:Min92Cli134x8,random_K,8.0,1,1,804.0,2234499.077866584,2235303.077866584,804.0,99.9640317231269,0,0,0.015852689743041992
pair:barreto:Min92Cli134x8,random_K,8.0,1,2,804.0,1509385.867070994,1510189.867070994,804.0,99.94676166106456,1,1,0.03040289878845215
pair:barreto:Min92Cli134x8,random_K,8.0,1,3,1608.0,1269203.986429934,1270811.986429934,1608.0,99.87346672700835,2,2,0.044843435287475586
pair:barreto:Min92Cli134x8,random_K,8.0,1,4,464828.9552727735,958449.1706184333,960057.1706184333,464828.9552727735,51.583200511554125,3,3,0.06053042411804199
pair:barreto:Min92Cli134x8,random_K,8.0,1,5,815751.689321085,1036423.2877156343,960057.1706184333,815751.689321085,15.030925835842885,4,4,0.0758218765258789
pair:barreto:Min92Cli134x8,random_K,8.0,1,6,816287.689321085,838542.9607318866,840418.9607318866,816287.689321085,2.871338289391594,5,5,0.09226036071777344
pair:barreto:Min92Cli134x8,random_K,8.0,1,7,824016.1791106431,839732.0680376636,840418.9607318866,824016.1791106431,1.9517386431832693,6,6,0.10806035995483398
pair:barreto:Min92Cli134x8,random_K,8.0,1,8,824284.1791106431,866656.0545802591,840418.9607318866,824284.1791106431,1.919849786253315,7,7,0.1237955093383789
pair:barreto:Min92Cli134x8,random_K,8.0,1,9,824552.1791106431,822408.1791106435,824552.1791106435,824552.1791106431,4.235583560733523e-14,8,8,0.13972997665405273
pair:barreto:Min92Cli134x8,random_K,8.0,2,1,804.0,2234499.077866584,2235303.077866584,804.0,99.9640317231269,0,0,0.01436305046081543
pair:barreto:Min92Cli134x8,random_K,8.0,2,2,804.0,1509385.867070994,1510189.867070994,804.0,99.94676166106456,1,1,0.030301809310913086
pair:barreto:Min92Cli134x8,random_K,8.0,2,3,1608.0,1269203.986429934,1270811.986429934,1608.0,99.87346672700835,2,2,0.045320987701416016
pair:barreto:Min92Cli134x8,random_K,8.0,2,4,464828.9552727735,958449.1706184333,960057.1706184333,464828.9552727735,51.583200511554125,3,3,0.06218552589416504
pair:barreto:Min92Cli134x8,random_K,8.0,2,5,815751.689321085,1036423.2877156343,960057.1706184333,815751.689321085,15.030925835842885,4,4,0.07803988456726074
pair:barreto:Min92Cli134x8,random_K,8.0,2,6,816287.689321085,838542.9607318866,840418.9607318866,816287.689321085,2.871338289391594,5,5,0.0935361385345459
pair:barreto:Min92Cli134x8,random_K,8.0,2,7,824016.1791106431,839732.0680376636,840418.9607318866,824016.1791106431,1.9517386431832693,6,6,0.10972332954406738
pair:barreto:Min92Cli134x8,random_K,8.0,2,8,824284.1791106431,866656.0545802591,840418.9607318866,824284.1791106431,1.919849786253315,7,7,0.12593603134155273
pair:barreto:Min92Cli134x8,random_K,8.0,2,9,824552.1791106431,822408.1791106435,824552.1791106435,824552.1791106431,4.235583560733523e-14,8,8,0.1424102783203125
pair:barreto:Min92Cli134x8,recency_K,8.0,0,1,804.0,2234499.077866584,2235303.077866584,804.0,99.9640317231269,0,0,0.014067411422729492
pair:barreto:Min92Cli134x8,recency_K,8.0,0,2,804.0,1509385.867070994,1510189.867070994,804.0,99.94676166106456,1,1,0.029203176498413086
pair:barreto:Min92Cli134x8,recency_K,8.0,0,3,1608.0,1269203.986429934,1270811.986429934,1608.0,99.87346672700835,2,2,0.043894290924072266
pair:barreto:Min92Cli134x8,recency_K,8.0,0,4,464828.9552727735,958449.1706184333,960057.1706184333,464828.9552727735,51.583200511554125,3,3,0.0608363151550293
pair:barreto:Min92Cli134x8,recency_K,8.0,0,5,815751.689321085,1036423.2877156343,960057.1706184333,815751.689321085,15.030925835842885,4,4,0.07663106918334961
pair:barreto:Min92Cli134x8,recency_K,8.0,0,6,816287.689321085,838542.9607318866,840418.9607318866,816287.689321085,2.871338289391594,5,5,0.09268975257873535
pair:barreto:Min92Cli134x8,recency_K,8.0,0,7,824016.1791106431,839732.0680376636,840418.9607318866,824016.1791106431,1.9517386431832693,6,6,0.10966181755065918
pair:barreto:Min92Cli134x8,recency_K,8.0,0,8,824284.1791106431,866656.0545802591,840418.9607318866,824284.1791106431,1.919849786253315,7,7,0.12624812126159668
pair:barreto:Min92Cli134x8,recency_K,8.0,0,9,824552.1791106431,822408.1791106435,824552.1791106435,824552.1791106431,4.235583560733523e-14,8,8,0.14212322235107422
pair:barreto:Min92Cli134x8,learned_K,8.0,0,1,804.0,2234499.077866584,2235303.077866584,804.0,99.9640317231269,0,0,0.013782262802124023
pair:barreto:Min92Cli134x8,learned_K,8.0,0,2,804.0,1509385.867070994,1510189.867070994,804.0,99.94676166106456,1,1,0.02965855598449707
pair:barreto:Min92Cli134x8,learned_K,8.0,0,3,1608.0,1269203.986429934,1270811.986429934,1608.0,99.87346672700835,2,2,0.04564476013183594
pair:barreto:Min92Cli134x8,learned_K,8.0,0,4,464828.9552727735,958449.1706184333,960057.1706184333,464828.9552727735,51.583200511554125,3,3,0.06757974624633789
pair:barreto:Min92Cli134x8,learned_K,8.0,0,5,815751.689321085,1036423.2877156343,960057.1706184333,815751.689321085,15.030925835842885,4,4,0.08823633193969727
pair:barreto:Min92Cli134x8,learned_K,8.0,0,6,816287.689321085,838542.9607318866,840418.9607318866,816287.689321085,2.871338289391594,5,5,0.11040401458740234
pair:barreto:Min92Cli134x8,learned_K,8.0,0,7,824016.1791106431,839732.0680376636,840418.9607318866,824016.1791106431,1.9517386431832693,6,6,0.13723969459533691
pair:barreto:Min92Cli134x8,learned_K,8.0,0,8,824284.1791106431,866656.0545802591,840418.9607318866,824284.1791106431,1.919849786253315,7,7,0.15702462196350098
pair:barreto:Min92Cli134x8,learned_K,8.0,0,9,824552.1791106431,822408.1791106435,824552.1791106435,824552.1791106431,4.235583560733523e-14,8,8,0.1781787872314453
