source_id,case_id,facility_count,customer_count,policy,budget,seeds_run,iterations_mean,iterations_min,iterations_max,final_gap_pct_mean,validated_gap_pct_mean,solved_to_optimal_frac,all_solved_to_optimal,upper_bound_mean,lower_bound_mean,mean_active_cuts,total_cuts_generated_mean,elapsed_sec_mean,termination_reasons,direct_objective
DS-F-043,sample:akca:r30x5a-1,5,30,all_cuts,,1,4.0,4,4,0.0,0.15232021361980697,1.0,True,65551.16843231402,66076.02640255274,1.5,3.0,0.013669252395629883,gap_tolerance,65651.16843231402
DS-F-043,sample:akca:r30x5a-1,5,30,random_K,8.0,3,4.0,4,4,0.0,0.15232021361980697,1.0,True,65551.16843231402,66076.02640255274,1.5,3.0,0.0139314333597819,gap_tolerance,65651.16843231402
DS-F-043,sample:akca:r30x5a-1,5,30,recency_K,8.0,1,4.0,4,4,0.0,0.15232021361980697,1.0,True,65551.16843231402,66076.02640255274,1.5,3.0,0.016516447067260742,gap_tolerance,65651.16843231402
DS-F-043,sample:akca:r30x5a-1,5,30,learned_K,8.0,1,4.0,4,4,0.0,0.15232021361980697,1.0,True,65551.16843231402,66076.02640255274,1.5,3.0,0.014773845672607422,gap_tolerance,65651.16843231402
DS-F-043,sample:akca:r30x5a-2,5,30,all_cuts,,1,4.0,4,4,0.0,1.3515204218946521e-14,1.0,True,53835.3508856603,53835.350885660315,1.5,3.0,0.0181424617767334,gap_tolerance,53835.35088566031
DS-F-043,sample:akca:r30x5a-2,5,30,random_K,8.0,3,4.0,4,4,0.0,1.3515204218946521e-14,1.0,True,53835.3508856603,53835.35088566031,1.5,3.0,0.015320221583048502,gap_tolerance,53835.35088566031
DS-F-043,sample:akca:r30x5a-2,5,30,recency_K,8.0,1,4.0,4,4,0.0,1.3515204218946521e-14,1.0,True,53835.3508856603,53835.350885660315,1.5,3.0,0.016680240631103516,gap_tolerance,53835.35088566031
DS-F-043,sample:akca:r30x5a-2,5,30,learned_K,8.0,1,4.0,4,4,0.0,1.3515204218946521e-14,1.0,True,53835.3508856603,53835.350885660315,1.5,3.0,0.015501022338867188,gap_tolerance,53835.35088566031
DS-F-043,sample:akca:r30x5a-3,5,30,all_cuts,,1,6.0,6,6,3.0588281399997544e-14,1.5294140699998772e-14,1.0,True,47573.497307920086,47573.49730792007,2.5,5.0,0.027797222137451172,gap_tolerance,47573.49730792008
DS-F-043,sample:akca:r30x5a-3,5,30,random_K,8.0,3,6.0,6,6,3.0588281399997544e-14,1.5294140699998772e-14,1.0,True,47573.49730792009,47573.49730792007,2.5,5.0,0.02492531140645345,gap_tolerance,47573.49730792008
DS-F-043,sample:akca:r30x5a-3,5,30,recency_K,8.0,1,6.0,6,6,3.0588281399997544e-14,1.5294140699998772e-14,1.0,True,47573.497307920086,47573.49730792007,2.5,5.0,0.02352595329284668,gap_tolerance,47573.49730792008
DS-F-043,sample:akca:r30x5a-3,5,30,learned_K,8.0,1,6.0,6,6,3.0588281399997544e-14,1.5294140699998772e-14,1.0,True,47573.497307920086,47573.49730792007,2.5,5.0,0.024418115615844727,gap_tolerance,47573.49730792008
DS-F-043,sample:akca:r30x5b-1,5,30,all_cuts,,1,4.0,4,4,0.2320061316211909,1.688066779906446e-14,1.0,True,43102.30910762111,43002.30910762111,1.5,3.0,0.017142772674560547,gap_tolerance,43102.30910762112
DS-F-043,sample:akca:r30x5b-1,5,30,random_K,8.0,3,4.0,4,4,0.2320061316211909,1.688066779906446e-14,1.0,True,43102.30910762111,43002.30910762111,1.5,3.0,0.015337705612182617,gap_tolerance,43102.30910762112
DS-F-043,sample:akca:r30x5b-1,5,30,recency_K,8.0,1,4.0,4,4,0.2320061316211909,1.688066779906446e-14,1.0,True,43102.30910762111,43002.30910762111,1.5,3.0,0.01510167121887207,gap_tolerance,43102.30910762112
DS-F-043,sample:akca:r30x5b-1,5,30,learned_K,8.0,1,4.0,4,4,0.2320061316211909,1.688066779906446e-14,1.0,True,43102.30910762111,43002.30910762111,1.5,3.0,0.01555943489074707,gap_tolerance,43102.30910762112
DS-F-043,sample:akca:r30x5b-2,5,30,all_cuts,,1,4.0,4,4,0.0,0.0,1.0,True,42718.55293276913,42718.55293276913,1.5,3.0,0.016548633575439453,gap_tolerance,42718.55293276913
DS-F-043,sample:akca:r30x5b-2,5,30,random_K,8.0,3,4.0,4,4,0.0,0.0,1.0,True,42718.55293276913,42718.55293276913,1.5,3.0,0.01604310671488444,gap_tolerance,42718.55293276913
DS-F-043,sample:akca:r30x5b-2,5,30,recency_K,8.0,1,4.0,4,4,0.0,0.0,1.0,True,42718.55293276913,42718.55293276913,1.5,3.0,0.01766061782836914,gap_tolerance,42718.55293276913
DS-F-043,sample:akca:r30x5b-2,5,30,learned_K,8.0,1,4.0,4,4,0.0,0.0,1.0,True,42718.55293276913,42718.55293276913,1.5,3.0,0.01683354377746582,gap_tolerance,42718.55293276913
DS-F-043,sample:akca:r30x5b-3,5,30,all_cuts,,1,4.0,4,4,0.9206528473372246,0.7431396981606209,1.0,True,54646.30848784143,54143.205692783435,1.5,3.0,0.014488935470581055,gap_tolerance,54243.205692783435
DS-F-043,sample:akca:r30x5b-3,5,30,random_K,8.0,3,4.0,4,4,0.9206528473372245,0.7431396981606208,1.0,True,54646.30848784143,54143.205692783435,1.5,3.0,0.01626308759053548,gap_tolerance,54243.205692783435
DS-F-043,sample:akca:r30x5b-3,5,30,recency_K,8.0,1,4.0,4,4,0.9206528473372246,0.7431396981606209,1.0,True,54646.30848784143,54143.205692783435,1.5,3.0,0.014029264450073242,gap_tolerance,54243.205692783435
DS-F-043,sample:akca:r30x5b-3,5,30,learned_K,8.0,1,4.0,4,4,0.9206528473372246,0.7431396981606209,1.0,True,54646.30848784143,54143.205692783435,1.5,3.0,0.018932580947875977,gap_tolerance,54243.205692783435
DS-F-043,pair:barreto:Ch69Cli50x5,5,50,all_cuts,,1,6.0,6,6,0.0,1.5598983447406118e-14,1.0,True,11660.948353966793,11660.948353966794,2.5,5.0,0.0387570858001709,gap_tolerance,11660.948353966794
DS-F-043,pair:barreto:Ch69Cli50x5,5,50,random_K,8.0,3,6.0,6,6,0.0,1.5598983447406118e-14,1.0,True,11660.948353966793,11660.948353966794,2.5,5.0,0.03350377082824707,gap_tolerance,11660.948353966794
DS-F-043,pair:barreto:Ch69Cli50x5,5,50,recency_K,8.0,1,6.0,6,6,0.0,1.5598983447406118e-14,1.0,True,11660.948353966793,11660.948353966794,2.5,5.0,0.03516197204589844,gap_tolerance,11660.948353966794
DS-F-043,pair:barreto:Ch69Cli50x5,5,50,learned_K,8.0,1,6.0,6,6,0.0,1.5598983447406118e-14,1.0,True,11660.948353966793,11660.948353966794,2.5,5.0,0.03431892395019531,gap_tolerance,11660.948353966794
DS-F-043,pair:barreto:Perl83Cli55x15,15,55,all_cuts,,1,25.0,25,25,0.9883939379279547,5.271908553042892e-14,1.0,True,10351.029718616544,10248.720768364617,12.0,24.0,0.7413702011108398,gap_tolerance,10351.029718616539
DS-F-043,pair:barreto:Perl83Cli55x15,15,55,random_K,8.0,3,14.333333333333334,12,17,8.167080238586584,3.2455275283423872,0.0,False,10686.97523760114,9814.161394868375,5.4369747899159675,13.333333333333334,0.23719382286071777,duplicate_cut,10351.029718616539
DS-F-043,pair:barreto:Perl83Cli55x15,15,55,recency_K,8.0,1,26.0,26,26,5.4066804221108296,2.6010174365536987,0.0,False,10620.26180646061,10046.05819059379,6.615384615384615,25.0,0.4730238914489746,duplicate_cut,10351.029718616539
DS-F-043,pair:barreto:Perl83Cli55x15,15,55,learned_K,8.0,1,10.0,10,10,9.060005989549566,3.245527528342387,0.0,False,10686.97523760114,9718.734640972798,4.4,9.0,0.1726207733154297,duplicate_cut,10351.029718616539
DS-F-043,pair:barreto:Ch69Cli75x10,10,75,all_cuts,,1,7.0,7,7,0.0,0.0,1.0,True,23888.021548226745,23888.021548226745,3.0,6.0,0.10438776016235352,gap_tolerance,23888.021548226745
DS-F-043,pair:barreto:Ch69Cli75x10,10,75,random_K,8.0,3,7.0,7,7,0.0,0.0,1.0,True,23888.02154822675,23888.02154822675,3.0,6.0,0.10041125615437825,gap_tolerance,23888.021548226745
DS-F-043,pair:barreto:Ch69Cli75x10,10,75,recency_K,8.0,1,7.0,7,7,0.0,0.0,1.0,True,23888.021548226745,23888.021548226745,3.0,6.0,0.08061718940734863,gap_tolerance,23888.021548226745
DS-F-043,pair:barreto:Ch69Cli75x10,10,75,learned_K,8.0,1,7.0,7,7,0.0,0.0,1.0,True,23888.021548226745,23888.021548226745,3.0,6.0,0.0788424015045166,gap_tolerance,23888.021548226745
DS-F-043,pair:barreto:Perl83Cli85x7,7,85,all_cuts,,1,6.0,6,6,0.9844284799680759,0.7935408723939484,1.0,True,20848.31580618954,20643.079047799725,2.5,5.0,0.07063555717468262,gap_tolerance,21015.07904779973
DS-F-043,pair:barreto:Perl83Cli85x7,7,85,random_K,8.0,3,6.0,6,6,0.9844284799680759,0.7935408723939484,1.0,True,20848.31580618954,20643.079047799725,2.5,5.0,0.06913359959920247,gap_tolerance,21015.07904779973
DS-F-043,pair:barreto:Perl83Cli85x7,7,85,recency_K,8.0,1,6.0,6,6,0.9844284799680759,0.7935408723939484,1.0,True,20848.31580618954,20643.079047799725,2.5,5.0,0.057929277420043945,gap_tolerance,21015.07904779973
DS-F-043,pair:barreto:Perl83Cli85x7,7,85,learned_K,8.0,1,6.0,6,6,0.9844284799680759,0.7935408723939484,1.0,True,20848.31580618954,20643.079047799725,2.5,5.0,0.05715370178222656,gap_tolerance,21015.07904779973
DS-F-043,pair:barreto:Daskin95Cli88x8,8,88,all_cuts,,1,8.0,8,8,3.7205844506745815e-14,0.0,1.0,True,160202370.26089722,160202370.26089716,3.5,7.0,0.10191178321838379,gap_tolerance,160202370.26089722
DS-F-043,pair:barreto:Daskin95Cli88x8,8,88,random_K,8.0,3,8.0,8,8,3.7205844506745815e-14,0.0,1.0,True,160202370.26089722,160202370.26089716,3.5,7.0,0.10544466972351074,gap_tolerance,160202370.26089722
DS-F-043,pair:barreto:Daskin95Cli88x8,8,88,recency_K,8.0,1,8.0,8,8,3.7205844506745815e-14,0.0,1.0,True,160202370.26089722,160202370.26089716,3.5,7.0,0.08503103256225586,gap_tolerance,160202370.26089722
DS-F-043,pair:barreto:Daskin95Cli88x8,8,88,learned_K,8.0,1,8.0,8,8,3.7205844506745815e-14,0.0,1.0,True,160202370.26089722,160202370.26089716,3.5,7.0,0.08520865440368652,gap_tolerance,160202370.26089722
DS-F-043,pair:barreto:Ch69Cli100x10,10,100,all_cuts,,1,8.0,8,8,0.13955026008375895,0.5562508927564966,1.0,True,22769.03344286651,22737.25919747843,3.5,7.0,0.1557936668395996,gap_tolerance,22643.081102088563
DS-F-043,pair:barreto:Ch69Cli100x10,10,100,random_K,8.0,3,8.0,8,8,0.13955026008375895,0.5562508927564966,1.0,True,22769.03344286651,22737.25919747843,3.5,7.0,0.12425883611043294,gap_tolerance,22643.081102088563
DS-F-043,pair:barreto:Ch69Cli100x10,10,100,recency_K,8.0,1,8.0,8,8,0.13955026008375895,0.5562508927564966,1.0,True,22769.03344286651,22737.25919747843,3.5,7.0,0.1450183391571045,gap_tolerance,22643.081102088563
DS-F-043,pair:barreto:Ch69Cli100x10,10,100,learned_K,8.0,1,8.0,8,8,0.13955026008375895,0.5562508927564966,1.0,True,22769.03344286651,22737.25919747843,3.5,7.0,0.11590576171875,gap_tolerance,22643.081102088563
DS-F-043,sample:contardo:I1-100x10x5,15,100,all_cuts,,1,12.0,12,12,0.0,0.2641576511967667,1.0,True,85401.40847448783,85585.59983229604,5.5,11.0,0.41411447525024414,gap_tolerance,85176.40847448786
DS-F-043,sample:contardo:I1-100x10x5,15,100,random_K,8.0,3,12.0,12,12,21.369318094663182,0.2641576511967667,0.6666666666666666,False,85401.40847448783,67274.50407879069,5.0,11.0,0.30840293566385907,duplicate_cut;gap_tolerance,85176.40847448786
DS-F-043,sample:contardo:I1-100x10x5,15,100,recency_K,8.0,1,12.0,12,12,0.0,0.2641576511967667,1.0,True,85401.40847448783,85585.59983229604,5.0,11.0,0.3241763114929199,gap_tolerance,85176.40847448786
DS-F-043,sample:contardo:I1-100x10x5,15,100,learned_K,8.0,1,12.0,12,12,0.0,0.2641576511967667,1.0,True,85401.40847448783,85585.59983229604,5.0,11.0,0.2998695373535156,gap_tolerance,85176.40847448786
DS-F-043,sample:contardo:I1-100x20x5,25,100,all_cuts,,1,10.0,10,10,0.12204377833676887,0.1520827138893511,1.0,True,79024.4309712037,78927.98656983732,4.5,9.0,0.40422964096069336,gap_tolerance,78904.43097120375
DS-F-043,sample:contardo:I1-100x20x5,25,100,random_K,8.0,3,10.0,10,10,0.13047998798071553,0.1520827138893511,1.0,True,79024.4309712037,78921.31990317065,4.4,9.0,0.39222129185994464,gap_tolerance,78904.43097120375
DS-F-043,sample:contardo:I1-100x20x5,25,100,recency_K,8.0,1,10.0,10,10,0.12204377833676887,0.1520827138893511,1.0,True,79024.4309712037,78927.98656983732,4.4,9.0,0.3689150810241699,gap_tolerance,78904.43097120375
DS-F-043,sample:contardo:I1-100x20x5,25,100,learned_K,8.0,1,10.0,10,10,0.12204377833676887,0.1520827138893511,1.0,True,79024.4309712037,78927.98656983732,4.4,9.0,0.40243053436279297,gap_tolerance,78904.43097120375
DS-F-043,pair:barreto:Min92Cli134x8,8,134,all_cuts,,1,9.0,9,9,4.235583560733523e-14,1.4118611869111744e-14,1.0,True,824552.1791106435,824552.1791106431,4.0,8.0,0.1827993392944336,gap_tolerance,824552.1791106433
DS-F-043,pair:barreto:Min92Cli134x8,8,134,random_K,8.0,3,9.0,9,9,4.235583560733523e-14,1.4118611869111744e-14,1.0,True,824552.1791106435,824552.1791106431,4.0,8.0,0.14201728502909342,gap_tolerance,824552.1791106433
DS-F-043,pair:barreto:Min92Cli134x8,8,134,recency_K,8.0,1,9.0,9,9,4.235583560733523e-14,1.4118611869111744e-14,1.0,True,824552.1791106435,824552.1791106431,4.0,8.0,0.14212465286254883,gap_tolerance,824552.1791106433
DS-F-043,pair:barreto:Min92Cli134x8,8,134,learned_K,8.0,1,9.0,9,9,4.235583560733523e-14,1.4118611869111744e-14,1.0,True,824552.1791106435,824552.1791106431,4.0,8.0,0.17818117141723633,gap_tolerance,824552.1791106433
