,C1,T1,T2,T3,T4,T5,T6,T7,T8,V1,V2,V3,V4,V5,V6,V7,V8,V9,V10,V11,V12,V13,V14,V15,V16,V17,V18,V19,V20,V21,V22,V23,V24,V25,V26,V27,V28,V29,V30
C1,0.0,47.64470994807949,15.840696273152558,44.45987789395325,16.21793236769365,35.37921963147545,18.21783761105244,46.849905456713856,50.17078985820623,53.36956662180806,55.458921758381486,22.55974462121589,58.24650520351342,66.45315098152065,41.33180999472751,51.454062229580444,65.49890215482077,60.282894680569925,31.672256843219323,32.27598179764468,33.586800421756884,13.93563443808674,33.13098841380304,21.849466227987456,54.38181549138158,56.86730199007628,58.995009934595636,54.220734880894874,55.3200372109141,16.99080696371952,28.54944768820688,16.234151743896085,56.018870903403645,32.98700597460874,21.253968887759893,46.05741677285513,59.01908651029125,29.79671484731813,59.97491167787473
T1,44.0503370991512,0.0,59.00942349911423,67.62738555024899,32.59867257747845,44.98360306726016,59.53616280630604,43.48405098926627,65.28047631521774,17.71673253704358,38.72683111412912,30.08974805410646,103.89860837832747,19.145305854136133,59.57465900930373,63.53812708348174,25.07264993039577,72.69051717744351,51.59848843213629,78.78246460606775,79.83406698072484,37.56297533761935,52.78581287572909,59.02009283065162,80.53277358438478,74.85599831705238,86.00293004151145,95.37352500628677,13.29289106218427,63.85609321655293,27.06309829071479,51.2821946185398,10.652125968776872,82.6500796936531,66.3900683167651,11.631148588793586,38.3151001595236,59.0292684464199,81.32110567730426
T2,14.908654894789768,61.40987881250864,0.0,48.199727404678114,32.575522508700075,47.57475556452635,15.362844921726271,52.76036078016495,52.19316058675703,72.48253917368274,71.23020931085682,37.94762108129409,41.830302039934,78.76831706708097,42.314662881915815,58.848897228250244,86.6788739207809,69.57541511955381,37.27199680573304,20.327763293407575,20.062402738904122,25.20682105033954,35.62760945684299,23.52481843812868,55.6351391091105,57.977336099341734,54.48111952452754,36.29855301330897,73.98055386618745,8.156787595476843,40.988582120634085,17.950054164027158,68.16084910106656,15.696560290975846,7.468565536235684,62.39167165912056,68.48698165198697,33.10407304348036,60.736739711300565
T3,41.4369058712622,63.63059802012285,45.999665505424225,0.0,56.59157140272098,22.13075243351319,62.339032483275616,26.225470709087507,91.10066996280709,61.456965961109034,40.30277028073306,59.6852297181577,66.7754203046812,77.23822431642456,89.42676003238773,98.89528888219412,77.05237384586633,22.637064768399288,15.720594756042557,36.47581308701535,49.98047374841667,32.441427794123214,14.879149281138572,67.8194990285098,98.18792997431432,13.376065461361247,19.27233238228368,63.51073061432688,69.12780272273815,53.108262587079395,63.753611570301366,28.782255120093385,67.66754315460393,48.968766296234854,38.3413925314725,50.88568685536483,88.34919212477044,13.948677540380512,108.46683605472029
T4,16.7767958418992,31.2023192060522,31.454608251615944,55.29157288930421,0.0,40.556078487489934,25.278742360824875,46.66134662502483,41.86277704054069,47.03931893274435,51.87971541950347,5.07469645117044,70.87339576203969,48.16929171796898,37.01975110316912,41.54701117184099,56.1719271747597,66.61960103055722,40.12870999031192,45.33602085699257,52.61532376059949,24.781561319660884,42.1099476047098,26.289545542811013,51.741650197724,66.27171935013492,71.48820701576571,73.10402677788163,45.56984607220012,30.646524026977787,13.582528698967419,30.586398258051254,40.37479144136053,44.96496302906755,34.39209048022779,34.21173607860018,43.02082577456707,41.70874265417932,51.93996694972554
T5,39.413302953727,39.69675694905136,48.351158683929484,20.77022585642146,40.22159338569335,0.0,56.06713478033329,7.928614372112156,87.91921714985006,38.880040281618484,24.929931461326827,44.860172840559,76.84006614684007,64.01688604578672,79.14894272200723,88.98236412637576,53.12255012783924,28.265711595097915,12.506626287708443,46.71912400797385,63.4827247448299,23.95312150739304,11.165852046426547,63.23257148992232,95.87115302474564,26.19195850040236,42.34573314761097,74.41145806669637,48.780241778300926,50.6669663317029,53.41090370116235,29.3192915117119,40.7936887462639,62.130389383630174,41.63925020391418,32.24544980173487,81.99009549623047,23.02552488510534,96.59930536261844
T6,17.56426423821368,58.01090198122425,14.489867994047012,56.94231726182204,26.148849917975816,56.50058503961828,0.0,64.02853180881834,40.493831777512014,65.85619971642592,73.79602413186905,26.787650969200136,45.82770836358225,72.83231661727996,28.8988915049999,40.84608071189026,79.34290570340842,75.0279785464245,47.603384186738296,34.29941496225421,29.30865672728602,29.9562046732467,49.59459587759372,7.872139515142684,46.79067123533164,72.99048716939008,64.43173954126827,43.75933711910761,76.36871372602428,6.432753635996082,35.01940175587081,30.283520652774644,72.36317435620904,27.869887380137918,23.160187091043046,59.05782211824312,56.65667029175811,46.92012541787738,50.05702339513312
T7,43.83524606160753,44.1489544177346,50.85058886523463,26.136977573460282,44.04266447794974,7.750352907576469,57.571956680147295,0.0,83.69655608686844,31.810672930664854,16.800319291770702,52.37221755205653,89.37285058285516,63.971149365895215,80.1253159275959,85.17133630280195,51.69014059948122,25.75732700410265,21.041583844482208,51.64193811270128,72.11902891372588,27.689650760816928,19.774019851602493,67.90005533303665,104.77955848290037,27.544605420463466,44.497684023605984,87.53942255310581,43.601011332324134,60.3740324322749,55.42597575801423,37.28285439863261,41.84738172395379,67.3085776570913,54.953932763489775,29.068274740565833,76.30810460615932,30.7529476083255,106.27680909474772
T8,48.92272952517688,66.37580117776507,52.06861886170561,89.30033789012386,40.96766369254566,81.67314787984748,39.34971261101877,83.1770480668681,0.0,87.57624674793668,102.61341018054247,39.572045691062186,76.10855311830343,68.63270749353057,12.72659155318502,5.698610309136777,86.13558061064013,117.85845971405065,82.05491176172451,77.17871165876532,69.86904102298767,63.181030177402754,79.91849650471562,32.65795573383235,10.781343773460929,98.6643115435984,98.9329545414434,78.85668448231459,81.6965616201933,48.511889400884236,36.27649995113181,66.16163741432499,74.42190914461477,66.79839170290018,64.21064902388196,76.57618989914323,40.2236734666755,79.86141253445739,11.781541370548286
V1,51.1638243372012,18.43727407873079,72.51764177369263,63.18000410950263,49.42285390454515,37.9146890551907,72.62826855450525,35.78724116040353,86.11460191213408,0.0,23.816363073478506,45.605153608026995,102.78214460701189,30.84190748323968,80.80609617097495,76.23426120524722,16.97088595371921,59.154858577522006,46.12574538888686,74.60332287302792,90.31146175151004,45.0954805325942,49.39956908554839,72.90703777062583,96.89362734766063,63.36234665976586,78.11559755449869,110.23534156190965,10.409289768414332,67.25122914538919,40.98750104960702,60.22571378412179,9.756776830988853,87.8733234303965,68.1544445703063,9.353757928355913,53.633296891227666,56.2145757898519,94.27075967188762
V2,55.807377343753295,38.42198638999664,72.14659268671113,40.763625012237995,55.594633665560266,24.862250223764892,72.76334784291875,16.736580060050297,100.91584019339359,26.294847282380363,0.0,54.59771431428835,110.50367024388892,53.54844902742006,87.56503207715873,93.85768524788337,39.59484262771201,34.61553320778308,35.0328531806366,73.00214611787477,80.24326522851732,40.218504735493006,33.23956975209805,74.82299404817014,100.57047349544791,39.655478265218875,59.81321872630191,93.73626555464008,34.476125571305104,76.75459896311499,58.50424657727316,54.03563404035731,32.43072749205962,78.31058941292504,62.803240581555826,26.00080342449523,76.56743919240718,43.24207252442721,101.49988050257677
V3,20.669910129512836,31.283118442779973,34.544171658113726,59.04268783721524,5.169777376961911,47.56129614978949,26.713113460575688,52.75792736356374,39.18578257902979,43.18541481352033,60.56508030909536,0.0,77.92072507150795,42.08731869220858,32.85427788721788,38.97451098579106,59.75110178266074,71.57691967901597,42.082429974919314,52.59187786765577,56.29598975165358,28.6119225788604,45.330688872927745,28.235792359579417,50.04814803045313,66.44623653876262,73.3181186425366,75.31620386697588,47.466861468806854,32.6123708550201,7.901189152036469,35.05781544496321,41.461546990456654,52.227252414477185,40.24646682620242,35.081540096681664,36.11988969542281,46.00957134313797,49.18930122225017
V4,52.84744684407883,98.21698535031639,37.35298314460129,75.01844457679971,70.55246542619736,82.61290775621785,47.38557984671979,88.30130827574607,71.24987301622379,109.1071819065033,105.44842308510201,76.07864235069029,0.0,116.46790047514031,60.48297088755922,77.89532658975848,121.80479747801242,95.70056186748994,69.31234173244079,32.51667656281984,22.288647445446788,64.7553378281393,67.2943457781147,46.792047347027214,72.67100164182185,78.66123270361068,65.60973693029001,9.613677576535345,109.0615782465059,39.035980493089546,85.53424983284252,48.544623503693565,109.41394539878425,22.85685275498078,40.223094931074186,93.87887598302382,103.72682659405939,64.88281620688079,86.72108253610129
V5,65.82331208096471,19.080734412050564,74.9435070647471,84.85264544954232,51.10107330330883,62.3053356781885,74.1971722651576,58.12289282788736,73.26866270675991,27.668335496387662,52.25849005568031,44.424567465607545,117.74404999407598,0.0,69.85816474935122,62.677017471077505,25.258040233789693,83.45865638646234,68.98998219987632,88.54519096058159,98.82151953389955,59.92965290541295,64.99283701055823,71.17664117567531,76.19349124321404,83.51719021791462,108.54615228907035,113.0946978817245,19.41155537585736,74.18482478026492,39.5823901947378,75.66530444014161,19.88642202386815,94.79970956816612,81.70825248786873,28.322050853890854,37.76308910827442,81.51357952313091,84.68654895185011
V6,37.60973556003979,66.02630320069247,44.95467204298776,80.06286681726743,33.044300024281675,78.43711592843229,27.673608186690146,85.56762537118584,11.553737945314907,82.95631648808657,86.83145762902014,32.30537947687104,60.817760906374374,75.7863710686021,0.0,16.886911584283393,90.29979728480946,100.81076491825534,73.34995442467749,59.79367270660369,58.036484980013775,53.19782628397364,70.75516705885039,18.953193597608525,17.07268336953135,99.58659536114492,95.55258904399743,65.56145251924015,81.76108644358891,33.148065473201925,36.35829916101315,58.22351837911569,75.80224898711172,47.68180476396283,52.82330769462891,71.37565388003719,45.742701763521836,67.29023526987609,23.197129526463552
V7,51.29586157181973,62.54211424970329,59.619735029446716,98.25652672293187,38.60441929224066,80.91885952598925,40.23540382315918,90.92289475284926,5.1821083341146545,80.10052435655118,97.94859380936455,39.35093249411821,78.56482875775359,69.37050514670453,15.579913604579554,0.0,91.30870653243484,105.49150636571726,77.77929309316227,78.66749739372587,67.84589858204842,60.18351238415652,83.92781510704918,35.00596286563463,14.391076670814689,109.15146966918516,108.39167421105834,81.56447717835528,73.28668807106955,46.081889030387735,38.03628335687622,67.62052550554472,71.54408892974803,65.94297984025472,67.96261825906458,67.1233912433073,35.6190941555856,82.0968827012883,13.986509494892884
V8,64.84203911736604,27.68243494637892,90.09942564866219,75.65136668663361,60.671427942907286,57.04092340698086,86.4194444343129,46.66703568609912,91.48360351799164,16.817105992723892,36.65222865068453,59.65370096231676,131.94385984360605,26.376786713154036,89.3711432593837,82.19562150239415,0.0,76.65760804895146,66.68130933261058,90.18551517464462,110.33570261663851,64.31464877802877,64.1775004666479,86.81472085065391,99.22846121528165,72.9089577873792,91.03939962467994,125.9096564227437,11.872764075115482,83.60415524290696,53.11561312744524,74.79424643207128,16.952369784017442,98.87238741841122,85.10006460115123,25.715025424258855,59.232626940771446,71.06057962600482,99.92482573243542
V9,60.09492596026316,65.22582142268556,67.60852295575388,22.669739508761257,75.17980476616344,28.22612577306874,79.9703290726624,27.322889114060658,103.57992482124901,59.53222895703023,33.058258390020605,79.89210136172504,89.04115975947741,85.00760709510558,96.79115686411723,119.32974889214124,71.71448348947091,0.0,33.840559340786584,57.48097562407672,77.42481859146409,47.22428842760411,32.75260225113603,82.87217635981567,114.71311226995668,11.987990672862855,30.525369810013967,86.18827524017414,64.31807565403867,78.05442754632412,78.81580632847239,50.813050449045264,66.09904437134026,74.45311368688829,63.59577844246007,54.58771006593748,100.56196743752791,37.153734900696,131.3410115437694
V10,29.423751246653154,46.869269954104205,36.49653166149296,16.275231538102418,36.66199454854636,11.440528938963627,47.304853729782685,20.183653584482826,73.14135359882096,45.20977252949161,34.53175171015265,44.98359820383122,63.91041909644284,64.34147803964618,72.5815313280174,75.31257736887682,64.98993039243521,32.13692755142464,0.0,33.734400748312694,46.17241638816669,16.852292715971156,2.5490700808416817,55.682670177690376,85.57966342618863,28.029593039398925,32.568894537233476,60.48408874229631,58.08309941093375,39.467185920336384,46.7290546397395,17.927866583541043,48.37503136617094,44.95277207362718,33.22722112697681,40.34827279655699,82.4639894793839,10.843837000968374,88.47904600694608
V11,30.69995153240183,73.09629618606643,19.503346832011527,37.08750232911628,49.487474717601565,47.18768166654919,33.98056795084311,55.00407251572959,70.38955674439349,84.02124865735914,74.33464379153885,50.82853346066849,34.94671961536415,92.9771123465779,64.14957664162371,78.69509394052935,94.27709419334893,57.09053345293663,34.59948516673633,0.0,13.588289697801972,35.042878553615424,35.629910851741776,39.61397689933504,81.28186103123099,53.15665940843459,40.487257371725136,25.31721774364506,81.82942432820852,25.326237727268882,65.06143309683692,19.769716634396644,82.03717278401513,14.740598188809768,12.219332334520574,72.15755033166171,94.07045872103754,26.447884026618336,77.04215648046575
V12,34.24566061090203,85.9912572165106,21.63469688045,52.55100810241124,52.724784915100145,61.21261011035447,29.6383168335955,71.58351586569385,66.90100011094155,86.67921040063597,83.56212267476852,52.76923416981399,19.84667563478281,102.45797534168655,52.215855081043415,72.4700333345123,100.29223707818761,73.5731546838076,46.48411534919699,13.229438523047348,0.0,44.58590160892809,47.9016219293161,38.08002868496827,70.91014312633811,64.69500072450168,56.3946862593831,17.518071138908862,88.87745922159388,23.338943974071704,62.01773477372582,31.236563628111043,83.45660518154898,5.117816558131763,17.321816478136355,77.3326367010366,94.38884727851284,38.35094722600701,72.12665071110698
V13,15.258627641104788,40.33047616625466,26.353659623147102,31.914947705743014,22.470591668380973,23.82515809491416,33.210700024255125,30.446853705070495,60.149885040527266,45.544636023323356,41.96226372051761,26.494954452674172,67.59440857144587,56.55701086517733,57.116115732731025,62.12206973771199,58.33894470564688,49.560870388370724,17.20388384665607,35.527966940797924,45.12640876881263,0.0,19.16535103588071,39.31665599058556,74.280602055759,42.1033993728103,47.916373072402614,57.270423708365705,53.69077179006189,31.80001711024196,32.30777063669685,13.940154383920454,49.60414015330622,38.87622122200649,26.438190963030614,38.4582920610173,59.460353585031,22.014229953878964,72.13628215230018
V14,34.33761758659137,53.08952210250807,40.22173878947531,14.383393825533787,43.81547052580272,11.835506223229013,46.96458574468022,19.607538082706956,75.51452284428873,48.20370275731369,33.74666724451939,43.691750021823744,65.69346358650205,71.38580898324854,70.3737685667949,83.9570319717207,60.03104163338665,30.172594702309436,2.439491177422009,38.439202972827886,48.05406142342176,19.077293260198356,0.0,58.607853155186575,90.75865776230675,24.059015025337114,30.14518721457397,66.72801747158923,51.94035684639799,47.02600752091229,52.06998395792163,21.993152695419894,54.98945300868326,52.1604041928107,33.87614665854916,43.2776478973338,79.00570419786635,10.347423845594019,94.64195896242845
V15,24.767007507289282,63.7557102479397,24.156265224588395,65.52326044644872,26.416208089922403,63.116684329460774,8.07097316631953,63.86890265991764,30.11786956804901,70.48802915265524,76.72248116593764,27.30740427748897,46.36898224800544,67.85830441591166,20.382418325470464,33.58893931264129,84.2811566880144,88.73685377413553,51.0339829254323,44.45048389472927,39.26526165445601,36.02108501174665,54.891115586309795,0.0,38.32034360614566,83.79271492933879,76.51508245500895,52.874622029844225,69.50314259243,15.684843332740611,33.01237155346273,39.33592704928195,71.19511655297586,33.1067033797787,30.702658648622137,60.41637362705472,53.16253097149588,51.004826987313145,39.44949879023784
V16,59.433782904340866,73.88309757056722,55.82155935326614,108.16856582474732,53.48366952467419,98.16017192702301,47.89654063704601,93.32591525540252,10.093688714369613,95.65556209879398,108.79702157196597,45.94915524911031,79.91284798232932,77.22740117627752,16.87799315024116,14.181143375900808,102.01786336914172,121.3894233222573,81.78660501061913,81.7531631850033,68.77095773337449,67.00656548524978,94.239144365004,38.71778650398498,0.0,119.5032639802576,118.06048235253262,83.95951172025585,89.08969664580546,47.889493427727636,47.75139841336179,71.27577492958537,82.9978471585398,68.30869645063311,66.87263426735309,78.26189678605027,46.959585334065956,90.8036897147178,5.609745642297163
V17,59.307574390650146,70.15746759093481,58.102091609462214,12.725717666870324,69.76164979091146,27.162527639159133,72.70459129317567,29.60584451290427,102.0079265680976,66.29799879075377,43.589464142713894,72.76659570203952,85.71145020169838,93.74684730660428,99.04732572120506,111.32214721238779,80.05785288464247,13.168332679409103,27.83613421651773,51.511153314132976,60.13375714312239,46.04074583902001,26.341951836112376,73.48865676458317,118.91386003152574,0.0,17.330350505171232,71.3044564647495,75.3200909102516,63.07263831014323,80.033863965807,43.918326697158875,70.47389495147361,59.88080186338783,51.31852772677927,61.14310432395352,111.36844698957289,26.320649339821315,113.49424374629982
V18,58.52014326666598,82.34170971380628,56.31607835765506,17.592392981042263,73.67387148112462,40.279022564332344,73.06307157061372,43.16044158263093,108.12315033343394,82.22099087176983,55.30377896492926,80.75360126918265,70.80286008252007,95.18254029500352,92.79960367046527,110.93801084716408,87.47189506685366,31.007429225283598,33.25329836321517,41.03601664878285,49.63742364299847,50.53596104942443,34.53033185189434,82.02222938075776,117.09357820595619,17.333530559224997,0.0,61.744860733272894,80.76149365007596,58.55089328264822,80.48339594145324,40.843315199760774,87.13313897819965,57.011158194451355,47.04124323174474,70.6912515233504,119.46255554907926,26.331123715807227,116.81155228023056
V19,50.51853155311653,102.39707619640087,38.4761907328773,60.50745188311359,64.66449450293597,76.27297266487626,47.54508489685061,79.38187333666498,85.4436889577885,99.39217400479312,97.2497512101993,77.72046640410571,9.948906083373958,118.33590776980756,67.17201729900967,81.83527330309579,129.0324475169384,84.29114962809734,65.8347750060615,25.53835681574243,16.259864981285993,55.65081990982891,64.75035912538314,51.054369620357164,86.41327916828243,72.74503235615525,63.53070296408795,0.0,104.50695490064467,43.15894248652825,83.9932480817092,48.49224548444223,111.16708903844602,21.89060371882916,34.388091336494774,90.79075654704442,99.62217772577806,56.96431872020967,89.48356381639329
V20,60.02804109581476,13.479055741116634,69.0401405494918,64.39855455339242,47.551586333215816,46.14262741777425,68.34981827320308,43.405431595479804,73.35604784627569,10.678420426731074,34.089980851264805,46.840099877275094,109.4677090304029,18.46976197405746,71.9496998887155,70.36141619296929,12.580719338935051,68.37589949330821,55.756148643686444,82.06329279696917,95.23118198087744,52.77619835072498,57.98227834638969,68.17485307461928,88.20079795649178,68.67997162317221,83.4531952304242,117.03018830055676,0.0,69.60614039985676,41.2097917930756,64.77370610860619,3.5847798852522366,90.19481248730409,70.34876509063022,13.913224260657644,49.91295617001559,61.34563308448476,86.74052724797511
V21,15.391241602493917,57.14521991876674,8.614460772251213,50.90641175114203,29.029624503637933,53.41139740086184,6.83168833886955,56.739019471206646,43.200246929115,66.95271113212846,74.05292830850686,33.51840709874091,38.20659306682891,81.6703849563618,31.54976830759585,48.56267170013807,88.19894459349568,79.07835771187467,43.71558822486356,28.369778742634136,24.440525025288952,31.247945933939775,41.95919292582387,15.483103706939485,51.2382430815235,69.28958299882167,62.4128694784394,41.84082315890388,73.62907012345701,0.0,41.39540344230205,23.036159831720507,65.51561919180062,19.40024303369249,15.242247378097723,64.53809608353127,63.25650431152067,43.20335435577364,54.63140597861062
V22,28.315826445310286,28.94001531178603,44.88445055423615,66.12004125444305,12.940599648222252,52.13749981784104,34.29467795575186,57.74126360768866,40.773283573256364,44.88952935092482,56.202156496130904,8.067608922568965,75.99917374600619,35.995089825503875,34.88265949591969,35.747326312987404,56.735393000534124,81.92024971827148,51.39236054179682,60.77210171824856,62.78509355218571,33.9460859175675,55.46810068606967,32.072941789890685,50.92110277732698,77.41682120738794,81.8398639624685,83.40064337804908,41.137844481952264,42.207294644282804,0.0,47.112314894192046,37.926394146314,57.80085046790887,50.30215840426722,36.91634756186941,28.12272570850046,56.976100823365954,50.53449855300875
V23,17.20389421564693,50.990586176691416,17.688312762824605,31.104071471419328,30.512816737063936,28.6738588922437,30.940291136723005,35.816294511563946,68.58883483776943,58.04368822273819,50.86682555241021,39.10937830683096,51.23788025685517,73.1076628613063,53.92158292997082,67.71177959031236,70.82069486388522,49.848721432712985,19.963163130494873,20.189091621680376,31.508020401618847,13.204248226817743,21.503582379178575,35.0451380630779,77.46856012103257,41.65210202779426,39.367102423213524,43.84088080901585,60.69338105048905,24.569693997229727,43.52385118322232,0.0,63.11081732372766,28.851180817253034,13.951103326576481,50.5509631849258,76.03704625807238,15.379195405560921,73.28955286055947
V24,50.531620384554024,10.92323036433888,71.17746793350295,65.02702435255094,45.136709126872404,45.77371611079196,68.84673284619723,43.260659184645675,72.52861812081079,9.060143198217808,32.90428352935741,39.13211861476963,109.51765271084075,20.842024887164573,69.5789426976352,68.65425611680382,15.883900554459427,70.79510603518803,50.52174034769272,81.23399906261929,83.33109141531418,44.41404971660055,56.404702269007686,74.33654021901452,79.86918334364759,74.9426498867692,85.55970717680613,111.5172502218152,3.4614832065965455,70.06195885942759,38.29419776256007,61.71563093056188,0.0,81.5242775566157,67.32520191989258,10.777218613874963,50.09772574210921,59.40196139475763,88.4422014517615
V25,34.46471123399633,73.28874078115687,16.988705833749762,52.19624548348808,50.192302178903574,56.02059660287575,26.77767122218827,69.71995892371558,66.57214932140224,87.61922377175435,81.87824501522925,52.860207000724046,24.37341594303871,96.14637096730958,47.05840091503652,70.38473018297292,103.82847651404084,77.42821515146674,45.18313727328546,15.578003243041584,5.042836832460815,41.61511559454975,45.95966805231887,33.34010081923318,70.91864624910905,60.26574436093099,59.3435655802715,20.82301136578048,94.1695196388948,20.939363658112416,60.27592295059212,30.13146675078009,90.59634723200779,0.0,14.545175867777179,74.35431254404153,88.08696651521458,42.4940851205364,74.48528580164046
V26,21.105291753687638,63.98720726529036,7.7829437692229,38.365363838104,37.16883421957345,41.09894257593563,21.791044200700107,50.98378726349866,60.310617267948686,73.0531340696999,66.14163914227161,41.47743282192525,36.21908099732425,81.25207159407435,47.76406611888156,59.98584785044578,88.28801897175198,64.57383826533197,33.39820584165147,12.062248485976342,16.792028403354653,27.543113988825848,34.70872084055798,30.555961311969774,62.37773393232158,51.72842106363239,46.59624087278929,33.29076806447411,76.51289031186253,16.098384368014642,50.4124798317888,15.018140188416774,75.39819797432834,15.206653498877394,0.0,66.17764213606647,72.45331251255924,26.52927624867885,66.88325242702292
V27,45.99218017747036,12.170699872202638,57.873109544609505,57.73443348225677,34.03443443173038,35.15408535913494,58.84622429551209,29.316856814499655,72.8982666174493,9.523465137981455,26.45282116494759,35.27871694171747,103.68962928192077,29.10896748016525,68.2072746506359,71.73373049019416,25.63916629394663,55.55051683727011,40.30236306149683,66.81457013053752,75.60030102044982,37.24279732761485,39.789382738264635,63.05983024747599,85.73008241410288,56.76115120998007,73.75622695575647,92.50652903112902,15.210424635480585,61.139171528890536,36.38658113156607,50.07566138511158,10.35847723939171,77.68829508416104,66.14106854218527,0.0,52.62494476207396,53.28887129781861,88.98613889538244
V28,56.17823787736345,38.98223286266884,72.5167663815167,93.35103174469373,43.96026681872835,81.43940349020978,58.97956910261434,75.81191771124975,42.02358667196427,55.77599082249635,82.7124517812822,36.36386923539257,107.78236726366475,33.52403401848761,47.676528523695424,34.943217107908104,60.37762897301549,100.35256508850098,80.72608979410052,94.4946925966881,87.19474385533924,60.0224612971239,74.67543023455768,56.86867175120741,49.663257508829275,104.90044340352608,107.2698744573736,105.08753320743551,50.45893937536757,65.86946238158939,31.379457409446253,70.0195470552018,50.03141574403204,84.8514227050492,77.01029465927569,53.484433302185685,0.0,87.4191384394046,49.79828093020724
V29,29.95361183146631,54.790634629326235,33.57556047014495,13.423243246792008,42.997049552946926,20.333186466886694,42.46168376153538,30.52088667323968,77.28646812321699,55.99124666726882,43.563592520479546,48.37300575760887,57.064650510583455,78.04916018910846,66.56395305520725,85.54753570473665,71.15681830742692,35.529795329322184,10.936657591488022,28.200670324946593,40.825941366546104,20.873097157707967,10.129688661857477,54.41249789995124,94.73353635509211,26.431461959868333,26.83143282174096,55.50431549960344,64.85938169885753,37.91135133569798,56.490807686015025,17.202873192673508,59.166630621359516,41.808856162948146,26.549703608843107,51.22580154064754,80.17808704293347,0.0,92.01100881310371
V30,63.36717581948546,74.34553859019134,66.08206792092749,109.84896705109463,56.57262782399451,91.97249728670502,48.92879551649476,95.66607733389063,13.032289867035542,98.75277178862167,108.45152043300423,52.93833134080893,82.66437949520105,80.81308953056161,20.955339329321955,14.269361127104538,95.25765931799921,129.2235042672461,94.17189396805067,85.29835552754018,71.6990840963685,72.19761499233094,89.80339974524067,40.47430519767141,5.619565817845245,124.86337713457114,118.53254412846283,85.57151778473947,87.32745473047792,55.51283125636695,50.315073138379674,77.115382806028,91.47466929446858,71.76402676234405,77.00269753140935,88.59109311418779,44.59496398174971,98.36835588364781,0.0
