origin,destination,distance_km,source_id
C1,C1,0.0,SRC-E-001
C1,T1,72.375,SRC-E-001
C1,T2,29.2592,SRC-E-001
C1,T3,141.6019,SRC-E-001
C1,T4,12.1529,SRC-E-001
C1,T5,106.5591,SRC-E-001
C1,T6,88.6331,SRC-E-001
C1,T7,106.5591,SRC-E-001
C1,T8,115.5236,SRC-E-001
C1,V1,86.3177,SRC-E-001
C1,V2,124.2412,SRC-E-001
C1,V3,61.1218,SRC-E-001
C1,V4,157.1691,SRC-E-001
C1,V5,73.0716,SRC-E-001
C1,V6,115.4676,SRC-E-001
C1,V7,112.1833,SRC-E-001
C1,V8,92.1937,SRC-E-001
C1,V9,140.3551,SRC-E-001
C1,V10,23.8983,SRC-E-001
C1,V11,174.0098,SRC-E-001
C1,V12,182.2538,SRC-E-001
C1,V13,37.0183,SRC-E-001
C1,V14,114.2588,SRC-E-001
C1,V15,78.9747,SRC-E-001
C1,V16,116.7746,SRC-E-001
C1,V17,131.3614,SRC-E-001
C1,V18,142.96,SRC-E-001
C1,V19,144.0325,SRC-E-001
C1,V20,82.3616,SRC-E-001
C1,V21,88.6331,SRC-E-001
C1,V22,116.2098,SRC-E-001
C1,V23,29.2592,SRC-E-001
C1,V24,81.8243,SRC-E-001
C1,V25,182.2538,SRC-E-001
C1,V26,177.6803,SRC-E-001
C1,V27,93.3103,SRC-E-001
C1,V28,82.7893,SRC-E-001
C1,V29,26.9662,SRC-E-001
C1,V30,116.7746,SRC-E-001
T1,C1,72.375,SRC-E-001
T1,T1,0.0,SRC-E-001
T1,T2,101.6342,SRC-E-001
T1,T3,69.2268,SRC-E-001
T1,T4,60.2222,SRC-E-001
T1,T5,34.1841,SRC-E-001
T1,T6,64.4363,SRC-E-001
T1,T7,34.1841,SRC-E-001
T1,T8,91.3268,SRC-E-001
T1,V1,31.8193,SRC-E-001
T1,V2,51.8662,SRC-E-001
T1,V3,44.4561,SRC-E-001
T1,V4,132.9722,SRC-E-001
T1,V5,18.5731,SRC-E-001
T1,V6,91.2707,SRC-E-001
T1,V7,87.9864,SRC-E-001
T1,V8,37.6952,SRC-E-001
T1,V9,67.98,SRC-E-001
T1,V10,96.2734,SRC-E-001
T1,V11,135.2312,SRC-E-001
T1,V12,143.4751,SRC-E-001
T1,V13,95.6433,SRC-E-001
T1,V14,41.8838,SRC-E-001
T1,V15,54.7778,SRC-E-001
T1,V16,92.5778,SRC-E-001
T1,V17,58.9863,SRC-E-001
T1,V18,70.585,SRC-E-001
T1,V19,119.8356,SRC-E-001
T1,V20,27.8632,SRC-E-001
T1,V21,64.4363,SRC-E-001
T1,V22,47.5388,SRC-E-001
T1,V23,101.6342,SRC-E-001
T1,V24,27.3259,SRC-E-001
T1,V25,143.4751,SRC-E-001
T1,V26,138.9017,SRC-E-001
T1,V27,20.9352,SRC-E-001
T1,V28,58.5925,SRC-E-001
T1,V29,99.3413,SRC-E-001
T1,V30,92.5778,SRC-E-001
T2,C1,29.2592,SRC-E-001
T2,T1,101.6342,SRC-E-001
T2,T2,0.0,SRC-E-001
T2,T3,170.8611,SRC-E-001
T2,T4,41.412,SRC-E-001
T2,T5,135.8183,SRC-E-001
T2,T6,117.8923,SRC-E-001
T2,T7,135.8183,SRC-E-001
T2,T8,144.7828,SRC-E-001
T2,V1,115.5769,SRC-E-001
T2,V2,153.5004,SRC-E-001
T2,V3,90.381,SRC-E-001
T2,V4,186.4283,SRC-E-001
T2,V5,102.3308,SRC-E-001
T2,V6,144.7268,SRC-E-001
T2,V7,141.4425,SRC-E-001
T2,V8,121.4528,SRC-E-001
T2,V9,169.6143,SRC-E-001
T2,V10,8.657,SRC-E-001
T2,V11,203.269,SRC-E-001
T2,V12,211.513,SRC-E-001
T2,V13,10.9687,SRC-E-001
T2,V14,143.518,SRC-E-001
T2,V15,108.2339,SRC-E-001
T2,V16,146.0338,SRC-E-001
T2,V17,160.6206,SRC-E-001
T2,V18,172.2192,SRC-E-001
T2,V19,173.2917,SRC-E-001
T2,V20,111.6208,SRC-E-001
T2,V21,117.8923,SRC-E-001
T2,V22,145.469,SRC-E-001
T2,V23,0,SRC-E-001
T2,V24,111.0835,SRC-E-001
T2,V25,211.513,SRC-E-001
T2,V26,206.9395,SRC-E-001
T2,V27,122.5694,SRC-E-001
T2,V28,112.0485,SRC-E-001
T2,V29,11.7019,SRC-E-001
T2,V30,146.0338,SRC-E-001
T3,C1,141.6019,SRC-E-001
T3,T1,69.2268,SRC-E-001
T3,T2,170.8611,SRC-E-001
T3,T3,0.0,SRC-E-001
T3,T4,129.449,SRC-E-001
T3,T5,35.0427,SRC-E-001
T3,T6,120.2094,SRC-E-001
T3,T7,35.0427,SRC-E-001
T3,T8,151.9952,SRC-E-001
T3,V1,85.8562,SRC-E-001
T3,V2,101.6738,SRC-E-001
T3,V3,113.683,SRC-E-001
T3,V4,96.2504,SRC-E-001
T3,V5,87.8,SRC-E-001
T3,V6,151.9392,SRC-E-001
T3,V7,148.6548,SRC-E-001
T3,V8,91.7321,SRC-E-001
T3,V9,25.3799,SRC-E-001
T3,V10,165.5002,SRC-E-001
T3,V11,92.6311,SRC-E-001
T3,V12,100.875,SRC-E-001
T3,V13,164.8702,SRC-E-001
T3,V14,27.3431,SRC-E-001
T3,V15,124.0047,SRC-E-001
T3,V16,153.2462,SRC-E-001
T3,V17,16.3862,SRC-E-001
T3,V18,27.9849,SRC-E-001
T3,V19,83.1138,SRC-E-001
T3,V20,81.9,SRC-E-001
T3,V21,120.2094,SRC-E-001
T3,V22,97.3464,SRC-E-001
T3,V23,170.8611,SRC-E-001
T3,V24,81.3627,SRC-E-001
T3,V25,100.875,SRC-E-001
T3,V26,96.3016,SRC-E-001
T3,V27,69.2468,SRC-E-001
T3,V28,116.1142,SRC-E-001
T3,V29,168.5681,SRC-E-001
T3,V30,153.2462,SRC-E-001
T4,C1,12.1529,SRC-E-001
T4,T1,60.2222,SRC-E-001
T4,T2,41.412,SRC-E-001
T4,T3,129.449,SRC-E-001
T4,T4,0.0,SRC-E-001
T4,T5,94.4063,SRC-E-001
T4,T6,76.4803,SRC-E-001
T4,T7,94.4063,SRC-E-001
T4,T8,103.3708,SRC-E-001
T4,V1,74.1649,SRC-E-001
T4,V2,112.0884,SRC-E-001
T4,V3,48.969,SRC-E-001
T4,V4,145.0163,SRC-E-001
T4,V5,60.9187,SRC-E-001
T4,V6,103.3148,SRC-E-001
T4,V7,100.0304,SRC-E-001
T4,V8,80.0408,SRC-E-001
T4,V9,128.2022,SRC-E-001
T4,V10,36.0512,SRC-E-001
T4,V11,161.857,SRC-E-001
T4,V12,170.1009,SRC-E-001
T4,V13,49.1711,SRC-E-001
T4,V14,102.1059,SRC-E-001
T4,V15,66.8218,SRC-E-001
T4,V16,104.6218,SRC-E-001
T4,V17,119.2085,SRC-E-001
T4,V18,130.8072,SRC-E-001
T4,V19,131.8796,SRC-E-001
T4,V20,70.2088,SRC-E-001
T4,V21,76.4803,SRC-E-001
T4,V22,104.0569,SRC-E-001
T4,V23,41.412,SRC-E-001
T4,V24,69.6715,SRC-E-001
T4,V25,170.1009,SRC-E-001
T4,V26,165.5275,SRC-E-001
T4,V27,81.1574,SRC-E-001
T4,V28,70.6365,SRC-E-001
T4,V29,39.1191,SRC-E-001
T4,V30,104.6218,SRC-E-001
T5,C1,106.5591,SRC-E-001
T5,T1,34.1841,SRC-E-001
T5,T2,135.8183,SRC-E-001
T5,T3,35.0427,SRC-E-001
T5,T4,94.4063,SRC-E-001
T5,T5,0.0,SRC-E-001
T5,T6,98.6204,SRC-E-001
T5,T7,0,SRC-E-001
T5,T8,116.9525,SRC-E-001
T5,V1,50.8134,SRC-E-001
T5,V2,66.6311,SRC-E-001
T5,V3,78.6402,SRC-E-001
T5,V4,104.6664,SRC-E-001
T5,V5,52.7572,SRC-E-001
T5,V6,116.8964,SRC-E-001
T5,V7,113.6121,SRC-E-001
T5,V8,56.6893,SRC-E-001
T5,V9,33.7959,SRC-E-001
T5,V10,130.4575,SRC-E-001
T5,V11,101.0471,SRC-E-001
T5,V12,109.291,SRC-E-001
T5,V13,129.8274,SRC-E-001
T5,V14,7.6997,SRC-E-001
T5,V15,88.9619,SRC-E-001
T5,V16,118.2035,SRC-E-001
T5,V17,24.8022,SRC-E-001
T5,V18,36.4009,SRC-E-001
T5,V19,91.5298,SRC-E-001
T5,V20,46.8573,SRC-E-001
T5,V21,98.6204,SRC-E-001
T5,V22,62.3037,SRC-E-001
T5,V23,135.8183,SRC-E-001
T5,V24,46.32,SRC-E-001
T5,V25,109.291,SRC-E-001
T5,V26,104.7176,SRC-E-001
T5,V27,34.2041,SRC-E-001
T5,V28,81.0715,SRC-E-001
T5,V29,133.5254,SRC-E-001
T5,V30,118.2035,SRC-E-001
T6,C1,88.6331,SRC-E-001
T6,T1,64.4363,SRC-E-001
T6,T2,117.8923,SRC-E-001
T6,T3,120.2094,SRC-E-001
T6,T4,76.4803,SRC-E-001
T6,T5,98.6204,SRC-E-001
T6,T6,0.0,SRC-E-001
T6,T7,98.6204,SRC-E-001
T6,T8,89.8602,SRC-E-001
T6,V1,78.379,SRC-E-001
T6,V2,116.2351,SRC-E-001
T6,V3,60.7142,SRC-E-001
T6,V4,68.536,SRC-E-001
T6,V5,65.1328,SRC-E-001
T6,V6,89.8042,SRC-E-001
T6,V7,86.5198,SRC-E-001
T6,V8,84.2549,SRC-E-001
T6,V9,112.034,SRC-E-001
T6,V10,112.5315,SRC-E-001
T6,V11,85.3767,SRC-E-001
T6,V12,93.6206,SRC-E-001
T6,V13,111.9014,SRC-E-001
T6,V14,106.32,SRC-E-001
T6,V15,9.6584,SRC-E-001
T6,V16,91.1112,SRC-E-001
T6,V17,103.8232,SRC-E-001
T6,V18,92.2245,SRC-E-001
T6,V19,55.3994,SRC-E-001
T6,V20,74.4229,SRC-E-001
T6,V21,0,SRC-E-001
T6,V22,90.5463,SRC-E-001
T6,V23,117.8923,SRC-E-001
T6,V24,73.8856,SRC-E-001
T6,V25,93.6206,SRC-E-001
T6,V26,89.0472,SRC-E-001
T6,V27,85.3715,SRC-E-001
T6,V28,57.1259,SRC-E-001
T6,V29,115.5994,SRC-E-001
T6,V30,91.1112,SRC-E-001
T7,C1,106.5591,SRC-E-001
T7,T1,34.1841,SRC-E-001
T7,T2,135.8183,SRC-E-001
T7,T3,35.0427,SRC-E-001
T7,T4,94.4063,SRC-E-001
T7,T5,0,SRC-E-001
T7,T6,98.6204,SRC-E-001
T7,T7,0.0,SRC-E-001
T7,T8,116.9525,SRC-E-001
T7,V1,50.8134,SRC-E-001
T7,V2,66.6311,SRC-E-001
T7,V3,78.6402,SRC-E-001
T7,V4,104.6664,SRC-E-001
T7,V5,52.7572,SRC-E-001
T7,V6,116.8964,SRC-E-001
T7,V7,113.6121,SRC-E-001
T7,V8,56.6893,SRC-E-001
T7,V9,33.7959,SRC-E-001
T7,V10,130.4575,SRC-E-001
T7,V11,101.0471,SRC-E-001
T7,V12,109.291,SRC-E-001
T7,V13,129.8274,SRC-E-001
T7,V14,7.6997,SRC-E-001
T7,V15,88.9619,SRC-E-001
T7,V16,118.2035,SRC-E-001
T7,V17,24.8022,SRC-E-001
T7,V18,36.4009,SRC-E-001
T7,V19,91.5298,SRC-E-001
T7,V20,46.8573,SRC-E-001
T7,V21,98.6204,SRC-E-001
T7,V22,62.3037,SRC-E-001
T7,V23,135.8183,SRC-E-001
T7,V24,46.32,SRC-E-001
T7,V25,109.291,SRC-E-001
T7,V26,104.7176,SRC-E-001
T7,V27,34.2041,SRC-E-001
T7,V28,81.0715,SRC-E-001
T7,V29,133.5254,SRC-E-001
T7,V30,118.2035,SRC-E-001
T8,C1,115.5236,SRC-E-001
T8,T1,91.3268,SRC-E-001
T8,T2,144.7828,SRC-E-001
T8,T3,151.9952,SRC-E-001
T8,T4,103.3708,SRC-E-001
T8,T5,116.9525,SRC-E-001
T8,T6,89.8602,SRC-E-001
T8,T7,116.9525,SRC-E-001
T8,T8,0.0,SRC-E-001
T8,V1,105.2695,SRC-E-001
T8,V2,103.4172,SRC-E-001
T8,V3,87.6047,SRC-E-001
T8,V4,158.3961,SRC-E-001
T8,V5,92.0233,SRC-E-001
T8,V6,8.6797,SRC-E-001
T8,V7,3.3403,SRC-E-001
T8,V8,111.1454,SRC-E-001
T8,V9,150.7484,SRC-E-001
T8,V10,139.422,SRC-E-001
T8,V11,175.2369,SRC-E-001
T8,V12,183.4808,SRC-E-001
T8,V13,138.7919,SRC-E-001
T8,V14,124.6521,SRC-E-001
T8,V15,80.2017,SRC-E-001
T8,V16,1.251,SRC-E-001
T8,V17,141.7547,SRC-E-001
T8,V18,153.3533,SRC-E-001
T8,V19,145.2595,SRC-E-001
T8,V20,101.3133,SRC-E-001
T8,V21,89.8602,SRC-E-001
T8,V22,77.7284,SRC-E-001
T8,V23,144.7828,SRC-E-001
T8,V24,100.776,SRC-E-001
T8,V25,183.4808,SRC-E-001
T8,V26,178.9074,SRC-E-001
T8,V27,103.7036,SRC-E-001
T8,V28,35.8809,SRC-E-001
T8,V29,142.4898,SRC-E-001
T8,V30,1.251,SRC-E-001
V1,C1,86.3177,SRC-E-001
V1,T1,31.8193,SRC-E-001
V1,T2,115.5769,SRC-E-001
V1,T3,85.8562,SRC-E-001
V1,T4,74.1649,SRC-E-001
V1,T5,50.8134,SRC-E-001
V1,T6,78.379,SRC-E-001
V1,T7,50.8134,SRC-E-001
V1,T8,105.2695,SRC-E-001
V1,V1,0.0,SRC-E-001
V1,V2,69.9915,SRC-E-001
V1,V3,58.3988,SRC-E-001
V1,V4,146.9149,SRC-E-001
V1,V5,28.1636,SRC-E-001
V1,V6,105.2134,SRC-E-001
V1,V7,101.9291,SRC-E-001
V1,V8,14.8628,SRC-E-001
V1,V9,84.6094,SRC-E-001
V1,V10,110.2161,SRC-E-001
V1,V11,151.8605,SRC-E-001
V1,V12,160.1045,SRC-E-001
V1,V13,109.5861,SRC-E-001
V1,V14,58.5131,SRC-E-001
V1,V15,68.7205,SRC-E-001
V1,V16,106.5205,SRC-E-001
V1,V17,75.6157,SRC-E-001
V1,V18,87.2143,SRC-E-001
V1,V19,133.7783,SRC-E-001
V1,V20,5.0307,SRC-E-001
V1,V21,78.379,SRC-E-001
V1,V22,65.6641,SRC-E-001
V1,V23,115.5769,SRC-E-001
V1,V24,4.4934,SRC-E-001
V1,V25,160.1045,SRC-E-001
V1,V26,155.531,SRC-E-001
V1,V27,16.6093,SRC-E-001
V1,V28,72.5352,SRC-E-001
V1,V29,113.284,SRC-E-001
V1,V30,106.5205,SRC-E-001
V2,C1,124.2412,SRC-E-001
V2,T1,51.8662,SRC-E-001
V2,T2,153.5004,SRC-E-001
V2,T3,101.6738,SRC-E-001
V2,T4,112.0884,SRC-E-001
V2,T5,66.6311,SRC-E-001
V2,T6,116.2351,SRC-E-001
V2,T7,66.6311,SRC-E-001
V2,T8,103.4172,SRC-E-001
V2,V1,69.9915,SRC-E-001
V2,V2,0.0,SRC-E-001
V2,V3,96.3223,SRC-E-001
V2,V4,171.2975,SRC-E-001
V2,V5,70.4393,SRC-E-001
V2,V6,103.3612,SRC-E-001
V2,V7,100.0769,SRC-E-001
V2,V8,75.8674,SRC-E-001
V2,V9,100.427,SRC-E-001
V2,V10,148.1396,SRC-E-001
V2,V11,167.6782,SRC-E-001
V2,V12,175.9221,SRC-E-001
V2,V13,147.5095,SRC-E-001
V2,V14,74.3307,SRC-E-001
V2,V15,106.5766,SRC-E-001
V2,V16,104.6682,SRC-E-001
V2,V17,91.4333,SRC-E-001
V2,V18,103.032,SRC-E-001
V2,V19,158.1609,SRC-E-001
V2,V20,66.0354,SRC-E-001
V2,V21,116.2351,SRC-E-001
V2,V22,50.2608,SRC-E-001
V2,V23,153.5004,SRC-E-001
V2,V24,65.4981,SRC-E-001
V2,V25,175.9221,SRC-E-001
V2,V26,171.3487,SRC-E-001
V2,V27,53.3822,SRC-E-001
V2,V28,67.5363,SRC-E-001
V2,V29,151.2075,SRC-E-001
V2,V30,104.6682,SRC-E-001
V3,C1,61.1218,SRC-E-001
V3,T1,44.4561,SRC-E-001
V3,T2,90.381,SRC-E-001
V3,T3,113.683,SRC-E-001
V3,T4,48.969,SRC-E-001
V3,T5,78.6402,SRC-E-001
V3,T6,60.7142,SRC-E-001
V3,T7,78.6402,SRC-E-001
V3,T8,87.6047,SRC-E-001
V3,V1,58.3988,SRC-E-001
V3,V2,96.3223,SRC-E-001
V3,V3,0.0,SRC-E-001
V3,V4,129.2502,SRC-E-001
V3,V5,45.1527,SRC-E-001
V3,V6,87.5487,SRC-E-001
V3,V7,84.2644,SRC-E-001
V3,V8,64.2747,SRC-E-001
V3,V9,112.4362,SRC-E-001
V3,V10,85.0202,SRC-E-001
V3,V11,146.0909,SRC-E-001
V3,V12,154.3349,SRC-E-001
V3,V13,84.3901,SRC-E-001
V3,V14,86.3399,SRC-E-001
V3,V15,51.0558,SRC-E-001
V3,V16,88.8557,SRC-E-001
V3,V17,103.4425,SRC-E-001
V3,V18,115.0411,SRC-E-001
V3,V19,116.1136,SRC-E-001
V3,V20,54.4427,SRC-E-001
V3,V21,60.7142,SRC-E-001
V3,V22,88.2909,SRC-E-001
V3,V23,90.381,SRC-E-001
V3,V24,53.9054,SRC-E-001
V3,V25,154.3349,SRC-E-001
V3,V26,149.7614,SRC-E-001
V3,V27,65.3913,SRC-E-001
V3,V28,54.8704,SRC-E-001
V3,V29,88.0881,SRC-E-001
V3,V30,88.8557,SRC-E-001
V4,C1,157.1691,SRC-E-001
V4,T1,132.9722,SRC-E-001
V4,T2,186.4283,SRC-E-001
V4,T3,96.2504,SRC-E-001
V4,T4,145.0163,SRC-E-001
V4,T5,104.6664,SRC-E-001
V4,T6,68.536,SRC-E-001
V4,T7,104.6664,SRC-E-001
V4,T8,158.3961,SRC-E-001
V4,V1,146.9149,SRC-E-001
V4,V2,171.2975,SRC-E-001
V4,V3,129.2502,SRC-E-001
V4,V4,0.0,SRC-E-001
V4,V5,133.6688,SRC-E-001
V4,V6,158.3401,SRC-E-001
V4,V7,155.0558,SRC-E-001
V4,V8,152.7909,SRC-E-001
V4,V9,88.075,SRC-E-001
V4,V10,181.0674,SRC-E-001
V4,V11,61.4177,SRC-E-001
V4,V12,69.6616,SRC-E-001
V4,V13,180.4374,SRC-E-001
V4,V14,96.9667,SRC-E-001
V4,V15,78.1944,SRC-E-001
V4,V16,159.6472,SRC-E-001
V4,V17,79.8642,SRC-E-001
V4,V18,68.2655,SRC-E-001
V4,V19,13.1366,SRC-E-001
V4,V20,142.9588,SRC-E-001
V4,V21,68.536,SRC-E-001
V4,V22,159.0823,SRC-E-001
V4,V23,186.4283,SRC-E-001
V4,V24,142.4215,SRC-E-001
V4,V25,69.6616,SRC-E-001
V4,V26,65.0882,SRC-E-001
V4,V27,138.8705,SRC-E-001
V4,V28,125.6619,SRC-E-001
V4,V29,184.1353,SRC-E-001
V4,V30,159.6472,SRC-E-001
V5,C1,73.0716,SRC-E-001
V5,T1,18.5731,SRC-E-001
V5,T2,102.3308,SRC-E-001
V5,T3,87.8,SRC-E-001
V5,T4,60.9187,SRC-E-001
V5,T5,52.7572,SRC-E-001
V5,T6,65.1328,SRC-E-001
V5,T7,52.7572,SRC-E-001
V5,T8,92.0233,SRC-E-001
V5,V1,28.1636,SRC-E-001
V5,V2,70.4393,SRC-E-001
V5,V3,45.1527,SRC-E-001
V5,V4,133.6688,SRC-E-001
V5,V5,0.0,SRC-E-001
V5,V6,91.9673,SRC-E-001
V5,V7,88.683,SRC-E-001
V5,V8,34.0395,SRC-E-001
V5,V9,86.5532,SRC-E-001
V5,V10,96.9699,SRC-E-001
V5,V11,150.5095,SRC-E-001
V5,V12,158.7535,SRC-E-001
V5,V13,96.3399,SRC-E-001
V5,V14,60.4569,SRC-E-001
V5,V15,55.4744,SRC-E-001
V5,V16,93.2743,SRC-E-001
V5,V17,77.5595,SRC-E-001
V5,V18,89.1581,SRC-E-001
V5,V19,120.5322,SRC-E-001
V5,V20,24.2075,SRC-E-001
V5,V21,65.1328,SRC-E-001
V5,V22,66.112,SRC-E-001
V5,V23,102.3308,SRC-E-001
V5,V24,23.6702,SRC-E-001
V5,V25,158.7535,SRC-E-001
V5,V26,154.18,SRC-E-001
V5,V27,35.7861,SRC-E-001
V5,V28,59.289,SRC-E-001
V5,V29,100.0378,SRC-E-001
V5,V30,93.2743,SRC-E-001
V6,C1,115.4676,SRC-E-001
V6,T1,91.2707,SRC-E-001
V6,T2,144.7268,SRC-E-001
V6,T3,151.9392,SRC-E-001
V6,T4,103.3148,SRC-E-001
V6,T5,116.8964,SRC-E-001
V6,T6,89.8042,SRC-E-001
V6,T7,116.8964,SRC-E-001
V6,T8,8.6797,SRC-E-001
V6,V1,105.2134,SRC-E-001
V6,V2,103.3612,SRC-E-001
V6,V3,87.5487,SRC-E-001
V6,V4,158.3401,SRC-E-001
V6,V5,91.9673,SRC-E-001
V6,V6,0.0,SRC-E-001
V6,V7,5.3394,SRC-E-001
V6,V8,111.0894,SRC-E-001
V6,V9,150.6924,SRC-E-001
V6,V10,139.3659,SRC-E-001
V6,V11,175.1808,SRC-E-001
V6,V12,183.4248,SRC-E-001
V6,V13,138.7359,SRC-E-001
V6,V14,124.5961,SRC-E-001
V6,V15,80.1457,SRC-E-001
V6,V16,9.9307,SRC-E-001
V6,V17,141.6987,SRC-E-001
V6,V18,153.2973,SRC-E-001
V6,V19,145.2035,SRC-E-001
V6,V20,101.2573,SRC-E-001
V6,V21,89.8042,SRC-E-001
V6,V22,77.6724,SRC-E-001
V6,V23,144.7268,SRC-E-001
V6,V24,100.72,SRC-E-001
V6,V25,183.4248,SRC-E-001
V6,V26,178.8513,SRC-E-001
V6,V27,103.6476,SRC-E-001
V6,V28,35.8249,SRC-E-001
V6,V29,142.4338,SRC-E-001
V6,V30,9.9307,SRC-E-001
V7,C1,112.1833,SRC-E-001
V7,T1,87.9864,SRC-E-001
V7,T2,141.4425,SRC-E-001
V7,T3,148.6548,SRC-E-001
V7,T4,100.0304,SRC-E-001
V7,T5,113.6121,SRC-E-001
V7,T6,86.5198,SRC-E-001
V7,T7,113.6121,SRC-E-001
V7,T8,3.3403,SRC-E-001
V7,V1,101.9291,SRC-E-001
V7,V2,100.0769,SRC-E-001
V7,V3,84.2644,SRC-E-001
V7,V4,155.0558,SRC-E-001
V7,V5,88.683,SRC-E-001
V7,V6,5.3394,SRC-E-001
V7,V7,0.0,SRC-E-001
V7,V8,107.805,SRC-E-001
V7,V9,147.4081,SRC-E-001
V7,V10,136.0816,SRC-E-001
V7,V11,171.8965,SRC-E-001
V7,V12,180.1405,SRC-E-001
V7,V13,135.4516,SRC-E-001
V7,V14,121.3118,SRC-E-001
V7,V15,76.8614,SRC-E-001
V7,V16,4.5914,SRC-E-001
V7,V17,138.4144,SRC-E-001
V7,V18,150.013,SRC-E-001
V7,V19,141.9192,SRC-E-001
V7,V20,97.973,SRC-E-001
V7,V21,86.5198,SRC-E-001
V7,V22,74.3881,SRC-E-001
V7,V23,141.4425,SRC-E-001
V7,V24,97.4357,SRC-E-001
V7,V25,180.1405,SRC-E-001
V7,V26,175.567,SRC-E-001
V7,V27,100.3632,SRC-E-001
V7,V28,32.5406,SRC-E-001
V7,V29,139.1495,SRC-E-001
V7,V30,4.5914,SRC-E-001
V8,C1,92.1937,SRC-E-001
V8,T1,37.6952,SRC-E-001
V8,T2,121.4528,SRC-E-001
V8,T3,91.7321,SRC-E-001
V8,T4,80.0408,SRC-E-001
V8,T5,56.6893,SRC-E-001
V8,T6,84.2549,SRC-E-001
V8,T7,56.6893,SRC-E-001
V8,T8,111.1454,SRC-E-001
V8,V1,14.8628,SRC-E-001
V8,V2,75.8674,SRC-E-001
V8,V3,64.2747,SRC-E-001
V8,V4,152.7909,SRC-E-001
V8,V5,34.0395,SRC-E-001
V8,V6,111.0894,SRC-E-001
V8,V7,107.805,SRC-E-001
V8,V8,0.0,SRC-E-001
V8,V9,90.4853,SRC-E-001
V8,V10,116.092,SRC-E-001
V8,V11,157.7364,SRC-E-001
V8,V12,165.9804,SRC-E-001
V8,V13,115.462,SRC-E-001
V8,V14,64.389,SRC-E-001
V8,V15,74.5965,SRC-E-001
V8,V16,112.3964,SRC-E-001
V8,V17,81.4916,SRC-E-001
V8,V18,93.0902,SRC-E-001
V8,V19,139.6543,SRC-E-001
V8,V20,9.832,SRC-E-001
V8,V21,84.2549,SRC-E-001
V8,V22,71.5401,SRC-E-001
V8,V23,121.4528,SRC-E-001
V8,V24,10.3693,SRC-E-001
V8,V25,165.9804,SRC-E-001
V8,V26,161.4069,SRC-E-001
V8,V27,22.4852,SRC-E-001
V8,V28,78.4111,SRC-E-001
V8,V29,119.1599,SRC-E-001
V8,V30,112.3964,SRC-E-001
V9,C1,140.3551,SRC-E-001
V9,T1,67.98,SRC-E-001
V9,T2,169.6143,SRC-E-001
V9,T3,25.3799,SRC-E-001
V9,T4,128.2022,SRC-E-001
V9,T5,33.7959,SRC-E-001
V9,T6,112.034,SRC-E-001
V9,T7,33.7959,SRC-E-001
V9,T8,150.7484,SRC-E-001
V9,V1,84.6094,SRC-E-001
V9,V2,100.427,SRC-E-001
V9,V3,112.4362,SRC-E-001
V9,V4,88.075,SRC-E-001
V9,V5,86.5532,SRC-E-001
V9,V6,150.6924,SRC-E-001
V9,V7,147.4081,SRC-E-001
V9,V8,90.4853,SRC-E-001
V9,V9,0.0,SRC-E-001
V9,V10,164.2534,SRC-E-001
V9,V11,84.4557,SRC-E-001
V9,V12,92.6996,SRC-E-001
V9,V13,163.6234,SRC-E-001
V9,V14,26.0963,SRC-E-001
V9,V15,121.6924,SRC-E-001
V9,V16,151.9994,SRC-E-001
V9,V17,8.9937,SRC-E-001
V9,V18,19.8095,SRC-E-001
V9,V19,74.9384,SRC-E-001
V9,V20,80.6533,SRC-E-001
V9,V21,112.034,SRC-E-001
V9,V22,96.0997,SRC-E-001
V9,V23,169.6143,SRC-E-001
V9,V24,80.116,SRC-E-001
V9,V25,92.6996,SRC-E-001
V9,V26,88.1262,SRC-E-001
V9,V27,68.0001,SRC-E-001
V9,V28,114.8675,SRC-E-001
V9,V29,167.3213,SRC-E-001
V9,V30,151.9994,SRC-E-001
V10,C1,23.8983,SRC-E-001
V10,T1,96.2734,SRC-E-001
V10,T2,8.657,SRC-E-001
V10,T3,165.5002,SRC-E-001
V10,T4,36.0512,SRC-E-001
V10,T5,130.4575,SRC-E-001
V10,T6,112.5315,SRC-E-001
V10,T7,130.4575,SRC-E-001
V10,T8,139.422,SRC-E-001
V10,V1,110.2161,SRC-E-001
V10,V2,148.1396,SRC-E-001
V10,V3,85.0202,SRC-E-001
V10,V4,181.0674,SRC-E-001
V10,V5,96.9699,SRC-E-001
V10,V6,139.3659,SRC-E-001
V10,V7,136.0816,SRC-E-001
V10,V8,116.092,SRC-E-001
V10,V9,164.2534,SRC-E-001
V10,V10,0.0,SRC-E-001
V10,V11,197.9082,SRC-E-001
V10,V12,206.1521,SRC-E-001
V10,V13,16.416,SRC-E-001
V10,V14,138.1571,SRC-E-001
V10,V15,102.873,SRC-E-001
V10,V16,140.673,SRC-E-001
V10,V17,155.2597,SRC-E-001
V10,V18,166.8584,SRC-E-001
V10,V19,167.9308,SRC-E-001
V10,V20,106.26,SRC-E-001
V10,V21,112.5315,SRC-E-001
V10,V22,140.1081,SRC-E-001
V10,V23,8.657,SRC-E-001
V10,V24,105.7227,SRC-E-001
V10,V25,206.1521,SRC-E-001
V10,V26,201.5787,SRC-E-001
V10,V27,117.2086,SRC-E-001
V10,V28,106.6877,SRC-E-001
V10,V29,6.364,SRC-E-001
V10,V30,140.673,SRC-E-001
V11,C1,174.0098,SRC-E-001
V11,T1,135.2312,SRC-E-001
V11,T2,203.269,SRC-E-001
V11,T3,92.6311,SRC-E-001
V11,T4,161.857,SRC-E-001
V11,T5,101.0471,SRC-E-001
V11,T6,85.3767,SRC-E-001
V11,T7,101.0471,SRC-E-001
V11,T8,175.2369,SRC-E-001
V11,V1,151.8605,SRC-E-001
V11,V2,167.6782,SRC-E-001
V11,V3,146.0909,SRC-E-001
V11,V4,61.4177,SRC-E-001
V11,V5,150.5095,SRC-E-001
V11,V6,175.1808,SRC-E-001
V11,V7,171.8965,SRC-E-001
V11,V8,157.7364,SRC-E-001
V11,V9,84.4557,SRC-E-001
V11,V10,197.9082,SRC-E-001
V11,V11,0.0,SRC-E-001
V11,V12,8.2439,SRC-E-001
V11,V13,197.2781,SRC-E-001
V11,V14,93.3474,SRC-E-001
V11,V15,95.0351,SRC-E-001
V11,V16,176.4879,SRC-E-001
V11,V17,76.2448,SRC-E-001
V11,V18,64.6462,SRC-E-001
V11,V19,48.2811,SRC-E-001
V11,V20,147.9044,SRC-E-001
V11,V21,85.3767,SRC-E-001
V11,V22,163.3508,SRC-E-001
V11,V23,203.269,SRC-E-001
V11,V24,147.3671,SRC-E-001
V11,V25,8.2439,SRC-E-001
V11,V26,3.6705,SRC-E-001
V11,V27,135.2512,SRC-E-001
V11,V28,142.5026,SRC-E-001
V11,V29,200.9761,SRC-E-001
V11,V30,176.4879,SRC-E-001
V12,C1,182.2538,SRC-E-001
V12,T1,143.4751,SRC-E-001
V12,T2,211.513,SRC-E-001
V12,T3,100.875,SRC-E-001
V12,T4,170.1009,SRC-E-001
V12,T5,109.291,SRC-E-001
V12,T6,93.6206,SRC-E-001
V12,T7,109.291,SRC-E-001
V12,T8,183.4808,SRC-E-001
V12,V1,160.1045,SRC-E-001
V12,V2,175.9221,SRC-E-001
V12,V3,154.3349,SRC-E-001
V12,V4,69.6616,SRC-E-001
V12,V5,158.7535,SRC-E-001
V12,V6,183.4248,SRC-E-001
V12,V7,180.1405,SRC-E-001
V12,V8,165.9804,SRC-E-001
V12,V9,92.6996,SRC-E-001
V12,V10,206.1521,SRC-E-001
V12,V11,8.2439,SRC-E-001
V12,V12,0.0,SRC-E-001
V12,V13,205.5221,SRC-E-001
V12,V14,101.5914,SRC-E-001
V12,V15,103.2791,SRC-E-001
V12,V16,184.7318,SRC-E-001
V12,V17,84.4888,SRC-E-001
V12,V18,72.8902,SRC-E-001
V12,V19,56.525,SRC-E-001
V12,V20,156.1484,SRC-E-001
V12,V21,93.6206,SRC-E-001
V12,V22,171.5947,SRC-E-001
V12,V23,211.513,SRC-E-001
V12,V24,155.611,SRC-E-001
V12,V25,0,SRC-E-001
V12,V26,4.5734,SRC-E-001
V12,V27,143.4952,SRC-E-001
V12,V28,150.7465,SRC-E-001
V12,V29,209.22,SRC-E-001
V12,V30,184.7318,SRC-E-001
V13,C1,37.0183,SRC-E-001
V13,T1,95.6433,SRC-E-001
V13,T2,10.9687,SRC-E-001
V13,T3,164.8702,SRC-E-001
V13,T4,49.1711,SRC-E-001
V13,T5,129.8274,SRC-E-001
V13,T6,111.9014,SRC-E-001
V13,T7,129.8274,SRC-E-001
V13,T8,138.7919,SRC-E-001
V13,V1,109.5861,SRC-E-001
V13,V2,147.5095,SRC-E-001
V13,V3,84.3901,SRC-E-001
V13,V4,180.4374,SRC-E-001
V13,V5,96.3399,SRC-E-001
V13,V6,138.7359,SRC-E-001
V13,V7,135.4516,SRC-E-001
V13,V8,115.462,SRC-E-001
V13,V9,163.6234,SRC-E-001
V13,V10,16.416,SRC-E-001
V13,V11,197.2781,SRC-E-001
V13,V12,205.5221,SRC-E-001
V13,V13,0.0,SRC-E-001
V13,V14,137.5271,SRC-E-001
V13,V15,102.243,SRC-E-001
V13,V16,140.043,SRC-E-001
V13,V17,154.6297,SRC-E-001
V13,V18,166.2283,SRC-E-001
V13,V19,167.3008,SRC-E-001
V13,V20,105.6299,SRC-E-001
V13,V21,111.9014,SRC-E-001
V13,V22,139.4781,SRC-E-001
V13,V23,10.9687,SRC-E-001
V13,V24,105.0926,SRC-E-001
V13,V25,205.5221,SRC-E-001
V13,V26,200.9486,SRC-E-001
V13,V27,116.5786,SRC-E-001
V13,V28,106.0577,SRC-E-001
V13,V29,19.461,SRC-E-001
V13,V30,140.043,SRC-E-001
V14,C1,114.2588,SRC-E-001
V14,T1,41.8838,SRC-E-001
V14,T2,143.518,SRC-E-001
V14,T3,27.3431,SRC-E-001
V14,T4,102.1059,SRC-E-001
V14,T5,7.6997,SRC-E-001
V14,T6,106.32,SRC-E-001
V14,T7,7.6997,SRC-E-001
V14,T8,124.6521,SRC-E-001
V14,V1,58.5131,SRC-E-001
V14,V2,74.3307,SRC-E-001
V14,V3,86.3399,SRC-E-001
V14,V4,96.9667,SRC-E-001
V14,V5,60.4569,SRC-E-001
V14,V6,124.5961,SRC-E-001
V14,V7,121.3118,SRC-E-001
V14,V8,64.389,SRC-E-001
V14,V9,26.0963,SRC-E-001
V14,V10,138.1571,SRC-E-001
V14,V11,93.3474,SRC-E-001
V14,V12,101.5914,SRC-E-001
V14,V13,137.5271,SRC-E-001
V14,V14,0.0,SRC-E-001
V14,V15,96.6616,SRC-E-001
V14,V16,125.9031,SRC-E-001
V14,V17,17.1026,SRC-E-001
V14,V18,28.7012,SRC-E-001
V14,V19,83.8301,SRC-E-001
V14,V20,54.557,SRC-E-001
V14,V21,106.32,SRC-E-001
V14,V22,70.0034,SRC-E-001
V14,V23,143.518,SRC-E-001
V14,V24,54.0197,SRC-E-001
V14,V25,101.5914,SRC-E-001
V14,V26,97.0179,SRC-E-001
V14,V27,41.9038,SRC-E-001
V14,V28,88.7712,SRC-E-001
V14,V29,141.225,SRC-E-001
V14,V30,125.9031,SRC-E-001
V15,C1,78.9747,SRC-E-001
V15,T1,54.7778,SRC-E-001
V15,T2,108.2339,SRC-E-001
V15,T3,124.0047,SRC-E-001
V15,T4,66.8218,SRC-E-001
V15,T5,88.9619,SRC-E-001
V15,T6,9.6584,SRC-E-001
V15,T7,88.9619,SRC-E-001
V15,T8,80.2017,SRC-E-001
V15,V1,68.7205,SRC-E-001
V15,V2,106.5766,SRC-E-001
V15,V3,51.0558,SRC-E-001
V15,V4,78.1944,SRC-E-001
V15,V5,55.4744,SRC-E-001
V15,V6,80.1457,SRC-E-001
V15,V7,76.8614,SRC-E-001
V15,V8,74.5965,SRC-E-001
V15,V9,121.6924,SRC-E-001
V15,V10,102.873,SRC-E-001
V15,V11,95.0351,SRC-E-001
V15,V12,103.2791,SRC-E-001
V15,V13,102.243,SRC-E-001
V15,V14,96.6616,SRC-E-001
V15,V15,0.0,SRC-E-001
V15,V16,81.4528,SRC-E-001
V15,V17,113.4816,SRC-E-001
V15,V18,101.883,SRC-E-001
V15,V19,65.0578,SRC-E-001
V15,V20,64.7644,SRC-E-001
V15,V21,9.6584,SRC-E-001
V15,V22,80.8879,SRC-E-001
V15,V23,108.2339,SRC-E-001
V15,V24,64.2271,SRC-E-001
V15,V25,103.2791,SRC-E-001
V15,V26,98.7056,SRC-E-001
V15,V27,75.7131,SRC-E-001
V15,V28,47.4675,SRC-E-001
V15,V29,105.9409,SRC-E-001
V15,V30,81.4528,SRC-E-001
V16,C1,116.7746,SRC-E-001
V16,T1,92.5778,SRC-E-001
V16,T2,146.0338,SRC-E-001
V16,T3,153.2462,SRC-E-001
V16,T4,104.6218,SRC-E-001
V16,T5,118.2035,SRC-E-001
V16,T6,91.1112,SRC-E-001
V16,T7,118.2035,SRC-E-001
V16,T8,1.251,SRC-E-001
V16,V1,106.5205,SRC-E-001
V16,V2,104.6682,SRC-E-001
V16,V3,88.8557,SRC-E-001
V16,V4,159.6472,SRC-E-001
V16,V5,93.2743,SRC-E-001
V16,V6,9.9307,SRC-E-001
V16,V7,4.5914,SRC-E-001
V16,V8,112.3964,SRC-E-001
V16,V9,151.9994,SRC-E-001
V16,V10,140.673,SRC-E-001
V16,V11,176.4879,SRC-E-001
V16,V12,184.7318,SRC-E-001
V16,V13,140.043,SRC-E-001
V16,V14,125.9031,SRC-E-001
V16,V15,81.4528,SRC-E-001
V16,V16,0.0,SRC-E-001
V16,V17,143.0057,SRC-E-001
V16,V18,154.6044,SRC-E-001
V16,V19,146.5106,SRC-E-001
V16,V20,102.5644,SRC-E-001
V16,V21,91.1112,SRC-E-001
V16,V22,78.9795,SRC-E-001
V16,V23,146.0338,SRC-E-001
V16,V24,102.0271,SRC-E-001
V16,V25,184.7318,SRC-E-001
V16,V26,180.1584,SRC-E-001
V16,V27,104.9546,SRC-E-001
V16,V28,37.132,SRC-E-001
V16,V29,143.7409,SRC-E-001
V16,V30,0,SRC-E-001
V17,C1,131.3614,SRC-E-001
V17,T1,58.9863,SRC-E-001
V17,T2,160.6206,SRC-E-001
V17,T3,16.3862,SRC-E-001
V17,T4,119.2085,SRC-E-001
V17,T5,24.8023,SRC-E-001
V17,T6,103.8232,SRC-E-001
V17,T7,24.8023,SRC-E-001
V17,T8,141.7547,SRC-E-001
V17,V1,75.6157,SRC-E-001
V17,V2,91.4333,SRC-E-001
V17,V3,103.4425,SRC-E-001
V17,V4,79.8642,SRC-E-001
V17,V5,77.5595,SRC-E-001
V17,V6,141.6987,SRC-E-001
V17,V7,138.4144,SRC-E-001
V17,V8,81.4916,SRC-E-001
V17,V9,8.9937,SRC-E-001
V17,V10,155.2597,SRC-E-001
V17,V11,76.2448,SRC-E-001
V17,V12,84.4888,SRC-E-001
V17,V13,154.6297,SRC-E-001
V17,V14,17.1026,SRC-E-001
V17,V15,113.4816,SRC-E-001
V17,V16,143.0057,SRC-E-001
V17,V17,0.0,SRC-E-001
V17,V18,11.5986,SRC-E-001
V17,V19,66.7275,SRC-E-001
V17,V20,71.6596,SRC-E-001
V17,V21,103.8232,SRC-E-001
V17,V22,87.106,SRC-E-001
V17,V23,160.6206,SRC-E-001
V17,V24,71.1223,SRC-E-001
V17,V25,84.4888,SRC-E-001
V17,V26,79.9153,SRC-E-001
V17,V27,59.0064,SRC-E-001
V17,V28,105.8738,SRC-E-001
V17,V29,158.3276,SRC-E-001
V17,V30,143.0057,SRC-E-001
V18,C1,142.96,SRC-E-001
V18,T1,70.585,SRC-E-001
V18,T2,172.2192,SRC-E-001
V18,T3,27.9849,SRC-E-001
V18,T4,130.8072,SRC-E-001
V18,T5,36.4009,SRC-E-001
V18,T6,92.2245,SRC-E-001
V18,T7,36.4009,SRC-E-001
V18,T8,153.3533,SRC-E-001
V18,V1,87.2143,SRC-E-001
V18,V2,103.032,SRC-E-001
V18,V3,115.0411,SRC-E-001
V18,V4,68.2655,SRC-E-001
V18,V5,89.1581,SRC-E-001
V18,V6,153.2973,SRC-E-001
V18,V7,150.013,SRC-E-001
V18,V8,93.0902,SRC-E-001
V18,V9,19.8095,SRC-E-001
V18,V10,166.8584,SRC-E-001
V18,V11,64.6462,SRC-E-001
V18,V12,72.8902,SRC-E-001
V18,V13,166.2283,SRC-E-001
V18,V14,28.7012,SRC-E-001
V18,V15,101.883,SRC-E-001
V18,V16,154.6044,SRC-E-001
V18,V17,11.5986,SRC-E-001
V18,V18,0.0,SRC-E-001
V18,V19,55.1289,SRC-E-001
V18,V20,83.2582,SRC-E-001
V18,V21,92.2245,SRC-E-001
V18,V22,98.7046,SRC-E-001
V18,V23,172.2192,SRC-E-001
V18,V24,82.7209,SRC-E-001
V18,V25,72.8902,SRC-E-001
V18,V26,68.3167,SRC-E-001
V18,V27,70.605,SRC-E-001
V18,V28,117.4724,SRC-E-001
V18,V29,169.9263,SRC-E-001
V18,V30,154.6044,SRC-E-001
V19,C1,144.0325,SRC-E-001
V19,T1,119.8356,SRC-E-001
V19,T2,173.2917,SRC-E-001
V19,T3,83.1138,SRC-E-001
V19,T4,131.8796,SRC-E-001
V19,T5,91.5298,SRC-E-001
V19,T6,55.3994,SRC-E-001
V19,T7,91.5298,SRC-E-001
V19,T8,145.2595,SRC-E-001
V19,V1,133.7783,SRC-E-001
V19,V2,158.1609,SRC-E-001
V19,V3,116.1136,SRC-E-001
V19,V4,13.1366,SRC-E-001
V19,V5,120.5322,SRC-E-001
V19,V6,145.2035,SRC-E-001
V19,V7,141.9192,SRC-E-001
V19,V8,139.6543,SRC-E-001
V19,V9,74.9384,SRC-E-001
V19,V10,167.9308,SRC-E-001
V19,V11,48.2811,SRC-E-001
V19,V12,56.525,SRC-E-001
V19,V13,167.3008,SRC-E-001
V19,V14,83.8301,SRC-E-001
V19,V15,65.0578,SRC-E-001
V19,V16,146.5106,SRC-E-001
V19,V17,66.7275,SRC-E-001
V19,V18,55.1289,SRC-E-001
V19,V19,0.0,SRC-E-001
V19,V20,129.8222,SRC-E-001
V19,V21,55.3994,SRC-E-001
V19,V22,145.9457,SRC-E-001
V19,V23,173.2917,SRC-E-001
V19,V24,129.2849,SRC-E-001
V19,V25,56.525,SRC-E-001
V19,V26,51.9516,SRC-E-001
V19,V27,125.7339,SRC-E-001
V19,V28,112.5253,SRC-E-001
V19,V29,170.9987,SRC-E-001
V19,V30,146.5106,SRC-E-001
V20,C1,82.3616,SRC-E-001
V20,T1,27.8632,SRC-E-001
V20,T2,111.6208,SRC-E-001
V20,T3,81.9,SRC-E-001
V20,T4,70.2088,SRC-E-001
V20,T5,46.8573,SRC-E-001
V20,T6,74.4229,SRC-E-001
V20,T7,46.8573,SRC-E-001
V20,T8,101.3133,SRC-E-001
V20,V1,5.0307,SRC-E-001
V20,V2,66.0354,SRC-E-001
V20,V3,54.4427,SRC-E-001
V20,V4,142.9588,SRC-E-001
V20,V5,24.2075,SRC-E-001
V20,V6,101.2573,SRC-E-001
V20,V7,97.973,SRC-E-001
V20,V8,9.832,SRC-E-001
V20,V9,80.6533,SRC-E-001
V20,V10,106.26,SRC-E-001
V20,V11,147.9044,SRC-E-001
V20,V12,156.1484,SRC-E-001
V20,V13,105.6299,SRC-E-001
V20,V14,54.557,SRC-E-001
V20,V15,64.7644,SRC-E-001
V20,V16,102.5644,SRC-E-001
V20,V17,71.6596,SRC-E-001
V20,V18,83.2582,SRC-E-001
V20,V19,129.8222,SRC-E-001
V20,V20,0.0,SRC-E-001
V20,V21,74.4229,SRC-E-001
V20,V22,61.708,SRC-E-001
V20,V23,111.6208,SRC-E-001
V20,V24,0.5373,SRC-E-001
V20,V25,156.1484,SRC-E-001
V20,V26,151.5749,SRC-E-001
V20,V27,12.6532,SRC-E-001
V20,V28,68.5791,SRC-E-001
V20,V29,109.3279,SRC-E-001
V20,V30,102.5644,SRC-E-001
V21,C1,88.6331,SRC-E-001
V21,T1,64.4363,SRC-E-001
V21,T2,117.8923,SRC-E-001
V21,T3,120.2094,SRC-E-001
V21,T4,76.4803,SRC-E-001
V21,T5,98.6204,SRC-E-001
V21,T6,0,SRC-E-001
V21,T7,98.6204,SRC-E-001
V21,T8,89.8602,SRC-E-001
V21,V1,78.379,SRC-E-001
V21,V2,116.2351,SRC-E-001
V21,V3,60.7142,SRC-E-001
V21,V4,68.536,SRC-E-001
V21,V5,65.1328,SRC-E-001
V21,V6,89.8042,SRC-E-001
V21,V7,86.5198,SRC-E-001
V21,V8,84.2549,SRC-E-001
V21,V9,112.034,SRC-E-001
V21,V10,112.5315,SRC-E-001
V21,V11,85.3767,SRC-E-001
V21,V12,93.6206,SRC-E-001
V21,V13,111.9014,SRC-E-001
V21,V14,106.32,SRC-E-001
V21,V15,9.6584,SRC-E-001
V21,V16,91.1112,SRC-E-001
V21,V17,103.8232,SRC-E-001
V21,V18,92.2245,SRC-E-001
V21,V19,55.3994,SRC-E-001
V21,V20,74.4229,SRC-E-001
V21,V21,0.0,SRC-E-001
V21,V22,90.5463,SRC-E-001
V21,V23,117.8923,SRC-E-001
V21,V24,73.8856,SRC-E-001
V21,V25,93.6206,SRC-E-001
V21,V26,89.0472,SRC-E-001
V21,V27,85.3715,SRC-E-001
V21,V28,57.1259,SRC-E-001
V21,V29,115.5994,SRC-E-001
V21,V30,91.1112,SRC-E-001
V22,C1,116.2098,SRC-E-001
V22,T1,47.5388,SRC-E-001
V22,T2,145.469,SRC-E-001
V22,T3,97.3464,SRC-E-001
V22,T4,104.0569,SRC-E-001
V22,T5,62.3037,SRC-E-001
V22,T6,90.5463,SRC-E-001
V22,T7,62.3037,SRC-E-001
V22,T8,77.7284,SRC-E-001
V22,V1,65.6641,SRC-E-001
V22,V2,50.2608,SRC-E-001
V22,V3,88.2909,SRC-E-001
V22,V4,159.0823,SRC-E-001
V22,V5,66.112,SRC-E-001
V22,V6,77.6724,SRC-E-001
V22,V7,74.3881,SRC-E-001
V22,V8,71.5401,SRC-E-001
V22,V9,96.0997,SRC-E-001
V22,V10,140.1081,SRC-E-001
V22,V11,163.3508,SRC-E-001
V22,V12,171.5947,SRC-E-001
V22,V13,139.4781,SRC-E-001
V22,V14,70.0034,SRC-E-001
V22,V15,80.8879,SRC-E-001
V22,V16,78.9795,SRC-E-001
V22,V17,87.106,SRC-E-001
V22,V18,98.7046,SRC-E-001
V22,V19,145.9457,SRC-E-001
V22,V20,61.708,SRC-E-001
V22,V21,90.5463,SRC-E-001
V22,V22,0.0,SRC-E-001
V22,V23,145.469,SRC-E-001
V22,V24,61.1707,SRC-E-001
V22,V25,171.5947,SRC-E-001
V22,V26,167.0213,SRC-E-001
V22,V27,49.0548,SRC-E-001
V22,V28,41.8475,SRC-E-001
V22,V29,143.176,SRC-E-001
V22,V30,78.9795,SRC-E-001
V23,C1,29.2592,SRC-E-001
V23,T1,101.6342,SRC-E-001
V23,T2,0,SRC-E-001
V23,T3,170.8611,SRC-E-001
V23,T4,41.412,SRC-E-001
V23,T5,135.8183,SRC-E-001
V23,T6,117.8923,SRC-E-001
V23,T7,135.8183,SRC-E-001
V23,T8,144.7828,SRC-E-001
V23,V1,115.5769,SRC-E-001
V23,V2,153.5004,SRC-E-001
V23,V3,90.381,SRC-E-001
V23,V4,186.4283,SRC-E-001
V23,V5,102.3308,SRC-E-001
V23,V6,144.7268,SRC-E-001
V23,V7,141.4425,SRC-E-001
V23,V8,121.4528,SRC-E-001
V23,V9,169.6143,SRC-E-001
V23,V10,8.657,SRC-E-001
V23,V11,203.269,SRC-E-001
V23,V12,211.513,SRC-E-001
V23,V13,10.9687,SRC-E-001
V23,V14,143.518,SRC-E-001
V23,V15,108.2339,SRC-E-001
V23,V16,146.0338,SRC-E-001
V23,V17,160.6206,SRC-E-001
V23,V18,172.2192,SRC-E-001
V23,V19,173.2917,SRC-E-001
V23,V20,111.6208,SRC-E-001
V23,V21,117.8923,SRC-E-001
V23,V22,145.469,SRC-E-001
V23,V23,0.0,SRC-E-001
V23,V24,111.0835,SRC-E-001
V23,V25,211.513,SRC-E-001
V23,V26,206.9395,SRC-E-001
V23,V27,122.5694,SRC-E-001
V23,V28,112.0485,SRC-E-001
V23,V29,11.7019,SRC-E-001
V23,V30,146.0338,SRC-E-001
V24,C1,81.8243,SRC-E-001
V24,T1,27.3259,SRC-E-001
V24,T2,111.0835,SRC-E-001
V24,T3,81.3627,SRC-E-001
V24,T4,69.6715,SRC-E-001
V24,T5,46.32,SRC-E-001
V24,T6,73.8856,SRC-E-001
V24,T7,46.32,SRC-E-001
V24,T8,100.776,SRC-E-001
V24,V1,4.4934,SRC-E-001
V24,V2,65.4981,SRC-E-001
V24,V3,53.9054,SRC-E-001
V24,V4,142.4215,SRC-E-001
V24,V5,23.6702,SRC-E-001
V24,V6,100.72,SRC-E-001
V24,V7,97.4357,SRC-E-001
V24,V8,10.3693,SRC-E-001
V24,V9,80.116,SRC-E-001
V24,V10,105.7227,SRC-E-001
V24,V11,147.3671,SRC-E-001
V24,V12,155.611,SRC-E-001
V24,V13,105.0926,SRC-E-001
V24,V14,54.0197,SRC-E-001
V24,V15,64.2271,SRC-E-001
V24,V16,102.0271,SRC-E-001
V24,V17,71.1223,SRC-E-001
V24,V18,82.7209,SRC-E-001
V24,V19,129.2849,SRC-E-001
V24,V20,0.5373,SRC-E-001
V24,V21,73.8856,SRC-E-001
V24,V22,61.1707,SRC-E-001
V24,V23,111.0835,SRC-E-001
V24,V24,0.0,SRC-E-001
V24,V25,155.611,SRC-E-001
V24,V26,151.0376,SRC-E-001
V24,V27,12.1159,SRC-E-001
V24,V28,68.0418,SRC-E-001
V24,V29,108.7905,SRC-E-001
V24,V30,102.0271,SRC-E-001
V25,C1,182.2538,SRC-E-001
V25,T1,143.4751,SRC-E-001
V25,T2,211.513,SRC-E-001
V25,T3,100.875,SRC-E-001
V25,T4,170.1009,SRC-E-001
V25,T5,109.291,SRC-E-001
V25,T6,93.6206,SRC-E-001
V25,T7,109.291,SRC-E-001
V25,T8,183.4808,SRC-E-001
V25,V1,160.1045,SRC-E-001
V25,V2,175.9221,SRC-E-001
V25,V3,154.3349,SRC-E-001
V25,V4,69.6616,SRC-E-001
V25,V5,158.7535,SRC-E-001
V25,V6,183.4248,SRC-E-001
V25,V7,180.1405,SRC-E-001
V25,V8,165.9804,SRC-E-001
V25,V9,92.6996,SRC-E-001
V25,V10,206.1521,SRC-E-001
V25,V11,8.2439,SRC-E-001
V25,V12,0,SRC-E-001
V25,V13,205.5221,SRC-E-001
V25,V14,101.5914,SRC-E-001
V25,V15,103.2791,SRC-E-001
V25,V16,184.7318,SRC-E-001
V25,V17,84.4888,SRC-E-001
V25,V18,72.8902,SRC-E-001
V25,V19,56.525,SRC-E-001
V25,V20,156.1484,SRC-E-001
V25,V21,93.6206,SRC-E-001
V25,V22,171.5947,SRC-E-001
V25,V23,211.513,SRC-E-001
V25,V24,155.611,SRC-E-001
V25,V25,0.0,SRC-E-001
V25,V26,4.5734,SRC-E-001
V25,V27,143.4952,SRC-E-001
V25,V28,150.7465,SRC-E-001
V25,V29,209.22,SRC-E-001
V25,V30,184.7318,SRC-E-001
V26,C1,177.6803,SRC-E-001
V26,T1,138.9017,SRC-E-001
V26,T2,206.9395,SRC-E-001
V26,T3,96.3016,SRC-E-001
V26,T4,165.5275,SRC-E-001
V26,T5,104.7176,SRC-E-001
V26,T6,89.0472,SRC-E-001
V26,T7,104.7176,SRC-E-001
V26,T8,178.9074,SRC-E-001
V26,V1,155.531,SRC-E-001
V26,V2,171.3487,SRC-E-001
V26,V3,149.7614,SRC-E-001
V26,V4,65.0882,SRC-E-001
V26,V5,154.18,SRC-E-001
V26,V6,178.8513,SRC-E-001
V26,V7,175.567,SRC-E-001
V26,V8,161.4069,SRC-E-001
V26,V9,88.1262,SRC-E-001
V26,V10,201.5787,SRC-E-001
V26,V11,3.6705,SRC-E-001
V26,V12,4.5734,SRC-E-001
V26,V13,200.9486,SRC-E-001
V26,V14,97.0179,SRC-E-001
V26,V15,98.7056,SRC-E-001
V26,V16,180.1584,SRC-E-001
V26,V17,79.9153,SRC-E-001
V26,V18,68.3167,SRC-E-001
V26,V19,51.9516,SRC-E-001
V26,V20,151.5749,SRC-E-001
V26,V21,89.0472,SRC-E-001
V26,V22,167.0213,SRC-E-001
V26,V23,206.9395,SRC-E-001
V26,V24,151.0376,SRC-E-001
V26,V25,4.5734,SRC-E-001
V26,V26,0.0,SRC-E-001
V26,V27,138.9217,SRC-E-001
V26,V28,146.1731,SRC-E-001
V26,V29,204.6466,SRC-E-001
V26,V30,180.1584,SRC-E-001
V27,C1,93.3103,SRC-E-001
V27,T1,20.9352,SRC-E-001
V27,T2,122.5694,SRC-E-001
V27,T3,69.2468,SRC-E-001
V27,T4,81.1574,SRC-E-001
V27,T5,34.2041,SRC-E-001
V27,T6,85.3715,SRC-E-001
V27,T7,34.2041,SRC-E-001
V27,T8,103.7036,SRC-E-001
V27,V1,16.6093,SRC-E-001
V27,V2,53.3822,SRC-E-001
V27,V3,65.3913,SRC-E-001
V27,V4,138.8705,SRC-E-001
V27,V5,35.7861,SRC-E-001
V27,V6,103.6476,SRC-E-001
V27,V7,100.3632,SRC-E-001
V27,V8,22.4852,SRC-E-001
V27,V9,68.0001,SRC-E-001
V27,V10,117.2086,SRC-E-001
V27,V11,135.2512,SRC-E-001
V27,V12,143.4952,SRC-E-001
V27,V13,116.5786,SRC-E-001
V27,V14,41.9038,SRC-E-001
V27,V15,75.7131,SRC-E-001
V27,V16,104.9546,SRC-E-001
V27,V17,59.0064,SRC-E-001
V27,V18,70.605,SRC-E-001
V27,V19,125.7339,SRC-E-001
V27,V20,12.6532,SRC-E-001
V27,V21,85.3715,SRC-E-001
V27,V22,49.0548,SRC-E-001
V27,V23,122.5694,SRC-E-001
V27,V24,12.1159,SRC-E-001
V27,V25,143.4952,SRC-E-001
V27,V26,138.9217,SRC-E-001
V27,V27,0.0,SRC-E-001
V27,V28,67.8226,SRC-E-001
V27,V29,120.2765,SRC-E-001
V27,V30,104.9546,SRC-E-001
V28,C1,82.7893,SRC-E-001
V28,T1,58.5925,SRC-E-001
V28,T2,112.0485,SRC-E-001
V28,T3,116.1142,SRC-E-001
V28,T4,70.6365,SRC-E-001
V28,T5,81.0715,SRC-E-001
V28,T6,57.1259,SRC-E-001
V28,T7,81.0715,SRC-E-001
V28,T8,35.8809,SRC-E-001
V28,V1,72.5352,SRC-E-001
V28,V2,67.5363,SRC-E-001
V28,V3,54.8704,SRC-E-001
V28,V4,125.6619,SRC-E-001
V28,V5,59.289,SRC-E-001
V28,V6,35.8249,SRC-E-001
V28,V7,32.5406,SRC-E-001
V28,V8,78.4111,SRC-E-001
V28,V9,114.8675,SRC-E-001
V28,V10,106.6877,SRC-E-001
V28,V11,142.5026,SRC-E-001
V28,V12,150.7465,SRC-E-001
V28,V13,106.0577,SRC-E-001
V28,V14,88.7712,SRC-E-001
V28,V15,47.4675,SRC-E-001
V28,V16,37.132,SRC-E-001
V28,V17,105.8738,SRC-E-001
V28,V18,117.4724,SRC-E-001
V28,V19,112.5253,SRC-E-001
V28,V20,68.5791,SRC-E-001
V28,V21,57.1259,SRC-E-001
V28,V22,41.8475,SRC-E-001
V28,V23,112.0485,SRC-E-001
V28,V24,68.0418,SRC-E-001
V28,V25,150.7465,SRC-E-001
V28,V26,146.1731,SRC-E-001
V28,V27,67.8226,SRC-E-001
V28,V28,0.0,SRC-E-001
V28,V29,109.7556,SRC-E-001
V28,V30,37.132,SRC-E-001
V29,C1,26.9662,SRC-E-001
V29,T1,99.3413,SRC-E-001
V29,T2,11.7019,SRC-E-001
V29,T3,168.5681,SRC-E-001
V29,T4,39.1191,SRC-E-001
V29,T5,133.5254,SRC-E-001
V29,T6,115.5994,SRC-E-001
V29,T7,133.5254,SRC-E-001
V29,T8,142.4898,SRC-E-001
V29,V1,113.284,SRC-E-001
V29,V2,151.2075,SRC-E-001
V29,V3,88.0881,SRC-E-001
V29,V4,184.1353,SRC-E-001
V29,V5,100.0378,SRC-E-001
V29,V6,142.4338,SRC-E-001
V29,V7,139.1495,SRC-E-001
V29,V8,119.1599,SRC-E-001
V29,V9,167.3213,SRC-E-001
V29,V10,6.364,SRC-E-001
V29,V11,200.9761,SRC-E-001
V29,V12,209.22,SRC-E-001
V29,V13,19.461,SRC-E-001
V29,V14,141.225,SRC-E-001
V29,V15,105.9409,SRC-E-001
V29,V16,143.7409,SRC-E-001
V29,V17,158.3276,SRC-E-001
V29,V18,169.9263,SRC-E-001
V29,V19,170.9987,SRC-E-001
V29,V20,109.3279,SRC-E-001
V29,V21,115.5994,SRC-E-001
V29,V22,143.176,SRC-E-001
V29,V23,11.7019,SRC-E-001
V29,V24,108.7905,SRC-E-001
V29,V25,209.22,SRC-E-001
V29,V26,204.6466,SRC-E-001
V29,V27,120.2765,SRC-E-001
V29,V28,109.7556,SRC-E-001
V29,V29,0.0,SRC-E-001
V29,V30,143.7409,SRC-E-001
V30,C1,116.7746,SRC-E-001
V30,T1,92.5778,SRC-E-001
V30,T2,146.0338,SRC-E-001
V30,T3,153.2462,SRC-E-001
V30,T4,104.6218,SRC-E-001
V30,T5,118.2035,SRC-E-001
V30,T6,91.1112,SRC-E-001
V30,T7,118.2035,SRC-E-001
V30,T8,1.251,SRC-E-001
V30,V1,106.5205,SRC-E-001
V30,V2,104.6682,SRC-E-001
V30,V3,88.8557,SRC-E-001
V30,V4,159.6472,SRC-E-001
V30,V5,93.2743,SRC-E-001
V30,V6,9.9307,SRC-E-001
V30,V7,4.5914,SRC-E-001
V30,V8,112.3964,SRC-E-001
V30,V9,151.9994,SRC-E-001
V30,V10,140.673,SRC-E-001
V30,V11,176.4879,SRC-E-001
V30,V12,184.7318,SRC-E-001
V30,V13,140.043,SRC-E-001
V30,V14,125.9031,SRC-E-001
V30,V15,81.4528,SRC-E-001
V30,V16,0,SRC-E-001
V30,V17,143.0057,SRC-E-001
V30,V18,154.6044,SRC-E-001
V30,V19,146.5106,SRC-E-001
V30,V20,102.5644,SRC-E-001
V30,V21,91.1112,SRC-E-001
V30,V22,78.9795,SRC-E-001
V30,V23,146.0338,SRC-E-001
V30,V24,102.0271,SRC-E-001
V30,V25,184.7318,SRC-E-001
V30,V26,180.1584,SRC-E-001
V30,V27,104.9546,SRC-E-001
V30,V28,37.132,SRC-E-001
V30,V29,143.7409,SRC-E-001
V30,V30,0.0,SRC-E-001
