node_id,name,level,level_name,lat,lon,okra_production_ton,is_candidate,population,road_access
C1,J县县城,3,县级,29.337454011884738,111.725071430641,86.59969709057026,True,103946.33936788146,True
T1,乡镇1,2,乡镇级,29.143611184265463,111.47359671220173,22.32334448672798,True,36654.40364437338,True
T2,乡镇2,2,乡镇级,29.410669007045925,111.80484354667763,20.823379771832098,True,39247.746304049855,True
T3,乡镇3,2,乡镇级,29.549465584480256,111.50740346640697,27.272998688284027,True,19585.112746335846,True
T4,乡镇4,2,乡镇级,29.232545345775723,111.69485385897934,37.27780074568463,True,22280.728504951046,True
T5,乡镇5,2,乡镇级,29.41711173683343,111.46369631639124,31.685785941408724,True,24159.04608234229,True
T6,乡镇6,2,乡镇级,29.323641990530223,111.85110557683582,27.98695128633439,True,27855.860960340287,True
T7,乡镇7,2,乡镇级,29.405448741317226,111.407870247632,44.30179407605753,True,19263.10309218229,True
T8,乡镇8,2,乡镇级,29.08903095579117,111.94933132235201,58.625281322982374,True,35209.93370291153,True
V1,村1,1,村级,29.193691015338697,111.35813769120512,10.89502934465804,True,805.095587111947,True
V2,村2,1,村级,29.346141528089017,111.30751081689218,13.821165227024167,False,2156.3057108849553,True
V3,村3,1,村级,29.19936886087153,111.69605441694226,9.107233631462636,False,2923.9615694113963,True
V4,村4,1,村级,29.57010625868889,112.03159915325136,13.632755555559434,True,2804.685587557792,True
V5,村5,1,村级,29.020794001641537,111.43678628993533,2.5879547558369946,True,1471.6932242237049,True
V6,村6,1,村级,29.16707922541912,111.94299000732155,6.637793247016661,False,1856.740207895621,True
V7,村7,1,村级,29.06273937997981,111.92175758460324,2.9691583678370206,True,2430.6119232416436,True
V8,村8,1,村级,29.10897254522734,111.28441769369888,12.600998569912845,True,2322.5179201024685,True
V9,村9,1,村级,29.56701627734876,111.33923572138728,6.660054471075544,False,2657.758564688984,True
V10,村10,1,村级,29.44863850146205,111.54471841988213,2.8262585537183074,True,1312.9583050668675,True
V11,村11,1,村级,29.53368494267045,111.79004597708418,13.533765653492246,True,798.9856148457543,True
V12,村12,1,村级,29.520595829778397,111.88862803889353,9.296603568403452,True,1734.4889909109768,True
V13,村13,1,村级,29.368186263505596,111.62203281468685,2.3304486476732373,False,578.5729642168357,True
V14,村14,1,村级,29.459128329011026,111.53148478486106,8.611418985141135,True,1123.2305728721874,True
V15,村15,1,村级,29.278306338428504,111.88444091083444,4.974376151391092,False,1224.37863228442,True
V16,村16,1,村级,29.078977029803205,112.02375812187407,12.505564934337421,True,2678.6514754692944,True
V17,村17,1,村级,29.592937661519294,111.42925604710884,13.60326698036971,True,2518.6003879101563,True
V18,村18,1,村级,29.666873039938796,111.5344027799775,3.430675018859798,False,1567.7694715656407,True
V19,村19,1,村级,29.604411812737997,111.96858446660508,2.0903776969054793,True,1543.5275078719476,True
V20,村20,1,村级,29.127686248376584,111.37589229386695,6.388997228247163,True,1308.007330051888,True
V21,村21,1,村级,29.365032497394694,111.84241516711614,6.727184830930822,True,2906.118237355278,True
V22,村22,1,村级,29.151425836660295,111.67779880471392,5.911418027618005,False,592.2173683863319,True
V23,村23,1,村级,29.43765146718392,111.6821432185831,2.6692237662498615,False,2770.6647149166342,True
V24,村24,1,村级,29.14164951253358,111.39591589767298,8.36288588360832,True,1105.138178778751,True
V25,村25,1,村级,29.487708437924706,111.88929569226298,5.089288071901196,True,1419.4578317981332,True
V26,村26,1,村级,29.455844664474863,111.78682376860873,8.965070892971859,False,2588.256238973095,True
V27,村27,1,村级,29.20662405197739,111.42921480831988,2.530076840211931,True,2193.910904605706,True
V28,村28,1,村级,28.963270263142288,111.68967444663943,4.944445077573193,True,935.9160725124786,True
V29,村29,1,村级,29.502750190481976,111.58938827704044,14.17748985357755,False,1352.6658776256463,True
V30,村30,1,村级,29.04077881699247,112.01975489462286,13.405411593952753,False,2149.960115085448,True
