origin,destination,time_h,source_id
C1,C1,0.0,SRC-E-001
C1,T1,1.383867,SRC-E-001
C1,T2,0.525617,SRC-E-001
C1,T3,3.06315,SRC-E-001
C1,T4,0.1736,SRC-E-001
C1,T5,2.23845,SRC-E-001
C1,T6,1.644867,SRC-E-001
C1,T7,2.23845,SRC-E-001
C1,T8,2.34095,SRC-E-001
C1,V1,1.6195,SRC-E-001
C1,V2,2.3982,SRC-E-001
C1,V3,1.30285,SRC-E-001
C1,V4,2.871583,SRC-E-001
C1,V5,1.354583,SRC-E-001
C1,V6,2.33955,SRC-E-001
C1,V7,2.257433,SRC-E-001
C1,V8,1.737017,SRC-E-001
C1,V9,3.020683,SRC-E-001
C1,V10,0.441683,SRC-E-001
C1,V11,3.428483,SRC-E-001
C1,V12,3.650917,SRC-E-001
C1,V13,0.63645,SRC-E-001
C1,V14,2.43095,SRC-E-001
C1,V15,1.4517,SRC-E-001
C1,V16,2.3767,SRC-E-001
C1,V17,2.823117,SRC-E-001
C1,V18,3.02495,SRC-E-001
C1,V19,2.683917,SRC-E-001
C1,V20,1.540383,SRC-E-001
C1,V21,1.644867,SRC-E-001
C1,V22,2.091067,SRC-E-001
C1,V23,0.525617,SRC-E-001
C1,V24,1.529633,SRC-E-001
C1,V25,3.650917,SRC-E-001
C1,V26,3.52025,SRC-E-001
C1,V27,1.832533,SRC-E-001
C1,V28,1.527983,SRC-E-001
C1,V29,0.488917,SRC-E-001
C1,V30,2.3767,SRC-E-001
T1,C1,1.383867,SRC-E-001
T1,T1,0.0,SRC-E-001
T1,T2,1.8729,SRC-E-001
T1,T3,1.679283,SRC-E-001
T1,T4,1.210267,SRC-E-001
T1,T5,0.854583,SRC-E-001
T1,T6,1.352867,SRC-E-001
T1,T7,0.854583,SRC-E-001
T1,T8,2.04895,SRC-E-001
T1,V1,0.6796,SRC-E-001
T1,V2,1.01565,SRC-E-001
T1,V3,1.203983,SRC-E-001
T1,V4,2.579583,SRC-E-001
T1,V5,0.414683,SRC-E-001
T1,V6,2.04755,SRC-E-001
T1,V7,1.965433,SRC-E-001
T1,V8,0.797117,SRC-E-001
T1,V9,1.636817,SRC-E-001
T1,V10,1.82555,SRC-E-001
T1,V11,2.880917,SRC-E-001
T1,V12,3.10335,SRC-E-001
T1,V13,1.7162,SRC-E-001
T1,V14,1.047083,SRC-E-001
T1,V15,1.1597,SRC-E-001
T1,V16,2.0847,SRC-E-001
T1,V17,1.43925,SRC-E-001
T1,V18,1.641083,SRC-E-001
T1,V19,2.391917,SRC-E-001
T1,V20,0.600483,SRC-E-001
T1,V21,1.352867,SRC-E-001
T1,V22,0.99515,SRC-E-001
T1,V23,1.8729,SRC-E-001
T1,V24,0.589733,SRC-E-001
T1,V25,3.10335,SRC-E-001
T1,V26,2.972683,SRC-E-001
T1,V27,0.523383,SRC-E-001
T1,V28,1.235983,SRC-E-001
T1,V29,1.872783,SRC-E-001
T1,V30,2.0847,SRC-E-001
T2,C1,0.525617,SRC-E-001
T2,T1,1.8729,SRC-E-001
T2,T2,0.0,SRC-E-001
T2,T3,3.552183,SRC-E-001
T2,T4,0.699217,SRC-E-001
T2,T5,2.727483,SRC-E-001
T2,T6,2.1339,SRC-E-001
T2,T7,2.727483,SRC-E-001
T2,T8,2.829983,SRC-E-001
T2,V1,2.108533,SRC-E-001
T2,V2,2.887233,SRC-E-001
T2,V3,1.791883,SRC-E-001
T2,V4,3.360617,SRC-E-001
T2,V5,1.843617,SRC-E-001
T2,V6,2.828583,SRC-E-001
T2,V7,2.746467,SRC-E-001
T2,V8,2.22605,SRC-E-001
T2,V9,3.509717,SRC-E-001
T2,V10,0.1781,SRC-E-001
T2,V11,3.917517,SRC-E-001
T2,V12,4.13995,SRC-E-001
T2,V13,0.1567,SRC-E-001
T2,V14,2.919983,SRC-E-001
T2,V15,1.940733,SRC-E-001
T2,V16,2.865733,SRC-E-001
T2,V17,3.31215,SRC-E-001
T2,V18,3.513983,SRC-E-001
T2,V19,3.17295,SRC-E-001
T2,V20,2.029417,SRC-E-001
T2,V21,2.1339,SRC-E-001
T2,V22,2.5801,SRC-E-001
T2,V23,0,SRC-E-001
T2,V24,2.018667,SRC-E-001
T2,V25,4.13995,SRC-E-001
T2,V26,4.009283,SRC-E-001
T2,V27,2.321567,SRC-E-001
T2,V28,2.017017,SRC-E-001
T2,V29,0.167167,SRC-E-001
T2,V30,2.865733,SRC-E-001
T3,C1,3.06315,SRC-E-001
T3,T1,1.679283,SRC-E-001
T3,T2,3.552183,SRC-E-001
T3,T3,0.0,SRC-E-001
T3,T4,2.88955,SRC-E-001
T3,T5,0.8247,SRC-E-001
T3,T6,2.094717,SRC-E-001
T3,T7,0.8247,SRC-E-001
T3,T8,3.372583,SRC-E-001
T3,V1,2.072567,SRC-E-001
T3,V2,2.209467,SRC-E-001
T3,V3,2.883267,SRC-E-001
T3,V4,1.5048,SRC-E-001
T3,V5,2.093967,SRC-E-001
T3,V6,3.371183,SRC-E-001
T3,V7,3.289067,SRC-E-001
T3,V8,2.190083,SRC-E-001
T3,V9,0.5253,SRC-E-001
T3,V10,3.504833,SRC-E-001
T3,V11,1.7694,SRC-E-001
T3,V12,1.991833,SRC-E-001
T3,V13,3.395483,SRC-E-001
T3,V14,0.6322,SRC-E-001
T3,V15,2.287883,SRC-E-001
T3,V16,3.408333,SRC-E-001
T3,V17,0.327733,SRC-E-001
T3,V18,0.529567,SRC-E-001
T3,V19,1.317133,SRC-E-001
T3,V20,1.99345,SRC-E-001
T3,V21,2.094717,SRC-E-001
T3,V22,2.188967,SRC-E-001
T3,V23,3.552183,SRC-E-001
T3,V24,1.9827,SRC-E-001
T3,V25,1.991833,SRC-E-001
T3,V26,1.861167,SRC-E-001
T3,V27,1.6798,SRC-E-001
T3,V28,2.496683,SRC-E-001
T3,V29,3.552067,SRC-E-001
T3,V30,3.408333,SRC-E-001
T4,C1,0.1736,SRC-E-001
T4,T1,1.210267,SRC-E-001
T4,T2,0.699217,SRC-E-001
T4,T3,2.88955,SRC-E-001
T4,T4,0.0,SRC-E-001
T4,T5,2.06485,SRC-E-001
T4,T6,1.471267,SRC-E-001
T4,T7,2.06485,SRC-E-001
T4,T8,2.16735,SRC-E-001
T4,V1,1.4459,SRC-E-001
T4,V2,2.2246,SRC-E-001
T4,V3,1.12925,SRC-E-001
T4,V4,2.697983,SRC-E-001
T4,V5,1.180983,SRC-E-001
T4,V6,2.16595,SRC-E-001
T4,V7,2.083833,SRC-E-001
T4,V8,1.563417,SRC-E-001
T4,V9,2.847083,SRC-E-001
T4,V10,0.615283,SRC-E-001
T4,V11,3.254883,SRC-E-001
T4,V12,3.477317,SRC-E-001
T4,V13,0.81005,SRC-E-001
T4,V14,2.25735,SRC-E-001
T4,V15,1.2781,SRC-E-001
T4,V16,2.2031,SRC-E-001
T4,V17,2.649517,SRC-E-001
T4,V18,2.85135,SRC-E-001
T4,V19,2.510317,SRC-E-001
T4,V20,1.366783,SRC-E-001
T4,V21,1.471267,SRC-E-001
T4,V22,1.917467,SRC-E-001
T4,V23,0.699217,SRC-E-001
T4,V24,1.356033,SRC-E-001
T4,V25,3.477317,SRC-E-001
T4,V26,3.34665,SRC-E-001
T4,V27,1.658933,SRC-E-001
T4,V28,1.354383,SRC-E-001
T4,V29,0.662517,SRC-E-001
T4,V30,2.2031,SRC-E-001
T5,C1,2.23845,SRC-E-001
T5,T1,0.854583,SRC-E-001
T5,T2,2.727483,SRC-E-001
T5,T3,0.8247,SRC-E-001
T5,T4,2.06485,SRC-E-001
T5,T5,0.0,SRC-E-001
T5,T6,2.20745,SRC-E-001
T5,T7,0,SRC-E-001
T5,T8,2.547883,SRC-E-001
T5,V1,1.247867,SRC-E-001
T5,V2,1.384767,SRC-E-001
T5,V3,2.058567,SRC-E-001
T5,V4,1.761733,SRC-E-001
T5,V5,1.269267,SRC-E-001
T5,V6,2.546483,SRC-E-001
T5,V7,2.464367,SRC-E-001
T5,V8,1.365383,SRC-E-001
T5,V9,0.782233,SRC-E-001
T5,V10,2.680133,SRC-E-001
T5,V11,2.026333,SRC-E-001
T5,V12,2.248767,SRC-E-001
T5,V13,2.570783,SRC-E-001
T5,V14,0.1925,SRC-E-001
T5,V15,2.014283,SRC-E-001
T5,V16,2.583633,SRC-E-001
T5,V17,0.584667,SRC-E-001
T5,V18,0.7865,SRC-E-001
T5,V19,1.574067,SRC-E-001
T5,V20,1.16875,SRC-E-001
T5,V21,2.20745,SRC-E-001
T5,V22,1.364267,SRC-E-001
T5,V23,2.727483,SRC-E-001
T5,V24,1.158,SRC-E-001
T5,V25,2.248767,SRC-E-001
T5,V26,2.1181,SRC-E-001
T5,V27,0.8551,SRC-E-001
T5,V28,1.671983,SRC-E-001
T5,V29,2.727367,SRC-E-001
T5,V30,2.583633,SRC-E-001
T6,C1,1.644867,SRC-E-001
T6,T1,1.352867,SRC-E-001
T6,T2,2.1339,SRC-E-001
T6,T3,2.094717,SRC-E-001
T6,T4,1.471267,SRC-E-001
T6,T5,2.20745,SRC-E-001
T6,T6,0.0,SRC-E-001
T6,T7,2.20745,SRC-E-001
T6,T8,1.95545,SRC-E-001
T6,V1,1.5885,SRC-E-001
T6,V2,2.0127,SRC-E-001
T6,V3,1.464983,SRC-E-001
T6,V4,1.226717,SRC-E-001
T6,V5,1.323583,SRC-E-001
T6,V6,1.95405,SRC-E-001
T6,V7,1.871933,SRC-E-001
T6,V8,1.706017,SRC-E-001
T6,V9,1.948883,SRC-E-001
T6,V10,2.08655,SRC-E-001
T6,V11,1.783617,SRC-E-001
T6,V12,2.00605,SRC-E-001
T6,V13,1.9772,SRC-E-001
T6,V14,2.15915,SRC-E-001
T6,V15,0.193167,SRC-E-001
T6,V16,1.9912,SRC-E-001
T6,V17,1.766983,SRC-E-001
T6,V18,1.56515,SRC-E-001
T6,V19,1.03905,SRC-E-001
T6,V20,1.509383,SRC-E-001
T6,V21,0,SRC-E-001
T6,V22,1.705567,SRC-E-001
T6,V23,2.1339,SRC-E-001
T6,V24,1.498633,SRC-E-001
T6,V25,2.00605,SRC-E-001
T6,V26,1.875383,SRC-E-001
T6,V27,1.801533,SRC-E-001
T6,V28,1.142483,SRC-E-001
T6,V29,2.133783,SRC-E-001
T6,V30,1.9912,SRC-E-001
T7,C1,2.23845,SRC-E-001
T7,T1,0.854583,SRC-E-001
T7,T2,2.727483,SRC-E-001
T7,T3,0.8247,SRC-E-001
T7,T4,2.06485,SRC-E-001
T7,T5,0,SRC-E-001
T7,T6,2.20745,SRC-E-001
T7,T7,0.0,SRC-E-001
T7,T8,2.547883,SRC-E-001
T7,V1,1.247867,SRC-E-001
T7,V2,1.384767,SRC-E-001
T7,V3,2.058567,SRC-E-001
T7,V4,1.761733,SRC-E-001
T7,V5,1.269267,SRC-E-001
T7,V6,2.546483,SRC-E-001
T7,V7,2.464367,SRC-E-001
T7,V8,1.365383,SRC-E-001
T7,V9,0.782233,SRC-E-001
T7,V10,2.680133,SRC-E-001
T7,V11,2.026333,SRC-E-001
T7,V12,2.248767,SRC-E-001
T7,V13,2.570783,SRC-E-001
T7,V14,0.1925,SRC-E-001
T7,V15,2.014283,SRC-E-001
T7,V16,2.583633,SRC-E-001
T7,V17,0.584667,SRC-E-001
T7,V18,0.7865,SRC-E-001
T7,V19,1.574067,SRC-E-001
T7,V20,1.16875,SRC-E-001
T7,V21,2.20745,SRC-E-001
T7,V22,1.364267,SRC-E-001
T7,V23,2.727483,SRC-E-001
T7,V24,1.158,SRC-E-001
T7,V25,2.248767,SRC-E-001
T7,V26,2.1181,SRC-E-001
T7,V27,0.8551,SRC-E-001
T7,V28,1.671983,SRC-E-001
T7,V29,2.727367,SRC-E-001
T7,V30,2.583633,SRC-E-001
T8,C1,2.34095,SRC-E-001
T8,T1,2.04895,SRC-E-001
T8,T2,2.829983,SRC-E-001
T8,T3,3.372583,SRC-E-001
T8,T4,2.16735,SRC-E-001
T8,T5,2.547883,SRC-E-001
T8,T6,1.95545,SRC-E-001
T8,T7,2.547883,SRC-E-001
T8,T8,0.0,SRC-E-001
T8,V1,2.284583,SRC-E-001
T8,V2,1.839183,SRC-E-001
T8,V3,2.161067,SRC-E-001
T8,V4,3.182167,SRC-E-001
T8,V5,2.019667,SRC-E-001
T8,V6,0.217,SRC-E-001
T8,V7,0.083517,SRC-E-001
T8,V8,2.4021,SRC-E-001
T8,V9,3.330117,SRC-E-001
T8,V10,2.782633,SRC-E-001
T8,V11,3.739067,SRC-E-001
T8,V12,3.9615,SRC-E-001
T8,V13,2.673283,SRC-E-001
T8,V14,2.740383,SRC-E-001
T8,V15,1.762283,SRC-E-001
T8,V16,0.03575,SRC-E-001
T8,V17,3.13255,SRC-E-001
T8,V18,3.334383,SRC-E-001
T8,V19,2.9945,SRC-E-001
T8,V20,2.205467,SRC-E-001
T8,V21,1.95545,SRC-E-001
T8,V22,1.53205,SRC-E-001
T8,V23,2.829983,SRC-E-001
T8,V24,2.194717,SRC-E-001
T8,V25,3.9615,SRC-E-001
T8,V26,3.830833,SRC-E-001
T8,V27,2.216683,SRC-E-001
T8,V28,0.8759,SRC-E-001
T8,V29,2.829867,SRC-E-001
T8,V30,0.03575,SRC-E-001
V1,C1,1.6195,SRC-E-001
V1,T1,0.6796,SRC-E-001
V1,T2,2.108533,SRC-E-001
V1,T3,2.072567,SRC-E-001
V1,T4,1.4459,SRC-E-001
V1,T5,1.247867,SRC-E-001
V1,T6,1.5885,SRC-E-001
V1,T7,1.247867,SRC-E-001
V1,T8,2.284583,SRC-E-001
V1,V1,0.0,SRC-E-001
V1,V2,1.446333,SRC-E-001
V1,V3,1.439617,SRC-E-001
V1,V4,2.815217,SRC-E-001
V1,V5,0.563267,SRC-E-001
V1,V6,2.283183,SRC-E-001
V1,V7,2.201067,SRC-E-001
V1,V8,0.29725,SRC-E-001
V1,V9,2.0301,SRC-E-001
V1,V10,2.061183,SRC-E-001
V1,V11,3.2742,SRC-E-001
V1,V12,3.496633,SRC-E-001
V1,V13,1.951833,SRC-E-001
V1,V14,1.440367,SRC-E-001
V1,V15,1.395333,SRC-E-001
V1,V16,2.320333,SRC-E-001
V1,V17,1.832533,SRC-E-001
V1,V18,2.034367,SRC-E-001
V1,V19,2.62755,SRC-E-001
V1,V20,0.100617,SRC-E-001
V1,V21,1.5885,SRC-E-001
V1,V22,1.425833,SRC-E-001
V1,V23,2.108533,SRC-E-001
V1,V24,0.089867,SRC-E-001
V1,V25,3.496633,SRC-E-001
V1,V26,3.365967,SRC-E-001
V1,V27,0.392767,SRC-E-001
V1,V28,1.471617,SRC-E-001
V1,V29,2.108417,SRC-E-001
V1,V30,2.320333,SRC-E-001
V2,C1,2.3982,SRC-E-001
V2,T1,1.01565,SRC-E-001
V2,T2,2.887233,SRC-E-001
V2,T3,2.209467,SRC-E-001
V2,T4,2.2246,SRC-E-001
V2,T5,1.384767,SRC-E-001
V2,T6,2.0127,SRC-E-001
V2,T7,1.384767,SRC-E-001
V2,T8,1.839183,SRC-E-001
V2,V1,1.446333,SRC-E-001
V2,V2,0.0,SRC-E-001
V2,V3,2.218317,SRC-E-001
V2,V4,3.1465,SRC-E-001
V2,V5,1.430333,SRC-E-001
V2,V6,1.837783,SRC-E-001
V2,V7,1.755667,SRC-E-001
V2,V8,1.56385,SRC-E-001
V2,V9,2.167,SRC-E-001
V2,V10,2.839883,SRC-E-001
V2,V11,3.4111,SRC-E-001
V2,V12,3.633533,SRC-E-001
V2,V13,2.730533,SRC-E-001
V2,V14,1.577267,SRC-E-001
V2,V15,1.819533,SRC-E-001
V2,V16,1.874933,SRC-E-001
V2,V17,1.969433,SRC-E-001
V2,V18,2.171267,SRC-E-001
V2,V19,2.958833,SRC-E-001
V2,V20,1.367217,SRC-E-001
V2,V21,2.0127,SRC-E-001
V2,V22,0.698233,SRC-E-001
V2,V23,2.887233,SRC-E-001
V2,V24,1.356467,SRC-E-001
V2,V25,3.633533,SRC-E-001
V2,V26,3.502867,SRC-E-001
V2,V27,1.053567,SRC-E-001
V2,V28,0.963283,SRC-E-001
V2,V29,2.887117,SRC-E-001
V2,V30,1.874933,SRC-E-001
V3,C1,1.30285,SRC-E-001
V3,T1,1.203983,SRC-E-001
V3,T2,1.791883,SRC-E-001
V3,T3,2.883267,SRC-E-001
V3,T4,1.12925,SRC-E-001
V3,T5,2.058567,SRC-E-001
V3,T6,1.464983,SRC-E-001
V3,T7,2.058567,SRC-E-001
V3,T8,2.161067,SRC-E-001
V3,V1,1.439617,SRC-E-001
V3,V2,2.218317,SRC-E-001
V3,V3,0.0,SRC-E-001
V3,V4,2.6917,SRC-E-001
V3,V5,1.1747,SRC-E-001
V3,V6,2.159667,SRC-E-001
V3,V7,2.07755,SRC-E-001
V3,V8,1.557133,SRC-E-001
V3,V9,2.8408,SRC-E-001
V3,V10,1.744533,SRC-E-001
V3,V11,3.2486,SRC-E-001
V3,V12,3.471033,SRC-E-001
V3,V13,1.635183,SRC-E-001
V3,V14,2.251067,SRC-E-001
V3,V15,1.271817,SRC-E-001
V3,V16,2.196817,SRC-E-001
V3,V17,2.643233,SRC-E-001
V3,V18,2.845067,SRC-E-001
V3,V19,2.504033,SRC-E-001
V3,V20,1.3605,SRC-E-001
V3,V21,1.464983,SRC-E-001
V3,V22,1.911183,SRC-E-001
V3,V23,1.791883,SRC-E-001
V3,V24,1.34975,SRC-E-001
V3,V25,3.471033,SRC-E-001
V3,V26,3.340367,SRC-E-001
V3,V27,1.65265,SRC-E-001
V3,V28,1.3481,SRC-E-001
V3,V29,1.791767,SRC-E-001
V3,V30,2.196817,SRC-E-001
V4,C1,2.871583,SRC-E-001
V4,T1,2.579583,SRC-E-001
V4,T2,3.360617,SRC-E-001
V4,T3,1.5048,SRC-E-001
V4,T4,2.697983,SRC-E-001
V4,T5,1.761733,SRC-E-001
V4,T6,1.226717,SRC-E-001
V4,T7,1.761733,SRC-E-001
V4,T8,3.182167,SRC-E-001
V4,V1,2.815217,SRC-E-001
V4,V2,3.1465,SRC-E-001
V4,V3,2.6917,SRC-E-001
V4,V4,0.0,SRC-E-001
V4,V5,2.5503,SRC-E-001
V4,V6,3.180767,SRC-E-001
V4,V7,3.09865,SRC-E-001
V4,V8,2.932733,SRC-E-001
V4,V9,1.358967,SRC-E-001
V4,V10,3.313267,SRC-E-001
V4,V11,1.1937,SRC-E-001
V4,V12,1.416133,SRC-E-001
V4,V13,3.203917,SRC-E-001
V4,V14,1.569233,SRC-E-001
V4,V15,1.419883,SRC-E-001
V4,V16,3.217917,SRC-E-001
V4,V17,1.177067,SRC-E-001
V4,V18,0.975233,SRC-E-001
V4,V19,0.187667,SRC-E-001
V4,V20,2.7361,SRC-E-001
V4,V21,1.226717,SRC-E-001
V4,V22,2.932283,SRC-E-001
V4,V23,3.360617,SRC-E-001
V4,V24,2.72535,SRC-E-001
V4,V25,1.416133,SRC-E-001
V4,V26,1.285467,SRC-E-001
V4,V27,2.616833,SRC-E-001
V4,V28,2.3692,SRC-E-001
V4,V29,3.3605,SRC-E-001
V4,V30,3.217917,SRC-E-001
V5,C1,1.354583,SRC-E-001
V5,T1,0.414683,SRC-E-001
V5,T2,1.843617,SRC-E-001
V5,T3,2.093967,SRC-E-001
V5,T4,1.180983,SRC-E-001
V5,T5,1.269267,SRC-E-001
V5,T6,1.323583,SRC-E-001
V5,T7,1.269267,SRC-E-001
V5,T8,2.019667,SRC-E-001
V5,V1,0.563267,SRC-E-001
V5,V2,1.430333,SRC-E-001
V5,V3,1.1747,SRC-E-001
V5,V4,2.5503,SRC-E-001
V5,V5,0.0,SRC-E-001
V5,V6,2.018267,SRC-E-001
V5,V7,1.93615,SRC-E-001
V5,V8,0.680783,SRC-E-001
V5,V9,2.0515,SRC-E-001
V5,V10,1.796267,SRC-E-001
V5,V11,3.1072,SRC-E-001
V5,V12,3.329633,SRC-E-001
V5,V13,1.686917,SRC-E-001
V5,V14,1.461767,SRC-E-001
V5,V15,1.130417,SRC-E-001
V5,V16,2.055417,SRC-E-001
V5,V17,1.853933,SRC-E-001
V5,V18,2.055767,SRC-E-001
V5,V19,2.362633,SRC-E-001
V5,V20,0.48415,SRC-E-001
V5,V21,1.323583,SRC-E-001
V5,V22,1.409833,SRC-E-001
V5,V23,1.843617,SRC-E-001
V5,V24,0.4734,SRC-E-001
V5,V25,3.329633,SRC-E-001
V5,V26,3.198967,SRC-E-001
V5,V27,0.7763,SRC-E-001
V5,V28,1.2067,SRC-E-001
V5,V29,1.8435,SRC-E-001
V5,V30,2.055417,SRC-E-001
V6,C1,2.33955,SRC-E-001
V6,T1,2.04755,SRC-E-001
V6,T2,2.828583,SRC-E-001
V6,T3,3.371183,SRC-E-001
V6,T4,2.16595,SRC-E-001
V6,T5,2.546483,SRC-E-001
V6,T6,1.95405,SRC-E-001
V6,T7,2.546483,SRC-E-001
V6,T8,0.217,SRC-E-001
V6,V1,2.283183,SRC-E-001
V6,V2,1.837783,SRC-E-001
V6,V3,2.159667,SRC-E-001
V6,V4,3.180767,SRC-E-001
V6,V5,2.018267,SRC-E-001
V6,V6,0.0,SRC-E-001
V6,V7,0.133483,SRC-E-001
V6,V8,2.4007,SRC-E-001
V6,V9,3.328717,SRC-E-001
V6,V10,2.781233,SRC-E-001
V6,V11,3.737667,SRC-E-001
V6,V12,3.9601,SRC-E-001
V6,V13,2.671883,SRC-E-001
V6,V14,2.738983,SRC-E-001
V6,V15,1.760883,SRC-E-001
V6,V16,0.25275,SRC-E-001
V6,V17,3.13115,SRC-E-001
V6,V18,3.332983,SRC-E-001
V6,V19,2.9931,SRC-E-001
V6,V20,2.204067,SRC-E-001
V6,V21,1.95405,SRC-E-001
V6,V22,1.53065,SRC-E-001
V6,V23,2.828583,SRC-E-001
V6,V24,2.193317,SRC-E-001
V6,V25,3.9601,SRC-E-001
V6,V26,3.829433,SRC-E-001
V6,V27,2.215283,SRC-E-001
V6,V28,0.8745,SRC-E-001
V6,V29,2.828467,SRC-E-001
V6,V30,0.25275,SRC-E-001
V7,C1,2.257433,SRC-E-001
V7,T1,1.965433,SRC-E-001
V7,T2,2.746467,SRC-E-001
V7,T3,3.289067,SRC-E-001
V7,T4,2.083833,SRC-E-001
V7,T5,2.464367,SRC-E-001
V7,T6,1.871933,SRC-E-001
V7,T7,2.464367,SRC-E-001
V7,T8,0.083517,SRC-E-001
V7,V1,2.201067,SRC-E-001
V7,V2,1.755667,SRC-E-001
V7,V3,2.07755,SRC-E-001
V7,V4,3.09865,SRC-E-001
V7,V5,1.93615,SRC-E-001
V7,V6,0.133483,SRC-E-001
V7,V7,0.0,SRC-E-001
V7,V8,2.318583,SRC-E-001
V7,V9,3.2466,SRC-E-001
V7,V10,2.699117,SRC-E-001
V7,V11,3.65555,SRC-E-001
V7,V12,3.877983,SRC-E-001
V7,V13,2.589767,SRC-E-001
V7,V14,2.656867,SRC-E-001
V7,V15,1.678767,SRC-E-001
V7,V16,0.119267,SRC-E-001
V7,V17,3.049033,SRC-E-001
V7,V18,3.250867,SRC-E-001
V7,V19,2.910983,SRC-E-001
V7,V20,2.12195,SRC-E-001
V7,V21,1.871933,SRC-E-001
V7,V22,1.448533,SRC-E-001
V7,V23,2.746467,SRC-E-001
V7,V24,2.1112,SRC-E-001
V7,V25,3.877983,SRC-E-001
V7,V26,3.747317,SRC-E-001
V7,V27,2.133167,SRC-E-001
V7,V28,0.792383,SRC-E-001
V7,V29,2.74635,SRC-E-001
V7,V30,0.119267,SRC-E-001
V8,C1,1.737017,SRC-E-001
V8,T1,0.797117,SRC-E-001
V8,T2,2.22605,SRC-E-001
V8,T3,2.190083,SRC-E-001
V8,T4,1.563417,SRC-E-001
V8,T5,1.365383,SRC-E-001
V8,T6,1.706017,SRC-E-001
V8,T7,1.365383,SRC-E-001
V8,T8,2.4021,SRC-E-001
V8,V1,0.29725,SRC-E-001
V8,V2,1.56385,SRC-E-001
V8,V3,1.557133,SRC-E-001
V8,V4,2.932733,SRC-E-001
V8,V5,0.680783,SRC-E-001
V8,V6,2.4007,SRC-E-001
V8,V7,2.318583,SRC-E-001
V8,V8,0.0,SRC-E-001
V8,V9,2.147617,SRC-E-001
V8,V10,2.1787,SRC-E-001
V8,V11,3.391717,SRC-E-001
V8,V12,3.61415,SRC-E-001
V8,V13,2.06935,SRC-E-001
V8,V14,1.557883,SRC-E-001
V8,V15,1.51285,SRC-E-001
V8,V16,2.43785,SRC-E-001
V8,V17,1.95005,SRC-E-001
V8,V18,2.151883,SRC-E-001
V8,V19,2.745067,SRC-E-001
V8,V20,0.196633,SRC-E-001
V8,V21,1.706017,SRC-E-001
V8,V22,1.54335,SRC-E-001
V8,V23,2.22605,SRC-E-001
V8,V24,0.207383,SRC-E-001
V8,V25,3.61415,SRC-E-001
V8,V26,3.483483,SRC-E-001
V8,V27,0.510283,SRC-E-001
V8,V28,1.589133,SRC-E-001
V8,V29,2.225933,SRC-E-001
V8,V30,2.43785,SRC-E-001
V9,C1,3.020683,SRC-E-001
V9,T1,1.636817,SRC-E-001
V9,T2,3.509717,SRC-E-001
V9,T3,0.5253,SRC-E-001
V9,T4,2.847083,SRC-E-001
V9,T5,0.782233,SRC-E-001
V9,T6,1.948883,SRC-E-001
V9,T7,0.782233,SRC-E-001
V9,T8,3.330117,SRC-E-001
V9,V1,2.0301,SRC-E-001
V9,V2,2.167,SRC-E-001
V9,V3,2.8408,SRC-E-001
V9,V4,1.358967,SRC-E-001
V9,V5,2.0515,SRC-E-001
V9,V6,3.328717,SRC-E-001
V9,V7,3.2466,SRC-E-001
V9,V8,2.147617,SRC-E-001
V9,V9,0.0,SRC-E-001
V9,V10,3.462367,SRC-E-001
V9,V11,1.623567,SRC-E-001
V9,V12,1.846,SRC-E-001
V9,V13,3.353017,SRC-E-001
V9,V14,0.589733,SRC-E-001
V9,V15,2.14205,SRC-E-001
V9,V16,3.365867,SRC-E-001
V9,V17,0.197567,SRC-E-001
V9,V18,0.383733,SRC-E-001
V9,V19,1.1713,SRC-E-001
V9,V20,1.950983,SRC-E-001
V9,V21,1.948883,SRC-E-001
V9,V22,2.1465,SRC-E-001
V9,V23,3.509717,SRC-E-001
V9,V24,1.940233,SRC-E-001
V9,V25,1.846,SRC-E-001
V9,V26,1.715333,SRC-E-001
V9,V27,1.637333,SRC-E-001
V9,V28,2.454217,SRC-E-001
V9,V29,3.5096,SRC-E-001
V9,V30,3.365867,SRC-E-001
V10,C1,0.441683,SRC-E-001
V10,T1,1.82555,SRC-E-001
V10,T2,0.1781,SRC-E-001
V10,T3,3.504833,SRC-E-001
V10,T4,0.615283,SRC-E-001
V10,T5,2.680133,SRC-E-001
V10,T6,2.08655,SRC-E-001
V10,T7,2.680133,SRC-E-001
V10,T8,2.782633,SRC-E-001
V10,V1,2.061183,SRC-E-001
V10,V2,2.839883,SRC-E-001
V10,V3,1.744533,SRC-E-001
V10,V4,3.313267,SRC-E-001
V10,V5,1.796267,SRC-E-001
V10,V6,2.781233,SRC-E-001
V10,V7,2.699117,SRC-E-001
V10,V8,2.1787,SRC-E-001
V10,V9,3.462367,SRC-E-001
V10,V10,0.0,SRC-E-001
V10,V11,3.870167,SRC-E-001
V10,V12,4.0926,SRC-E-001
V10,V13,0.288933,SRC-E-001
V10,V14,2.872633,SRC-E-001
V10,V15,1.893383,SRC-E-001
V10,V16,2.818383,SRC-E-001
V10,V17,3.2648,SRC-E-001
V10,V18,3.466633,SRC-E-001
V10,V19,3.1256,SRC-E-001
V10,V20,1.982067,SRC-E-001
V10,V21,2.08655,SRC-E-001
V10,V22,2.53275,SRC-E-001
V10,V23,0.1781,SRC-E-001
V10,V24,1.971317,SRC-E-001
V10,V25,4.0926,SRC-E-001
V10,V26,3.961933,SRC-E-001
V10,V27,2.274217,SRC-E-001
V10,V28,1.969667,SRC-E-001
V10,V29,0.1414,SRC-E-001
V10,V30,2.818383,SRC-E-001
V11,C1,3.428483,SRC-E-001
V11,T1,2.880917,SRC-E-001
V11,T2,3.917517,SRC-E-001
V11,T3,1.7694,SRC-E-001
V11,T4,3.254883,SRC-E-001
V11,T5,2.026333,SRC-E-001
V11,T6,1.783617,SRC-E-001
V11,T7,2.026333,SRC-E-001
V11,T8,3.739067,SRC-E-001
V11,V1,3.2742,SRC-E-001
V11,V2,3.4111,SRC-E-001
V11,V3,3.2486,SRC-E-001
V11,V4,1.1937,SRC-E-001
V11,V5,3.1072,SRC-E-001
V11,V6,3.737667,SRC-E-001
V11,V7,3.65555,SRC-E-001
V11,V8,3.391717,SRC-E-001
V11,V9,1.623567,SRC-E-001
V11,V10,3.870167,SRC-E-001
V11,V11,0.0,SRC-E-001
V11,V12,0.222433,SRC-E-001
V11,V13,3.760817,SRC-E-001
V11,V14,1.833833,SRC-E-001
V11,V15,1.976783,SRC-E-001
V11,V16,3.774817,SRC-E-001
V11,V17,1.441667,SRC-E-001
V11,V18,1.239833,SRC-E-001
V11,V19,1.006033,SRC-E-001
V11,V20,3.195083,SRC-E-001
V11,V21,1.783617,SRC-E-001
V11,V22,3.3906,SRC-E-001
V11,V23,3.917517,SRC-E-001
V11,V24,3.184333,SRC-E-001
V11,V25,0.222433,SRC-E-001
V11,V26,0.091767,SRC-E-001
V11,V27,2.881433,SRC-E-001
V11,V28,2.9261,SRC-E-001
V11,V29,3.9174,SRC-E-001
V11,V30,3.774817,SRC-E-001
V12,C1,3.650917,SRC-E-001
V12,T1,3.10335,SRC-E-001
V12,T2,4.13995,SRC-E-001
V12,T3,1.991833,SRC-E-001
V12,T4,3.477317,SRC-E-001
V12,T5,2.248767,SRC-E-001
V12,T6,2.00605,SRC-E-001
V12,T7,2.248767,SRC-E-001
V12,T8,3.9615,SRC-E-001
V12,V1,3.496633,SRC-E-001
V12,V2,3.633533,SRC-E-001
V12,V3,3.471033,SRC-E-001
V12,V4,1.416133,SRC-E-001
V12,V5,3.329633,SRC-E-001
V12,V6,3.9601,SRC-E-001
V12,V7,3.877983,SRC-E-001
V12,V8,3.61415,SRC-E-001
V12,V9,1.846,SRC-E-001
V12,V10,4.0926,SRC-E-001
V12,V11,0.222433,SRC-E-001
V12,V12,0.0,SRC-E-001
V12,V13,3.98325,SRC-E-001
V12,V14,2.056267,SRC-E-001
V12,V15,2.199217,SRC-E-001
V12,V16,3.99725,SRC-E-001
V12,V17,1.6641,SRC-E-001
V12,V18,1.462267,SRC-E-001
V12,V19,1.228467,SRC-E-001
V12,V20,3.417517,SRC-E-001
V12,V21,2.00605,SRC-E-001
V12,V22,3.613033,SRC-E-001
V12,V23,4.13995,SRC-E-001
V12,V24,3.406767,SRC-E-001
V12,V25,0,SRC-E-001
V12,V26,0.130667,SRC-E-001
V12,V27,3.103867,SRC-E-001
V12,V28,3.148533,SRC-E-001
V12,V29,4.139833,SRC-E-001
V12,V30,3.99725,SRC-E-001
V13,C1,0.63645,SRC-E-001
V13,T1,1.7162,SRC-E-001
V13,T2,0.1567,SRC-E-001
V13,T3,3.395483,SRC-E-001
V13,T4,0.81005,SRC-E-001
V13,T5,2.570783,SRC-E-001
V13,T6,1.9772,SRC-E-001
V13,T7,2.570783,SRC-E-001
V13,T8,2.673283,SRC-E-001
V13,V1,1.951833,SRC-E-001
V13,V2,2.730533,SRC-E-001
V13,V3,1.635183,SRC-E-001
V13,V4,3.203917,SRC-E-001
V13,V5,1.686917,SRC-E-001
V13,V6,2.671883,SRC-E-001
V13,V7,2.589767,SRC-E-001
V13,V8,2.06935,SRC-E-001
V13,V9,3.353017,SRC-E-001
V13,V10,0.288933,SRC-E-001
V13,V11,3.760817,SRC-E-001
V13,V12,3.98325,SRC-E-001
V13,V13,0.0,SRC-E-001
V13,V14,2.763283,SRC-E-001
V13,V15,1.784033,SRC-E-001
V13,V16,2.709033,SRC-E-001
V13,V17,3.15545,SRC-E-001
V13,V18,3.357283,SRC-E-001
V13,V19,3.01625,SRC-E-001
V13,V20,1.872717,SRC-E-001
V13,V21,1.9772,SRC-E-001
V13,V22,2.4234,SRC-E-001
V13,V23,0.1567,SRC-E-001
V13,V24,1.861967,SRC-E-001
V13,V25,3.98325,SRC-E-001
V13,V26,3.852583,SRC-E-001
V13,V27,2.164867,SRC-E-001
V13,V28,1.860317,SRC-E-001
V13,V29,0.278,SRC-E-001
V13,V30,2.709033,SRC-E-001
V14,C1,2.43095,SRC-E-001
V14,T1,1.047083,SRC-E-001
V14,T2,2.919983,SRC-E-001
V14,T3,0.6322,SRC-E-001
V14,T4,2.25735,SRC-E-001
V14,T5,0.1925,SRC-E-001
V14,T6,2.15915,SRC-E-001
V14,T7,0.1925,SRC-E-001
V14,T8,2.740383,SRC-E-001
V14,V1,1.440367,SRC-E-001
V14,V2,1.577267,SRC-E-001
V14,V3,2.251067,SRC-E-001
V14,V4,1.569233,SRC-E-001
V14,V5,1.461767,SRC-E-001
V14,V6,2.738983,SRC-E-001
V14,V7,2.656867,SRC-E-001
V14,V8,1.557883,SRC-E-001
V14,V9,0.589733,SRC-E-001
V14,V10,2.872633,SRC-E-001
V14,V11,1.833833,SRC-E-001
V14,V12,2.056267,SRC-E-001
V14,V13,2.763283,SRC-E-001
V14,V14,0.0,SRC-E-001
V14,V15,2.206783,SRC-E-001
V14,V16,2.776133,SRC-E-001
V14,V17,0.392167,SRC-E-001
V14,V18,0.594,SRC-E-001
V14,V19,1.381567,SRC-E-001
V14,V20,1.36125,SRC-E-001
V14,V21,2.15915,SRC-E-001
V14,V22,1.556767,SRC-E-001
V14,V23,2.919983,SRC-E-001
V14,V24,1.3505,SRC-E-001
V14,V25,2.056267,SRC-E-001
V14,V26,1.9256,SRC-E-001
V14,V27,1.0476,SRC-E-001
V14,V28,1.864483,SRC-E-001
V14,V29,2.919867,SRC-E-001
V14,V30,2.776133,SRC-E-001
V15,C1,1.4517,SRC-E-001
V15,T1,1.1597,SRC-E-001
V15,T2,1.940733,SRC-E-001
V15,T3,2.287883,SRC-E-001
V15,T4,1.2781,SRC-E-001
V15,T5,2.014283,SRC-E-001
V15,T6,0.193167,SRC-E-001
V15,T7,2.014283,SRC-E-001
V15,T8,1.762283,SRC-E-001
V15,V1,1.395333,SRC-E-001
V15,V2,1.819533,SRC-E-001
V15,V3,1.271817,SRC-E-001
V15,V4,1.419883,SRC-E-001
V15,V5,1.130417,SRC-E-001
V15,V6,1.760883,SRC-E-001
V15,V7,1.678767,SRC-E-001
V15,V8,1.51285,SRC-E-001
V15,V9,2.14205,SRC-E-001
V15,V10,1.893383,SRC-E-001
V15,V11,1.976783,SRC-E-001
V15,V12,2.199217,SRC-E-001
V15,V13,1.784033,SRC-E-001
V15,V14,2.206783,SRC-E-001
V15,V15,0.0,SRC-E-001
V15,V16,1.798033,SRC-E-001
V15,V17,1.96015,SRC-E-001
V15,V18,1.758317,SRC-E-001
V15,V19,1.232217,SRC-E-001
V15,V20,1.316217,SRC-E-001
V15,V21,0.193167,SRC-E-001
V15,V22,1.5124,SRC-E-001
V15,V23,1.940733,SRC-E-001
V15,V24,1.305467,SRC-E-001
V15,V25,2.199217,SRC-E-001
V15,V26,2.06855,SRC-E-001
V15,V27,1.608367,SRC-E-001
V15,V28,0.949317,SRC-E-001
V15,V29,1.940617,SRC-E-001
V15,V30,1.798033,SRC-E-001
V16,C1,2.3767,SRC-E-001
V16,T1,2.0847,SRC-E-001
V16,T2,2.865733,SRC-E-001
V16,T3,3.408333,SRC-E-001
V16,T4,2.2031,SRC-E-001
V16,T5,2.583633,SRC-E-001
V16,T6,1.9912,SRC-E-001
V16,T7,2.583633,SRC-E-001
V16,T8,0.03575,SRC-E-001
V16,V1,2.320333,SRC-E-001
V16,V2,1.874933,SRC-E-001
V16,V3,2.196817,SRC-E-001
V16,V4,3.217917,SRC-E-001
V16,V5,2.055417,SRC-E-001
V16,V6,0.25275,SRC-E-001
V16,V7,0.119267,SRC-E-001
V16,V8,2.43785,SRC-E-001
V16,V9,3.365867,SRC-E-001
V16,V10,2.818383,SRC-E-001
V16,V11,3.774817,SRC-E-001
V16,V12,3.99725,SRC-E-001
V16,V13,2.709033,SRC-E-001
V16,V14,2.776133,SRC-E-001
V16,V15,1.798033,SRC-E-001
V16,V16,0.0,SRC-E-001
V16,V17,3.1683,SRC-E-001
V16,V18,3.370133,SRC-E-001
V16,V19,3.03025,SRC-E-001
V16,V20,2.241217,SRC-E-001
V16,V21,1.9912,SRC-E-001
V16,V22,1.5678,SRC-E-001
V16,V23,2.865733,SRC-E-001
V16,V24,2.230467,SRC-E-001
V16,V25,3.99725,SRC-E-001
V16,V26,3.866583,SRC-E-001
V16,V27,2.252433,SRC-E-001
V16,V28,0.91165,SRC-E-001
V16,V29,2.865617,SRC-E-001
V16,V30,0,SRC-E-001
V17,C1,2.823117,SRC-E-001
V17,T1,1.43925,SRC-E-001
V17,T2,3.31215,SRC-E-001
V17,T3,0.327733,SRC-E-001
V17,T4,2.649517,SRC-E-001
V17,T5,0.584667,SRC-E-001
V17,T6,1.766983,SRC-E-001
V17,T7,0.584667,SRC-E-001
V17,T8,3.13255,SRC-E-001
V17,V1,1.832533,SRC-E-001
V17,V2,1.969433,SRC-E-001
V17,V3,2.643233,SRC-E-001
V17,V4,1.177067,SRC-E-001
V17,V5,1.853933,SRC-E-001
V17,V6,3.13115,SRC-E-001
V17,V7,3.049033,SRC-E-001
V17,V8,1.95005,SRC-E-001
V17,V9,0.197567,SRC-E-001
V17,V10,3.2648,SRC-E-001
V17,V11,1.441667,SRC-E-001
V17,V12,1.6641,SRC-E-001
V17,V13,3.15545,SRC-E-001
V17,V14,0.392167,SRC-E-001
V17,V15,1.96015,SRC-E-001
V17,V16,3.1683,SRC-E-001
V17,V17,0.0,SRC-E-001
V17,V18,0.201833,SRC-E-001
V17,V19,0.9894,SRC-E-001
V17,V20,1.753417,SRC-E-001
V17,V21,1.766983,SRC-E-001
V17,V22,1.948933,SRC-E-001
V17,V23,3.31215,SRC-E-001
V17,V24,1.742667,SRC-E-001
V17,V25,1.6641,SRC-E-001
V17,V26,1.533433,SRC-E-001
V17,V27,1.439767,SRC-E-001
V17,V28,2.25665,SRC-E-001
V17,V29,3.312033,SRC-E-001
V17,V30,3.1683,SRC-E-001
V18,C1,3.02495,SRC-E-001
V18,T1,1.641083,SRC-E-001
V18,T2,3.513983,SRC-E-001
V18,T3,0.529567,SRC-E-001
V18,T4,2.85135,SRC-E-001
V18,T5,0.7865,SRC-E-001
V18,T6,1.56515,SRC-E-001
V18,T7,0.7865,SRC-E-001
V18,T8,3.334383,SRC-E-001
V18,V1,2.034367,SRC-E-001
V18,V2,2.171267,SRC-E-001
V18,V3,2.845067,SRC-E-001
V18,V4,0.975233,SRC-E-001
V18,V5,2.055767,SRC-E-001
V18,V6,3.332983,SRC-E-001
V18,V7,3.250867,SRC-E-001
V18,V8,2.151883,SRC-E-001
V18,V9,0.383733,SRC-E-001
V18,V10,3.466633,SRC-E-001
V18,V11,1.239833,SRC-E-001
V18,V12,1.462267,SRC-E-001
V18,V13,3.357283,SRC-E-001
V18,V14,0.594,SRC-E-001
V18,V15,1.758317,SRC-E-001
V18,V16,3.370133,SRC-E-001
V18,V17,0.201833,SRC-E-001
V18,V18,0.0,SRC-E-001
V18,V19,0.787567,SRC-E-001
V18,V20,1.95525,SRC-E-001
V18,V21,1.56515,SRC-E-001
V18,V22,2.150767,SRC-E-001
V18,V23,3.513983,SRC-E-001
V18,V24,1.9445,SRC-E-001
V18,V25,1.462267,SRC-E-001
V18,V26,1.3316,SRC-E-001
V18,V27,1.6416,SRC-E-001
V18,V28,2.458483,SRC-E-001
V18,V29,3.513867,SRC-E-001
V18,V30,3.370133,SRC-E-001
V19,C1,2.683917,SRC-E-001
V19,T1,2.391917,SRC-E-001
V19,T2,3.17295,SRC-E-001
V19,T3,1.317133,SRC-E-001
V19,T4,2.510317,SRC-E-001
V19,T5,1.574067,SRC-E-001
V19,T6,1.03905,SRC-E-001
V19,T7,1.574067,SRC-E-001
V19,T8,2.9945,SRC-E-001
V19,V1,2.62755,SRC-E-001
V19,V2,2.958833,SRC-E-001
V19,V3,2.504033,SRC-E-001
V19,V4,0.187667,SRC-E-001
V19,V5,2.362633,SRC-E-001
V19,V6,2.9931,SRC-E-001
V19,V7,2.910983,SRC-E-001
V19,V8,2.745067,SRC-E-001
V19,V9,1.1713,SRC-E-001
V19,V10,3.1256,SRC-E-001
V19,V11,1.006033,SRC-E-001
V19,V12,1.228467,SRC-E-001
V19,V13,3.01625,SRC-E-001
V19,V14,1.381567,SRC-E-001
V19,V15,1.232217,SRC-E-001
V19,V16,3.03025,SRC-E-001
V19,V17,0.9894,SRC-E-001
V19,V18,0.787567,SRC-E-001
V19,V19,0.0,SRC-E-001
V19,V20,2.548433,SRC-E-001
V19,V21,1.03905,SRC-E-001
V19,V22,2.744617,SRC-E-001
V19,V23,3.17295,SRC-E-001
V19,V24,2.537683,SRC-E-001
V19,V25,1.228467,SRC-E-001
V19,V26,1.0978,SRC-E-001
V19,V27,2.429167,SRC-E-001
V19,V28,2.181533,SRC-E-001
V19,V29,3.172833,SRC-E-001
V19,V30,3.03025,SRC-E-001
V20,C1,1.540383,SRC-E-001
V20,T1,0.600483,SRC-E-001
V20,T2,2.029417,SRC-E-001
V20,T3,1.99345,SRC-E-001
V20,T4,1.366783,SRC-E-001
V20,T5,1.16875,SRC-E-001
V20,T6,1.509383,SRC-E-001
V20,T7,1.16875,SRC-E-001
V20,T8,2.205467,SRC-E-001
V20,V1,0.100617,SRC-E-001
V20,V2,1.367217,SRC-E-001
V20,V3,1.3605,SRC-E-001
V20,V4,2.7361,SRC-E-001
V20,V5,0.48415,SRC-E-001
V20,V6,2.204067,SRC-E-001
V20,V7,2.12195,SRC-E-001
V20,V8,0.196633,SRC-E-001
V20,V9,1.950983,SRC-E-001
V20,V10,1.982067,SRC-E-001
V20,V11,3.195083,SRC-E-001
V20,V12,3.417517,SRC-E-001
V20,V13,1.872717,SRC-E-001
V20,V14,1.36125,SRC-E-001
V20,V15,1.316217,SRC-E-001
V20,V16,2.241217,SRC-E-001
V20,V17,1.753417,SRC-E-001
V20,V18,1.95525,SRC-E-001
V20,V19,2.548433,SRC-E-001
V20,V20,0.0,SRC-E-001
V20,V21,1.509383,SRC-E-001
V20,V22,1.346717,SRC-E-001
V20,V23,2.029417,SRC-E-001
V20,V24,0.01075,SRC-E-001
V20,V25,3.417517,SRC-E-001
V20,V26,3.28685,SRC-E-001
V20,V27,0.31365,SRC-E-001
V20,V28,1.3925,SRC-E-001
V20,V29,2.0293,SRC-E-001
V20,V30,2.241217,SRC-E-001
V21,C1,1.644867,SRC-E-001
V21,T1,1.352867,SRC-E-001
V21,T2,2.1339,SRC-E-001
V21,T3,2.094717,SRC-E-001
V21,T4,1.471267,SRC-E-001
V21,T5,2.20745,SRC-E-001
V21,T6,0,SRC-E-001
V21,T7,2.20745,SRC-E-001
V21,T8,1.95545,SRC-E-001
V21,V1,1.5885,SRC-E-001
V21,V2,2.0127,SRC-E-001
V21,V3,1.464983,SRC-E-001
V21,V4,1.226717,SRC-E-001
V21,V5,1.323583,SRC-E-001
V21,V6,1.95405,SRC-E-001
V21,V7,1.871933,SRC-E-001
V21,V8,1.706017,SRC-E-001
V21,V9,1.948883,SRC-E-001
V21,V10,2.08655,SRC-E-001
V21,V11,1.783617,SRC-E-001
V21,V12,2.00605,SRC-E-001
V21,V13,1.9772,SRC-E-001
V21,V14,2.15915,SRC-E-001
V21,V15,0.193167,SRC-E-001
V21,V16,1.9912,SRC-E-001
V21,V17,1.766983,SRC-E-001
V21,V18,1.56515,SRC-E-001
V21,V19,1.03905,SRC-E-001
V21,V20,1.509383,SRC-E-001
V21,V21,0.0,SRC-E-001
V21,V22,1.705567,SRC-E-001
V21,V23,2.1339,SRC-E-001
V21,V24,1.498633,SRC-E-001
V21,V25,2.00605,SRC-E-001
V21,V26,1.875383,SRC-E-001
V21,V27,1.801533,SRC-E-001
V21,V28,1.142483,SRC-E-001
V21,V29,2.133783,SRC-E-001
V21,V30,1.9912,SRC-E-001
V22,C1,2.091067,SRC-E-001
V22,T1,0.99515,SRC-E-001
V22,T2,2.5801,SRC-E-001
V22,T3,2.188967,SRC-E-001
V22,T4,1.917467,SRC-E-001
V22,T5,1.364267,SRC-E-001
V22,T6,1.705567,SRC-E-001
V22,T7,1.364267,SRC-E-001
V22,T8,1.53205,SRC-E-001
V22,V1,1.425833,SRC-E-001
V22,V2,0.698233,SRC-E-001
V22,V3,1.911183,SRC-E-001
V22,V4,2.932283,SRC-E-001
V22,V5,1.409833,SRC-E-001
V22,V6,1.53065,SRC-E-001
V22,V7,1.448533,SRC-E-001
V22,V8,1.54335,SRC-E-001
V22,V9,2.1465,SRC-E-001
V22,V10,2.53275,SRC-E-001
V22,V11,3.3906,SRC-E-001
V22,V12,3.613033,SRC-E-001
V22,V13,2.4234,SRC-E-001
V22,V14,1.556767,SRC-E-001
V22,V15,1.5124,SRC-E-001
V22,V16,1.5678,SRC-E-001
V22,V17,1.948933,SRC-E-001
V22,V18,2.150767,SRC-E-001
V22,V19,2.744617,SRC-E-001
V22,V20,1.346717,SRC-E-001
V22,V21,1.705567,SRC-E-001
V22,V22,0.0,SRC-E-001
V22,V23,2.5801,SRC-E-001
V22,V24,1.335967,SRC-E-001
V22,V25,3.613033,SRC-E-001
V22,V26,3.482367,SRC-E-001
V22,V27,1.033067,SRC-E-001
V22,V28,0.65615,SRC-E-001
V22,V29,2.579983,SRC-E-001
V22,V30,1.5678,SRC-E-001
V23,C1,0.525617,SRC-E-001
V23,T1,1.8729,SRC-E-001
V23,T2,0,SRC-E-001
V23,T3,3.552183,SRC-E-001
V23,T4,0.699217,SRC-E-001
V23,T5,2.727483,SRC-E-001
V23,T6,2.1339,SRC-E-001
V23,T7,2.727483,SRC-E-001
V23,T8,2.829983,SRC-E-001
V23,V1,2.108533,SRC-E-001
V23,V2,2.887233,SRC-E-001
V23,V3,1.791883,SRC-E-001
V23,V4,3.360617,SRC-E-001
V23,V5,1.843617,SRC-E-001
V23,V6,2.828583,SRC-E-001
V23,V7,2.746467,SRC-E-001
V23,V8,2.22605,SRC-E-001
V23,V9,3.509717,SRC-E-001
V23,V10,0.1781,SRC-E-001
V23,V11,3.917517,SRC-E-001
V23,V12,4.13995,SRC-E-001
V23,V13,0.1567,SRC-E-001
V23,V14,2.919983,SRC-E-001
V23,V15,1.940733,SRC-E-001
V23,V16,2.865733,SRC-E-001
V23,V17,3.31215,SRC-E-001
V23,V18,3.513983,SRC-E-001
V23,V19,3.17295,SRC-E-001
V23,V20,2.029417,SRC-E-001
V23,V21,2.1339,SRC-E-001
V23,V22,2.5801,SRC-E-001
V23,V23,0.0,SRC-E-001
V23,V24,2.018667,SRC-E-001
V23,V25,4.13995,SRC-E-001
V23,V26,4.009283,SRC-E-001
V23,V27,2.321567,SRC-E-001
V23,V28,2.017017,SRC-E-001
V23,V29,0.167167,SRC-E-001
V23,V30,2.865733,SRC-E-001
V24,C1,1.529633,SRC-E-001
V24,T1,0.589733,SRC-E-001
V24,T2,2.018667,SRC-E-001
V24,T3,1.9827,SRC-E-001
V24,T4,1.356033,SRC-E-001
V24,T5,1.158,SRC-E-001
V24,T6,1.498633,SRC-E-001
V24,T7,1.158,SRC-E-001
V24,T8,2.194717,SRC-E-001
V24,V1,0.089867,SRC-E-001
V24,V2,1.356467,SRC-E-001
V24,V3,1.34975,SRC-E-001
V24,V4,2.72535,SRC-E-001
V24,V5,0.4734,SRC-E-001
V24,V6,2.193317,SRC-E-001
V24,V7,2.1112,SRC-E-001
V24,V8,0.207383,SRC-E-001
V24,V9,1.940233,SRC-E-001
V24,V10,1.971317,SRC-E-001
V24,V11,3.184333,SRC-E-001
V24,V12,3.406767,SRC-E-001
V24,V13,1.861967,SRC-E-001
V24,V14,1.3505,SRC-E-001
V24,V15,1.305467,SRC-E-001
V24,V16,2.230467,SRC-E-001
V24,V17,1.742667,SRC-E-001
V24,V18,1.9445,SRC-E-001
V24,V19,2.537683,SRC-E-001
V24,V20,0.01075,SRC-E-001
V24,V21,1.498633,SRC-E-001
V24,V22,1.335967,SRC-E-001
V24,V23,2.018667,SRC-E-001
V24,V24,0.0,SRC-E-001
V24,V25,3.406767,SRC-E-001
V24,V26,3.2761,SRC-E-001
V24,V27,0.3029,SRC-E-001
V24,V28,1.38175,SRC-E-001
V24,V29,2.01855,SRC-E-001
V24,V30,2.230467,SRC-E-001
V25,C1,3.650917,SRC-E-001
V25,T1,3.10335,SRC-E-001
V25,T2,4.13995,SRC-E-001
V25,T3,1.991833,SRC-E-001
V25,T4,3.477317,SRC-E-001
V25,T5,2.248767,SRC-E-001
V25,T6,2.00605,SRC-E-001
V25,T7,2.248767,SRC-E-001
V25,T8,3.9615,SRC-E-001
V25,V1,3.496633,SRC-E-001
V25,V2,3.633533,SRC-E-001
V25,V3,3.471033,SRC-E-001
V25,V4,1.416133,SRC-E-001
V25,V5,3.329633,SRC-E-001
V25,V6,3.9601,SRC-E-001
V25,V7,3.877983,SRC-E-001
V25,V8,3.61415,SRC-E-001
V25,V9,1.846,SRC-E-001
V25,V10,4.0926,SRC-E-001
V25,V11,0.222433,SRC-E-001
V25,V12,0,SRC-E-001
V25,V13,3.98325,SRC-E-001
V25,V14,2.056267,SRC-E-001
V25,V15,2.199217,SRC-E-001
V25,V16,3.99725,SRC-E-001
V25,V17,1.6641,SRC-E-001
V25,V18,1.462267,SRC-E-001
V25,V19,1.228467,SRC-E-001
V25,V20,3.417517,SRC-E-001
V25,V21,2.00605,SRC-E-001
V25,V22,3.613033,SRC-E-001
V25,V23,4.13995,SRC-E-001
V25,V24,3.406767,SRC-E-001
V25,V25,0.0,SRC-E-001
V25,V26,0.130667,SRC-E-001
V25,V27,3.103867,SRC-E-001
V25,V28,3.148533,SRC-E-001
V25,V29,4.139833,SRC-E-001
V25,V30,3.99725,SRC-E-001
V26,C1,3.52025,SRC-E-001
V26,T1,2.972683,SRC-E-001
V26,T2,4.009283,SRC-E-001
V26,T3,1.861167,SRC-E-001
V26,T4,3.34665,SRC-E-001
V26,T5,2.1181,SRC-E-001
V26,T6,1.875383,SRC-E-001
V26,T7,2.1181,SRC-E-001
V26,T8,3.830833,SRC-E-001
V26,V1,3.365967,SRC-E-001
V26,V2,3.502867,SRC-E-001
V26,V3,3.340367,SRC-E-001
V26,V4,1.285467,SRC-E-001
V26,V5,3.198967,SRC-E-001
V26,V6,3.829433,SRC-E-001
V26,V7,3.747317,SRC-E-001
V26,V8,3.483483,SRC-E-001
V26,V9,1.715333,SRC-E-001
V26,V10,3.961933,SRC-E-001
V26,V11,0.091767,SRC-E-001
V26,V12,0.130667,SRC-E-001
V26,V13,3.852583,SRC-E-001
V26,V14,1.9256,SRC-E-001
V26,V15,2.06855,SRC-E-001
V26,V16,3.866583,SRC-E-001
V26,V17,1.533433,SRC-E-001
V26,V18,1.3316,SRC-E-001
V26,V19,1.0978,SRC-E-001
V26,V20,3.28685,SRC-E-001
V26,V21,1.875383,SRC-E-001
V26,V22,3.482367,SRC-E-001
V26,V23,4.009283,SRC-E-001
V26,V24,3.2761,SRC-E-001
V26,V25,0.130667,SRC-E-001
V26,V26,0.0,SRC-E-001
V26,V27,2.9732,SRC-E-001
V26,V28,3.017867,SRC-E-001
V26,V29,4.009167,SRC-E-001
V26,V30,3.866583,SRC-E-001
V27,C1,1.832533,SRC-E-001
V27,T1,0.523383,SRC-E-001
V27,T2,2.321567,SRC-E-001
V27,T3,1.6798,SRC-E-001
V27,T4,1.658933,SRC-E-001
V27,T5,0.8551,SRC-E-001
V27,T6,1.801533,SRC-E-001
V27,T7,0.8551,SRC-E-001
V27,T8,2.216683,SRC-E-001
V27,V1,0.392767,SRC-E-001
V27,V2,1.053567,SRC-E-001
V27,V3,1.65265,SRC-E-001
V27,V4,2.616833,SRC-E-001
V27,V5,0.7763,SRC-E-001
V27,V6,2.215283,SRC-E-001
V27,V7,2.133167,SRC-E-001
V27,V8,0.510283,SRC-E-001
V27,V9,1.637333,SRC-E-001
V27,V10,2.274217,SRC-E-001
V27,V11,2.881433,SRC-E-001
V27,V12,3.103867,SRC-E-001
V27,V13,2.164867,SRC-E-001
V27,V14,1.0476,SRC-E-001
V27,V15,1.608367,SRC-E-001
V27,V16,2.252433,SRC-E-001
V27,V17,1.439767,SRC-E-001
V27,V18,1.6416,SRC-E-001
V27,V19,2.429167,SRC-E-001
V27,V20,0.31365,SRC-E-001
V27,V21,1.801533,SRC-E-001
V27,V22,1.033067,SRC-E-001
V27,V23,2.321567,SRC-E-001
V27,V24,0.3029,SRC-E-001
V27,V25,3.103867,SRC-E-001
V27,V26,2.9732,SRC-E-001
V27,V27,0.0,SRC-E-001
V27,V28,1.340783,SRC-E-001
V27,V29,2.32145,SRC-E-001
V27,V30,2.252433,SRC-E-001
V28,C1,1.527983,SRC-E-001
V28,T1,1.235983,SRC-E-001
V28,T2,2.017017,SRC-E-001
V28,T3,2.496683,SRC-E-001
V28,T4,1.354383,SRC-E-001
V28,T5,1.671983,SRC-E-001
V28,T6,1.142483,SRC-E-001
V28,T7,1.671983,SRC-E-001
V28,T8,0.8759,SRC-E-001
V28,V1,1.471617,SRC-E-001
V28,V2,0.963283,SRC-E-001
V28,V3,1.3481,SRC-E-001
V28,V4,2.3692,SRC-E-001
V28,V5,1.2067,SRC-E-001
V28,V6,0.8745,SRC-E-001
V28,V7,0.792383,SRC-E-001
V28,V8,1.589133,SRC-E-001
V28,V9,2.454217,SRC-E-001
V28,V10,1.969667,SRC-E-001
V28,V11,2.9261,SRC-E-001
V28,V12,3.148533,SRC-E-001
V28,V13,1.860317,SRC-E-001
V28,V14,1.864483,SRC-E-001
V28,V15,0.949317,SRC-E-001
V28,V16,0.91165,SRC-E-001
V28,V17,2.25665,SRC-E-001
V28,V18,2.458483,SRC-E-001
V28,V19,2.181533,SRC-E-001
V28,V20,1.3925,SRC-E-001
V28,V21,1.142483,SRC-E-001
V28,V22,0.65615,SRC-E-001
V28,V23,2.017017,SRC-E-001
V28,V24,1.38175,SRC-E-001
V28,V25,3.148533,SRC-E-001
V28,V26,3.017867,SRC-E-001
V28,V27,1.340783,SRC-E-001
V28,V28,0.0,SRC-E-001
V28,V29,2.0169,SRC-E-001
V28,V30,0.91165,SRC-E-001
V29,C1,0.488917,SRC-E-001
V29,T1,1.872783,SRC-E-001
V29,T2,0.167167,SRC-E-001
V29,T3,3.552067,SRC-E-001
V29,T4,0.662517,SRC-E-001
V29,T5,2.727367,SRC-E-001
V29,T6,2.133783,SRC-E-001
V29,T7,2.727367,SRC-E-001
V29,T8,2.829867,SRC-E-001
V29,V1,2.108417,SRC-E-001
V29,V2,2.887117,SRC-E-001
V29,V3,1.791767,SRC-E-001
V29,V4,3.3605,SRC-E-001
V29,V5,1.8435,SRC-E-001
V29,V6,2.828467,SRC-E-001
V29,V7,2.74635,SRC-E-001
V29,V8,2.225933,SRC-E-001
V29,V9,3.5096,SRC-E-001
V29,V10,0.1414,SRC-E-001
V29,V11,3.9174,SRC-E-001
V29,V12,4.139833,SRC-E-001
V29,V13,0.278,SRC-E-001
V29,V14,2.919867,SRC-E-001
V29,V15,1.940617,SRC-E-001
V29,V16,2.865617,SRC-E-001
V29,V17,3.312033,SRC-E-001
V29,V18,3.513867,SRC-E-001
V29,V19,3.172833,SRC-E-001
V29,V20,2.0293,SRC-E-001
V29,V21,2.133783,SRC-E-001
V29,V22,2.579983,SRC-E-001
V29,V23,0.167167,SRC-E-001
V29,V24,2.01855,SRC-E-001
V29,V25,4.139833,SRC-E-001
V29,V26,4.009167,SRC-E-001
V29,V27,2.32145,SRC-E-001
V29,V28,2.0169,SRC-E-001
V29,V29,0.0,SRC-E-001
V29,V30,2.865617,SRC-E-001
V30,C1,2.3767,SRC-E-001
V30,T1,2.0847,SRC-E-001
V30,T2,2.865733,SRC-E-001
V30,T3,3.408333,SRC-E-001
V30,T4,2.2031,SRC-E-001
V30,T5,2.583633,SRC-E-001
V30,T6,1.9912,SRC-E-001
V30,T7,2.583633,SRC-E-001
V30,T8,0.03575,SRC-E-001
V30,V1,2.320333,SRC-E-001
V30,V2,1.874933,SRC-E-001
V30,V3,2.196817,SRC-E-001
V30,V4,3.217917,SRC-E-001
V30,V5,2.055417,SRC-E-001
V30,V6,0.25275,SRC-E-001
V30,V7,0.119267,SRC-E-001
V30,V8,2.43785,SRC-E-001
V30,V9,3.365867,SRC-E-001
V30,V10,2.818383,SRC-E-001
V30,V11,3.774817,SRC-E-001
V30,V12,3.99725,SRC-E-001
V30,V13,2.709033,SRC-E-001
V30,V14,2.776133,SRC-E-001
V30,V15,1.798033,SRC-E-001
V30,V16,0,SRC-E-001
V30,V17,3.1683,SRC-E-001
V30,V18,3.370133,SRC-E-001
V30,V19,3.03025,SRC-E-001
V30,V20,2.241217,SRC-E-001
V30,V21,1.9912,SRC-E-001
V30,V22,1.5678,SRC-E-001
V30,V23,2.865733,SRC-E-001
V30,V24,2.230467,SRC-E-001
V30,V25,3.99725,SRC-E-001
V30,V26,3.866583,SRC-E-001
V30,V27,2.252433,SRC-E-001
V30,V28,0.91165,SRC-E-001
V30,V29,2.865617,SRC-E-001
V30,V30,0.0,SRC-E-001
