source_id,source_name,source_type,evidence_level,file_path_or_url,access_date,license_or_permission,variables,preprocessing,limitations,used_in
DS-C-001,秋葵主产区节点数据,case_data,C,data/nodes.csv; data/nodes.xlsx,2026-05-27,项目内部数据,"node_id,name,level,lat,lon,okra_production_ton,is_candidate,population,road_access","作为需求点和候选点读取；用于产量、坐标和候选点筛选","当前为县域案例规模，不能单独支撑企业级泛化结论","single_level_mip_v2_1; scenarios; sensitivity; dashboard"
DS-C-002,秋葵主产区距离矩阵,case_data,C,data/distance_matrix.csv,2026-05-27,项目内部数据,"origin,destination,distance_km","作为运输成本输入","目前距离来源需继续核验；若为 Haversine 估算，应在论文中说明","single_level_mip_v2_1; scenarios; sensitivity"
DS-C-003,秋葵主产区运输时间矩阵,case_data,C,data/transport_time_matrix.csv,2026-05-27,项目内部数据,"origin,destination,time_h","作为运输时间、预冷约束和损耗输入","目前时间估算方式需继续核验，后续建议接入道路/地图 API","single_level_mip_v2_1; scenarios; sensitivity"
DS-CD-004,冷库类型与秋葵保鲜参数,case_literature_params,C/D,data/params.json,2026-05-27,项目内部参数与文献参数,"cold_storage_types,okra_preservation,loss parameters,cost parameters","模型读取并进行万元到元换算","部分参数来自文献或假设，必须做证据映射和灵敏度分析","single_level_mip_v2_1; KKT; epsilon; Benders; SPO"
DS-D-001,秋葵采后参数汇总,literature,D,docs/秋葵采后参数汇总.md,2026-05-27,文献摘录需最终补齐引用格式,"precooling,storage loss,temperature,quality parameters","用于参数解释和论文背景","需要逐条回查原文、补 DOI/来源和访问日期","paper draft; params evidence"
DS-D-002,Cavagnini 2026 LRP 综述,literature,D,docs/Cavagnini2026_LRP_fulltext.pdf; docs/Cavagnini2026_LRP精读笔记.md,2026-05-27,按学术引用使用,"LRP taxonomy,multi-objective LRP,research gaps","精读并提取研究空白","需最终核验期刊、DOI、页码和引用格式","literature review; contribution framing"
DS-D-003,Fan AI4OPT 文献,literature,D,docs/Fan2024_AI4OPT_fulltext.pdf; docs/Fan2026_AI4OPT_EJOR精读笔记.md,2026-05-27,按学术引用使用,"AI4OPT,parameter generation,solver acceleration","精读并提取 AI 融合框架","需最终核验版本、期刊和引用格式","AI-Benders; SPO; paper narrative"
DS-E-001,公开 LRP benchmark 集合,benchmark,E,lrp-instances/,2026-05-27,遵循仓库或数据集许可,"Prins,Prodhon,Contardo,Schneider,Barreto,Nguyen 等实例","尚未统一解析；后续作为算法扩展实验输入","benchmark 不等同于秋葵真实业务数据；冷链参数扩展需明确标注","future Benders/AI-Benders scalability experiments"
DS-F-001,SPO 合成损耗训练样本,synthetic,F,results/spo_smoke/synthetic_data/synthetic_loss_dataset.csv,2026-05-27,项目生成数据,"features,alpha,beta,loss parameters","由 synthetic_data.py 生成；用于 SPO smoke test","只能证明方法原型可运行，不能宣称真实企业预测能力","SPO smoke test"
DS-F-002,方法 smoke test 输出,experiment_output,F,results/experiments/method_smoke/,2026-05-27,项目生成结果,"KKT,epsilon,Benders,AI-Benders,SPO metrics","由 experiments/method_smoke.py 生成","小规模验证，不代表完整算法优势","method_smoke_summary; stage report"
DS-F-003,AI-Benders 多配置对比实验,experiment_output,F,results/experiments/ai_benders_comparison/,2026-05-27,项目生成结果,"classic_benders,ai_benders,cut_scores,graph_embedding,feature_importance","由 experiments/ai_benders_comparison.py 生成；用于 AI-Benders 可解释 cut ranking 原型验证","三组小中规模配置、14 条 cut score；可证明原型可运行和可解释，不能宣称 AI-Benders 显著优于经典 Benders","AI_Benders方法与实验章节; stage report; API algorithm page"
DS-F-004,论文阶段稿 v2,manuscript_output,F,docs/论文初稿_v2_阶段版.md,2026-05-27,项目生成文稿,"abstract,methods,experiments,AI-Benders,MIS,limitations","整合当前运行结果、证据登记和阶段章节材料","正式论文仍需补 DOI/引用格式、公式编号、图表编号和更大规模验证","paper draft v2"
"DS-E-002","公开 LRP benchmark 本地资产清单","benchmark_inventory","E","results/experiments/benchmark_inventory/benchmark_inventory.csv; results/experiments/benchmark_inventory/benchmark_inventory_summary.json; results/experiments/benchmark_inventory/benchmark_inventory.md","2026-05-27","遵循 lrp-instances 仓库许可与 CITATION.cff 引用要求","collection,relative_path,file_name,suffix,size_bytes,likely_instance,format_hint,total_files,likely_instance_files","由 experiments/benchmark_inventory.py 审计本地 lrp-instances 文件；排除 .git、说明文件和图片等非实例资产","公开 LRP benchmark 仅用于算法扩展性和方法比较，不能作为秋葵真实企业业务验证；具体解析和求解结果尚需后续实验","future benchmark scalability experiments; Benders/AI-Benders comparison"
"DS-E-003","公开 LRP benchmark 样本解析结果","benchmark_parse_sample","E","results/experiments/benchmark_parse_samples/benchmark_parse_samples.csv; results/experiments/benchmark_parse_samples/benchmark_parse_samples_summary.json; results/experiments/benchmark_parse_samples/benchmark_parse_samples.md","2026-05-27","遵循 lrp-instances 仓库许可与 CITATION.cff 引用要求","parser_name,instance_name,customer_count,facility_count,platform_count,vehicle_capacity,total_demand,lower_bound,upper_bound,parse_status","由 experiments/benchmark_parse_samples.py 对 AKCA 与 Contardo 单文件样本进行保守解析，12 个样本全部成功","公开 benchmark 样本解析只证明格式读取能力和后续扩展实验准备度，不能作为秋葵真实企业业务验证；尚未形成 benchmark 求解结果","future benchmark solver experiments; parser validation; Benders/AI-Benders scalability preparation"
"DS-E-004","公开 LRP benchmark 配对样本解析结果","benchmark_parse_pair","E","results/experiments/benchmark_parse_pairs/benchmark_parse_pairs.csv; results/experiments/benchmark_parse_pairs/benchmark_parse_pairs_summary.json; results/experiments/benchmark_parse_pairs/benchmark_parse_pairs.md","2026-05-27","遵循 lrp-instances 仓库许可与 CITATION.cff 引用要求","collection,customer_file,depot_file,parser_name,customer_count,depot_count,total_demand,total_capacity,parse_status","由 experiments/benchmark_parse_pairs.py 对 Barreto 配对文件进行保守解析，18 对全部成功","公开 benchmark 配对解析只证明输入格式读取能力和后续扩展实验准备度，不能作为秋葵真实企业业务验证；尚未形成 benchmark 求解结果","future benchmark solver experiments; paired-format parser validation; Benders/AI-Benders scalability preparation"
"DS-E-005","公开 LRP benchmark 标准化 Manifest","benchmark_normalized_manifest","E","src/api/benchmark_manifest.py; experiments/benchmark_normalized_manifest.py; /api/v1/benchmarks/lrp/normalized-manifest; results/experiments/benchmark_normalized_manifest/benchmark_normalized_manifest.json; results/experiments/benchmark_normalized_manifest/benchmark_normalized_manifest.csv; results/experiments/benchmark_normalized_manifest/benchmark_normalized_manifest.md","2026-05-27","遵循 lrp-instances 仓库许可与 CITATION.cff 引用要求","entry_id,entry_kind,schema_name,collection,parser_name,instance_name,source_paths,customer_count,facility_count,platform_count,total_demand,total_capacity","由 src/api/benchmark_manifest.py 将 inventory、parse samples 与 parse pairs 汇总为统一 manifest；已真实运行 `python experiments/benchmark_normalized_manifest.py` 生成三件套，并由 API/bootstrap/MIS 读取","公开 benchmark 标准化 Manifest 只是后续算法求解实验的数据准备层，不能作为秋葵真实企业业务验证；当前运行结果只证明标准化契约与文件物化成功，不等同完整 benchmark 求解实验","future benchmark solver input contract; Benders/AI-Benders scalability preparation; MIS benchmark panel"
"DS-F-005","公开 LRP benchmark 扩展实验协议 v1","experiment_protocol","F","docs/公开Benchmark扩展实验协议_v1.md","2026-05-27","项目生成文档","benchmark tiers,solver configs,metrics,tables,figures,research boundaries","规范后续 benchmark 求解实验的实例分层、算法对比、运行配置、指标体系、表图和论文表述边界","协议不是运行结果，不能替代 benchmark 求解实验；用于防止后续实验设计漂移和论文过度表述","future benchmark_benders_comparison; AI-Benders scalability study; manuscript methods"
"DS-F-006","公开 LRP benchmark solver smoke 脚本","experiment_code","F","experiments/benchmark_solver_smoke.py; results/experiments/benchmark_solver_smoke/benchmark_solver_summary.json; results/experiments/benchmark_solver_smoke/benchmark_solver_runs.csv; results/experiments/benchmark_solver_smoke/benchmark_benders_iterations.csv; results/experiments/benchmark_solver_smoke/benchmark_ai_cut_scores.csv; results/experiments/benchmark_solver_smoke/benchmark_solver_smoke.md","2026-05-27","项目生成代码","benchmark_solver_runs,benchmark_benders_iterations,benchmark_ai_cut_scores,benchmark_solver_summary","新增公开 benchmark 求解 smoke 脚本；已真实运行生成 5 行 smoke 结果、0 个失败实例，并由 API/bootstrap/MIS 读取","实际运行结果只证明 parser-to-solver readiness 与设施选址投影 smoke test 可运行，不是完整 LRP routing benchmark、不是秋葵企业验证、也不是 AI-Benders 优越性证据","future benchmark_solver_smoke execution; benchmark input contract; scalability preparation"
"DS-F-007","2026-06-03 汇报前验收矩阵","quality_gate","F","docs/汇报前验收矩阵_2026-06-03.md","2026-05-27","项目生成文档","requirements,evidence,status,boundaries,next_actions","将目标拆分为已验证、谨慎可展示、待验证和外部阻塞项，明确每项证据位置、汇报边界和下一步动作","验收矩阵是质量控制文档，不是实验结果；若后续运行结果变化，需要同步更新矩阵","presentation readiness; manuscript quality gate; evidence audit"
"DS-F-008","物流系统 REST 接口契约 v1","integration_contract","F","docs/物流系统REST接口契约_v1.md; src/api/main.py; frontend/mis_app.html","2026-05-27","项目生成文档与代码","contracts,layout_snapshot,layout_push,capacity_snapshot,routing_solve,routing_result","定义冷库优化系统与本地物流路径规划系统的 6 个 REST 接口契约，并在 FastAPI 中新增契约/mock/文件兜底接口；前端 MIS 已展示接口列表","当前只是 API 级契约和 mock adapter，尚未配置 LOGISTICS_BASE_URL 完成真实物流系统 HTTP 联调，不能宣称路径规划结果已验证","logistics API adapter; MIS integration panel; future end-to-end logistics demo"
"DS-F-009","AI-Benders 可解释评分证据包","experiment_output","F","src/algorithms/benders_ai.py; experiments/method_smoke.py; experiments/ai_benders_comparison.py; src/api/main.py; frontend/mis_app.html","2026-05-27","项目生成代码与结果","score_formula,score_inputs,score_components,dominant_factors,reason_text,ai_selection_summary","将 AI-Benders 的 cut score、分量、主导因子、策略说明和研究边界统一输出到实验结果、API 与前端页面","当前仍是可解释 cut ranking 原型，不是已证明优于经典 Benders 的加速算法；需要后续更大规模 benchmark 与真实数据验证","AI-Benders paper narrative; MIS algorithm panel; evidence chain"
"DS-F-010","AI-Benders 汇总与 cut 明细双层展示","experiment_output","F","src/api/main.py; frontend/mis_app.html; results/experiments/ai_benders_comparison/","2026-05-27","项目生成代码与结果","comparison_rows,cut_score_rows,selection_summary,case_level,cut_level","将 AI-Benders 的 case-level 对比与 cut-level 解释分离展示，并在 bootstrap 中同时返回","当前仍是阶段性展示层，不代表 AI-Benders 已产生显著加速；只能支持汇报和论文方法叙述","MIS algorithm panel; paper figure/table separation"
"DS-F-011","数据库探测接口与连通性摘要","integration_status","F","src/api/db.py; src/api/main.py; frontend/mis_app.html","2026-05-27","项目生成代码与结果","probe_attempted,probe_ok,probe_current_database,probe_current_user,probe_elapsed_ms","新增 /api/v1/db/probe，并在 bootstrap 与前端中暴露数据库探测状态，用于区分配置与真实连通","当前 probe 结果仍受外部数据库连接串与凭据控制；没有 `probe_ok=true` 时不能宣称数据库已真实联通","MIS database panel; connection readiness; backend probe"
"DS-F-012","数据库入库预览接口","integration_status","F","scripts/seed_postgres_from_current_files.py; src/api/main.py; frontend/mis_app.html","2026-05-27","项目生成代码与结果","total_rows,table_counts,non_empty_tables,sql_preview,seed_items","新增 /api/v1/db/seed-preview，并在 bootstrap 与前端中暴露可入库行数和表摘要，用于在 apply 前审计数据规模","该预览只说明预计写入规模，不等于数据库已写入；没有 `--apply` 和真实连接验证时不能宣称实入库","MIS database panel; seed audit; pre-apply preview"
"DS-F-013","真实数据源注册表","integration_status","F","docs/data_source_registry.csv; src/api/main.py; frontend/mis_app.html","2026-05-27","项目生成代码与结果","source_id,source_name,source_category,priority,intended_use","将真实数据拓展候选源统一登记为结构化注册表，并在 MIS 中展示前若干条来源，便于后续逐项接入与证据追踪","该注册表仅说明候选源与接入优先级，不代表这些真实数据已全部下载、清洗或入库","MIS evidence/data source panel; data expansion registry"
"DS-F-014","方法烟雾总表","experiment_output","F","results/experiments/method_smoke/method_smoke_summary.csv; src/api/main.py; frontend/mis_app.html","2026-05-27","项目生成代码与结果","method,status,objective,metric_1,metric_2,runtime_sec,note","将 KKT、epsilon-constraint、Benders、AI-Benders、SPO 的 method smoke 结果统一在 MIS 中展示，便于汇报时一屏讲清方法链路","该总表仅说明小规模 smoke test 的结果，不代表大规模算法优势或最终论文结论","MIS method overview; paper method chain; evidence chain"
"DS-F-015","公开 LRP benchmark Benders 对比实验","experiment_output","F","experiments/benchmark_benders_comparison.py; results/experiments/benchmark_benders_comparison/benchmark_benders_summary.json; results/experiments/benchmark_benders_comparison/benchmark_benders_comparison.csv; results/experiments/benchmark_benders_comparison/benchmark_benders_iterations.csv; results/experiments/benchmark_benders_comparison/benchmark_benders_cut_scores.csv; /api/v1/benchmarks/lrp/benders-comparison; frontend/mis_app.html","2026-05-27","项目生成代码与结果","case_id,method,objective,objective_gap_pct,iteration_count,cut_count,selected_cut_count,score_formula,dominant_factors","由 experiments/benchmark_benders_comparison.py 在 3 个公开 benchmark 小规模实例上真实运行 direct、classic_benders 与 ai_benders，生成 9 行方法结果、10 条迭代记录和 10 条 AI cut score，并接入 API/bootstrap/MIS","该实验是公开 LRP 实例的容量约束设施选址投影与可解释 cut ranking 原型，不是完整 routing LRP 证明、不是秋葵真实企业验证，也未证明 AI-Benders 显著优于经典 Benders","benchmark Benders comparison; AI-Benders cut ranking; MIS benchmark panel; manuscript scalability evidence"
"DS-F-016","AI-active Benders 第二阶段代码接入","experiment_code","F","experiments/benchmark_benders_comparison.py; frontend/mis_app.html; scripts/seed_postgres_from_current_files.py","2026-05-27","项目生成代码","ai_active_benders,active_cut_budget,active_cut_count,active_cut_scores,termination_reason,run_key,features_json","在 benchmark_benders_comparison.py 中新增 AI-active Benders 分支，使 learned cut ranking 进入 master active cut budget；同时预留 MIS 展示字段和 PostgreSQL seed 契约，保证 benchmark runs/metrics/iterations/cut_scores 后续可按 run_key 入库","当前仅完成代码级与契约级接入；由于当前线程 Python 进程创建被审批层拒绝，尚未完成 py_compile 或真实运行验收，不能在论文或汇报中写成已验证结果","future AI-active Benders run; second-stage cut selection; benchmark mechanism check; MIS and seed contract"
"DS-F-017","真实数据源核验记录","integration_status","F","docs/真实数据源核验记录_2026-05-27.md; docs/data_source_registry.csv; src/api/main.py; frontend/mis_app.html","2026-05-27","项目生成文档与代码","source_name,official_entry,verified_content,project_use,current_status","记录国家统计局、农业农村部、中国气象数据网、ERA5-Land、Overpass API / OpenStreetMap 与 FAOSTAT 的入口核验结果、接入优先级和论文边界","当前仅完成入口核验与文档登记，尚未批量下载、清洗或入库，不能写成真实企业数据已接入","real data expansion; evidence chain; MIS data source registry; manuscript data section"
"DS-F-018","Overpass / OpenStreetMap 查询预览","experiment_code","F","scripts/preview_overpass_sources.py; results/real_data_sources/overpass_source_preview.json","2026-05-27","项目生成代码","source_name,query_count,queries,research_boundary","为真实数据接入提供 Overpass / OSM 查询预览骨架，固定候选点、道路网络和市场 POI 的查询方向","当前只生成查询预览与研究边界，不下载外部数据，也不能替代真实路网或候选点抽取结果","real data expansion; map source readiness; route feature preparation"
"DS-F-019","Overpass / OSM 预览共享模块","experiment_code","F","src/data_sources/overpass_preview.py; scripts/preview_overpass_sources.py; src/api/main.py; frontend/mis_app.html","2026-05-27","项目生成代码","source_name,query_count,queries,result_path,source_backend","将 Overpass 预览查询定义抽取为共享模块，并在 API / bootstrap / MIS 中暴露预览报告入口","当前仍只是共享查询定义与预览报告，不下载外部数据，也不能替代真实路网或候选点抽取结果","real data expansion; shared query definitions; map source readiness"
"DS-F-020","官方真实数据源接入计划","experiment_code","F","src/data_sources/official_source_plan.py; scripts/preview_official_sources.py; src/api/main.py; frontend/mis_app.html","2026-05-27","项目生成代码","source_name,count,priority_counts,status_counts,official_source_plan","从 data_source_registry 推导国家统计局、农业农村部、中国气象数据网、ERA5-Land、Overpass / OSM、FAOSTAT 的接入计划，形成可执行优先级与下一步动作","当前仍是基于注册表的接入计划，不下载数据、不代表授权、不替代人工核验","real data expansion; integration planning; evidence chain; MIS roadmap"
"DS-F-021","AI-active Benders 第二阶段验收清单","quality_gate","F","docs/AI_active_Benders第二阶段验收清单_v1.md; src/api/main.py; frontend/mis_app.html","2026-05-27","项目生成文档与代码","ai_active_validation,state,result_has_ai_active,expected_outputs,next_action,claim_boundary","新增 AI-active Benders 第二阶段验收清单，并在 benchmark Benders API/MIS 中显式返回 ai_active_validation 状态，防止把代码级接入误读为已验证结果","该验收清单先充当质量闸门；当真实 benchmark 结果落盘并出现 ai_active_benders 行后，同一状态块可升级为 verified_result_present，但论文仍只能保留机制边界，不能直接写成显著加速或完整 routing LRP 优越性","AI-active Benders quality gate; MIS validation state; manuscript claim boundary"
"DS-F-022","AI-active Benders 验收器与落盘报告","experiment_code","F","src/api/benchmark_benders_validation.py; scripts/validate_benchmark_benders.py; results/experiments/benchmark_benders_comparison/ai_active_validation.json; results/experiments/benchmark_benders_comparison/ai_active_validation.md","2026-05-27","项目生成代码与结果","state,result_has_ai_active,ai_active_method_rows,ai_active_iteration_rows,ai_active_cut_score_rows,next_action,claim_boundary","将 AI-active Benders 的结果判定逻辑抽成共享验收器，并提供独立脚本用于生成 JSON/Markdown 验收报告","验收器与报告已在真实 benchmark 运行后生成 verified_result_present；后续若要写成论文结论，仍需多实例比较与 gap/runtime 分析","AI-active Benders validation utility; MIS/status contract; evidence-chain helper"
"DS-F-023","AI-active Benders 验收接口与前端报告区块","integration_status","F","src/api/main.py; frontend/mis_app.html; /api/v1/benchmarks/lrp/benders-validation","2026-05-27","项目生成代码与结果","report,status,result_files,ai_active_method_cases,ai_active_cut_score_rows","将 AI-active Benders 验收器的 report 直接暴露为 API，并在前端新增独立验收报告区块，便于汇报时查看状态、文件与边界","当前接口已可返回 verified_result_present 与结果文件信息；若未来运行缺少真实 ai_active_benders 行，则仍可回退到未运行时的结构化状态","AI-active Benders report API; MIS validation panel; evidence-chain display"
"DS-F-024","AI-active Benders 论文与阶段报告口径同步","manuscript_update","F","docs/论文初稿_v2_阶段版.md; docs/AI_Benders方法与实验章节_阶段版.md; results/experiments/stage_report.md","2026-05-27","项目生成文稿","AI-active Benders,validation API,validation report,claim boundary","将 AI-active Benders 验收器、benders-validation API、ai_active_validation.json|md 与 verified_result_present 状态写入论文阶段稿、方法章和阶段报告","该同步已覆盖真实运行后的结果口径，但仍只允许写成机制验证；是否具备显著加速或全局优越性，仍需多实例比较确认","manuscript alignment; presentation boundary; AI-active validation narrative"
"DS-F-025","真实数据字段映射与入库验收清单 v1","data_ingestion_protocol","F","docs/真实数据字段映射与入库验收清单_v1.md","2026-05-27","项目生成文档","market_price_observations,weather_daily_observations,osm_features,road_network_edges,quality_gates","将农业农村部价格、中国气象/ERA5、Overpass/OSM 三类 P0 真实数据源从入口核验推进到字段映射、目标表、质量闸门和论文边界","该清单是接入协议，不是数据下载结果；在未生成真实原始文件、清洗产物和入库记录前，不能写成真实数据已接入","real data ingestion protocol; PostgreSQL extension; manuscript data boundary"
"DS-F-026","真实外部数据 schema-ready 与入库准备接口","integration_status","F","database/schema.sql; database/README.md; src/data_sources/ingestion_readiness.py; src/api/main.py; frontend/mis_app.html; /api/v1/real-data-sources/ingestion-readiness","2026-05-27","项目生成代码与文档","market_price_observations,weather_daily_observations,osm_features,road_network_edges,schema_ready_count,ingestion_state","在 PostgreSQL schema 中新增 P0 真实外部数据扩展表，并通过 API/bootstrap/MIS 暴露 schema-ready 与 not-ingested-yet 状态","当前只证明表结构与入库准备状态已经进入系统；尚未下载真实外部数据、清洗或写入 PostgreSQL，不能表述为真实数据已接入","real data schema readiness; MIS data-source panel; PostgreSQL extension"
"DS-F-027","真实外部数据 raw/cleaned ingestion manifest","integration_status","F","src/data_sources/ingestion_manifest.py; scripts/build_real_data_ingestion_manifest.py; results/real_data_sources/real_data_ingestion_manifest.json; results/real_data_sources/real_data_ingestion_manifest.md; /api/v1/real-data-sources/ingestion-manifest; frontend/mis_app.html","2026-05-27","项目生成代码与结果","dataset_id,target_table,raw.exists,cleaned.exists,ingestion_state,next_action","为 P0 真实外部数据建立 raw/cleaned 文件 manifest，明确 4 个数据集当前均为 missing_raw_and_cleaned，并通过 API/bootstrap/MIS 暴露缺口状态","该 manifest 是缺口审计和入库准备清单，不下载数据、不清洗数据、不授权数据、不写入 PostgreSQL；不能表述为真实数据已接入","real data raw/cleaned audit; ingestion manifest; MIS missing-file state"
"DS-F-028","真实外部数据 raw/cleaned 文件验收器","integration_status","F","src/data_sources/ingestion_validation.py; scripts/validate_real_data_ingestion_files.py; results/real_data_sources/real_data_ingestion_validation.json; results/real_data_sources/real_data_ingestion_validation.md; /api/v1/real-data-sources/ingestion-validation; frontend/mis_app.html","2026-05-27","项目生成代码与结果","dataset_id,raw_exists,cleaned_exists,required_columns,missing_required_columns,validation_state,ready_for_apply_count","为 P0 真实外部数据建立本地 raw/cleaned 文件验收器，当前报告显示 ready_for_apply_count=0 且 4 个数据集均为 missing_raw_and_cleaned","该验收器只检查本地文件存在性和 cleaned 文件列名，不下载数据、不授权数据、不证明 PostgreSQL 写入；不能表述为真实数据已接入","real data file validation; cleaned-column audit; MIS validation state"
"DS-F-029","真实外部数据下载适配器骨架","experiment_code","F","src/data_sources/download_adapters.py; scripts/preview_real_data_download_adapters.py; results/real_data_sources/real_data_download_adapters.json; results/real_data_sources/real_data_download_adapters.md; src/api/main.py; frontend/mis_app.html","2026-05-27","项目生成代码与结果","dataset_id,adapter_kind,download_mode,registry_match_count,requires_manual_review,next_action","为 P0 真实外部数据建立下载适配器骨架，将 registry、manifest 和未来下载步骤统一到可执行计划中，并在 API / bootstrap / MIS 暴露下载适配器计划","该骨架只描述未来下载与清洗的接入方式，不执行网络 I/O、不下载外部数据、不替代源站授权或人工核验；不能表述为真实数据已接入","real data download adapter planning; MIS readiness; future ingestion implementation"
"DS-F-030","Overpass 入库预览与下载清洗闭环骨架","experiment_code","F","src/data_sources/overpass_ingestion.py; scripts/preview_overpass_ingestion.py; results/real_data_sources/overpass_ingestion_preview.json; results/real_data_sources/overpass_ingestion_preview.md; src/api/main.py; frontend/mis_app.html","2026-05-27","项目生成代码与结果","dataset_id,bbox,query_kind,raw_path,cleaned_path,endpoint","为 Overpass / OSM 建立可下载、可清洗、可回灌的最小闭环骨架，包含 bbox 推断、raw 保护、GeoJSON 清洗和 MIS 预览接口","当前仍是骨架与预览层，未执行真实网络下载；只有在 raw 与 cleaned 文件实际生成后，才能作为真实数据接入证据","Overpass ingestion workflow; map feature pipeline; seed compatibility"
"DS-F-031","Overpass 真实执行入口脚本","experiment_code","F","scripts/overpass_ingest.py; src/data_sources/overpass_ingestion.py","2026-05-27","项目生成代码","mode,dataset_id,endpoint,timeout_sec,preserve_relations","为 Overpass / OSM 提供 preview、download、clean、run 四种执行模式，形成可直接调用的真实数据接入入口","当前仍需要在可联网环境中实际执行，脚本本身只提供入口与参数层；不能据此表述真实数据已经下载完成","Overpass ingestion execution; CLI entry; future data acquisition"
"DS-F-032","Overpass bbox 自适应与查询范围收紧","experiment_code","F","src/data_sources/overpass_ingestion.py; scripts/overpass_ingest.py; data/nodes.csv","2026-05-27","项目生成代码与案例数据","bbox,bbox_clause,case_nodes_path,query_range,padding_deg","基于项目节点经纬度范围自适应推断 Overpass 查询 bbox，并让下载/预览脚本使用该范围以贴近项目案例","这是查询范围收紧与可追溯性增强，不等于真实联网下载完成；只有在脚本运行产出 raw/cleaned 文件后才可作为真实数据接入证据","Overpass case bounding box; query refinement; map source readiness"
"DS-F-033","Overpass 预览中的案例节点存在性显式报告","experiment_code","F","src/data_sources/overpass_ingestion.py; scripts/overpass_ingest.py; data/nodes.csv","2026-05-27","项目生成代码与案例数据","case_nodes_exists,case_nodes_path,bbox_info,dataset_count","在 Overpass 预览/执行报告中显式展示案例节点文件是否存在，并把节点文件路径、bbox 信息和数据集数一起暴露到报告中","这只是可追溯性增强，不代表已实际下载 OSM 数据；仍需联网执行 download/run 才能生成 raw/cleaned 文件","Overpass preview traceability; case data audit; future download readiness"
"DS-F-034","Overpass 预览结果物化","experiment_code","F","results/real_data_sources/overpass_ingestion_preview.json; results/real_data_sources/overpass_ingestion_preview.md; src/data_sources/overpass_ingestion.py","2026-05-27","项目生成代码与结果","dataset_count,bbox,bbox_clause,case_nodes_exists,query_kind","将 Overpass 入库预览静态物化到 results 目录，保留 bbox_clause、案例节点存在性和查询类型，便于汇报审阅","当前仍是预览物化，不代表联网下载成功；必须执行真实 download/run 才能进入 raw/cleaned 接入证据","Overpass preview artifact; report materialization; traceable preview"
"DS-F-035","Overpass 预览验收器与校验产物","experiment_code","F","src/data_sources/overpass_preview_validation.py; scripts/validate_overpass_preview.py; results/real_data_sources/overpass_ingestion_preview_validation.json; results/real_data_sources/overpass_ingestion_preview_validation.md; src/api/main.py; frontend/mis_app.html","2026-05-27","项目生成代码与结果","validation_state,issues,expected_dataset_count,expected_bbox,expected_case_nodes_exists","为 Overpass 预览物化结果提供静态验收器，检查预览 JSON/MD 是否与代码推导的 bbox、dataset_count 和案例节点存在性一致","当前验收仅覆盖静态预览物化，不证明联网下载或真实 OSM 数据接入；仍需实际 download/run 才能进入真实数据证据链","Overpass preview validation; artifact consistency; MIS validation panel"
"DS-F-036","Overpass 预览验收器的 JSON/MD 双文件一致性校验","experiment_code","F","src/data_sources/overpass_preview_validation.py; scripts/validate_overpass_preview.py; results/real_data_sources/overpass_ingestion_preview_validation.json; results/real_data_sources/overpass_ingestion_preview_validation.md","2026-05-27","项目生成代码与结果","preview_md_contains_bbox_clause,preview_md_contains_dataset_count,preview_md_contains_case_nodes_exists,validation_state","将 Overpass 预览验收器升级为同时校验 JSON 和 MD 两份物化文件的一致性，避免只验证单文件而忽略汇报材料内容偏差","仍然只验证静态预览物化一致性，不证明联网下载或真实 OSM 数据接入；只有 download/run 产出 raw/cleaned 才能进入真实数据证据链","Overpass preview consistency check; report QA; artifact parity"
"DS-F-037","Overpass 请求预览模式与请求参数物化","experiment_code","F","src/data_sources/overpass_ingestion.py; scripts/overpass_ingest.py; results/real_data_sources/overpass_request_preview_osm_features_overpass.json; results/real_data_sources/overpass_request_preview_osm_features_overpass.md","2026-05-27","项目生成代码与结果","dataset_id,endpoint,bbox_clause,timeout_sec,request_method,request_body_key","将 Overpass 真实执行入口补充为 request-preview 模式，静态物化最终会发送的请求参数、bbox、User-Agent 与 Overpass QL，便于联网前审阅","这仍然只是请求预览，不执行网络 I/O，不代表真实下载成功；必须在可联网环境下运行 download/run 才能生成 raw/cleaned 文件","Overpass request preview; request QA; future online execution"
"DS-F-038","Overpass 请求预览验收器与双文件一致性校验","experiment_code","F","src/data_sources/overpass_request_validation.py; scripts/validate_overpass_request_preview.py; results/real_data_sources/overpass_request_preview_validation.json; results/real_data_sources/overpass_request_preview_validation.md; src/api/main.py; frontend/mis_app.html","2026-05-27","项目生成代码与结果","validation_state,issues,expected_dataset_id,expected_endpoint,expected_bbox_clause,expected_user_agent","为 Overpass 请求预览提供静态验收器，检查 JSON/MD 是否与代码推导的 dataset_id、endpoint、bbox_clause、timeout 和 User-Agent 一致","当前验收仅覆盖静态请求预览，不证明联网下载或真实 OSM 数据接入；仍需实际 download/run 才能进入真实数据证据链","Overpass request preview validation; request artifact consistency; MIS validation panel"
"DS-F-039","Overpass 预览产物总览汇总","experiment_code","F","src/data_sources/overpass_summary.py; scripts/overpass_summary.py; results/real_data_sources/overpass_artifact_summary.json; results/real_data_sources/overpass_artifact_summary.md; src/api/main.py; frontend/mis_app.html","2026-05-27","项目生成代码与结果","counts,artifact_paths,preview_exists,preview_validation_exists,request_preview_exists,request_validation_exists","把 Overpass 的预览、预览验收、请求预览和请求预览验收汇总成单一总览报告，方便 MIS 和汇报快速查看当前状态","这是静态产物总览，不代表联网下载成功；只是将已有预览与校验文件聚合展示，真实 OSM 接入仍需 download/run","Overpass artifact summary; report aggregation; MIS overview panel"
"DS-F-040","Overpass 执行总手册与联网命令清单","experiment_code","F","src/data_sources/overpass_runbook.py; scripts/overpass_runbook.py; results/real_data_sources/overpass_runbook.json; results/real_data_sources/overpass_runbook.md; src/api/main.py; frontend/mis_app.html","2026-05-27","项目生成代码与结果","execution_commands,online_execution_commands,artifact_stack,source_name","把 Overpass 的静态产物、验收器和联网执行命令整合成单一执行总手册，供 MIS 和后续运行时直接参考","这只是执行路线清单，不执行网络 I/O，也不证明真实 OSM 数据已下载；必须在可联网环境中执行 download/run 才能进入真实数据证据链","Overpass runbook; operational guide; future online execution"
"DS-F-041","Overpass 静态材料一键 bundle","experiment_code","F","src/data_sources/overpass_bundle.py; scripts/overpass_bundle.py; results/real_data_sources/overpass_bundle.json; results/real_data_sources/overpass_bundle.md; src/api/main.py; frontend/mis_app.html","2026-05-27","项目生成代码与结果","existing_file_count,source_name,source_backend,result_path","提供一键生成 Overpass 全套静态材料的 bundle 脚本，并提供 MIS 只读状态展示；bundle 报告文件用于汇总 preview、preview_validation、request_preview、request_validation、summary 与 runbook 的现存状态","这仍然只是静态材料 bundle，不执行联网下载，也不证明真实 OSM 数据接入；真实接入仍需 download/run","Overpass bundle generation; static artifact refresh; MIS overview panel"
"DS-F-042","Overpass 说明书与层级解释","experiment_code","F","src/data_sources/overpass_guide.py; scripts/overpass_guide.py; results/real_data_sources/overpass_guide.json; results/real_data_sources/overpass_guide.md; src/api/main.py; frontend/mis_app.html","2026-05-27","项目生成代码与结果","sections,online_boundary,source_name,result_path","为 Overpass 静态材料编写层级说明书，明确 preview、validation、request-preview、summary、runbook、bundle 的关系与真实下载边界","该说明书仅用于解释层级，不执行联网下载，也不证明真实 OSM 数据接入；真正接入仍需 download/run","Overpass guide; artifact hierarchy; reporting clarity"
"DS-C-004","Baseline v2.1 正式报告包装","case_data","C","src/data_sources/baseline_v2_1_report.py; results/baseline_v2_1_report.json; results/baseline_v2_1_report.md; src/api/main.py; frontend/mis_app.html","2026-05-27","项目内部实验结果","total_cost,fixed_cost,operate_cost,transport_cost,loss_cost,carbon_cost,num_facilities,precool_violations,elapsed","将 baseline v2.1 的 pkl 结果包装为正式报告层，供 MIS、实验接口和汇报材料统一引用","该报告不重新计算模型，只包装现有结果；其可信度仍依赖 baseline_v2_1_result.pkl 的原始分析内容","Baseline report packaging; evidence reuse; MIS experiment panel"
"DS-C-005","统一算法证据报告","case_data","C","src/data_sources/algorithm_evidence_report.py; results/algorithm_evidence_report.json; results/algorithm_evidence_report.md; src/api/main.py; frontend/mis_app.html","2026-05-27","项目内部方法结果","method_smoke_methods,ai_benders_summary_rows,ai_benders_cut_scores,spo_has_summary,benchmark_benders_has_summary,benchmark_benders_has_validation","将 KKT、ε-约束、Benders、AI-Benders、SPO 与公开 benchmark 的现有方法结果包装为统一只读证据报告，供 MIS、论文与汇报统一引用","该报告只聚合已有方法结果，不重新计算算法，也不证明 AI-Benders 或 Benders 的优越性；所有结论仍需回到各自原始结果文件","Algorithm evidence packaging; method chain; MIS report panel"
"DS-C-006","论文证据包","case_data","C","src/data_sources/paper_evidence_pack.py; results/paper_evidence_pack.json; results/paper_evidence_pack.md; src/api/main.py; frontend/mis_app.html","2026-05-27","项目内部实验与文稿结果","baseline_total_cost,baseline_num_facilities,baseline_precool_violations,method_smoke_methods,ai_benders_summary_rows,ai_benders_cut_scores,spo_has_summary,benchmark_benders_has_summary,benchmark_benders_has_validation,ai_benders_analysis_cases,ai_benders_analysis_detail_files,ai_benders_analysis_speedup_mean,paper_layer_count,paper_ready","将 baseline 正式报告、统一算法证据报告、AI-Benders 结果分析报告、阶段实验摘要、证据登记表、论文初稿和汇报PPT封装成一个只读论文证据包，供 MIS 与汇报总览使用","该证据包只做上层聚合，不替代原始结果、实验脚本或论文正文；任何强结论仍需回到对应底层证据","Paper evidence packaging; report umbrella; paper/MIS summary panel"
"DS-C-007","AI-Benders 结果分析报告","case_data","C","src/data_sources/ai_benders_analysis_report.py; results/ai_benders_analysis_report.json; results/ai_benders_analysis_report.md; src/api/main.py; frontend/mis_app.html","2026-05-27","项目内部方法结果","cases,summary_rows,classic_rows,ai_rows,detail_files,cut_score_rows,runtime_speedup_pct_mean,gap_delta_pct_points_mean,cut_delta_mean,final_loss_mean,graph_embedding_dim","将三组 AI-Benders 对比 case detail 与 summary 汇总为结果分析报告，用于论文中陈述可解释原型的实际行为、运行时差异和特征偏好","该分析报告只基于现有 AI-Benders 结果文件做统计，不重新训练模型，也不证明方法优越性；它用于更准确的论文叙事和汇报展示","AI-Benders analysis summary; empirical behavior; MIS report panel"
"DS-C-008","AI-Benders 结果卡","case_data","C","results/ai_benders_result_card.json; results/ai_benders_result_card.md; src/data_sources/ai_benders_result_card.py; docs/论文初稿_v2_阶段版.md; results/ai_benders_analysis_report.json; results/ai_benders_analysis_report.md","2026-05-27","项目内部实验结果","case_id,classic_runtime_sec,ai_runtime_sec,runtime_delta_pct,classic_gap_pct,ai_gap_pct,cut_count,selected_cut_index,top_features","将 AI-Benders 三组 case 的分析结果压缩成 JSON/MD 一页展示卡，便于答辩、汇报、API 和 Demo 页面直接引用","该结果卡不增加新算法结论，不重新训练模型或重算 Benders；它只是把现有结果层整理成更适合展示的形式","AI-Benders result card; presentation layer; report snapshot; API-ready JSON"
"DS-C-009","AI-Benders 特征频次汇总","case_data","C","src/data_sources/ai_benders_feature_summary.py; results/ai_benders_feature_summary.json; results/ai_benders_feature_summary.md; docs/论文初稿_v2_阶段版.md; src/api/main.py","2026-05-27","项目内部方法结果","case_count,unique_feature_count,shared_feature_count,dominant_feature,dominant_feature_case_count,feature_frequency","将 AI-Benders 结果分析中的 top feature 进一步做跨 case 频次汇总，便于论文中讨论模型主要捕捉的结构性信号","该频次汇总仅基于现有分析报告，不重新训练模型，也不证明优越性；它用于更细粒度的机制讨论","AI-Benders feature recurrence; mechanism discussion; paper evidence chain"
"DS-C-010","AI-Benders 方法展示入口","case_data","C","src/api/main.py; frontend/mis_app.html; results/ai_benders_result_card.json|md; results/ai_benders_feature_summary.json|md","2026-05-27","项目内部方法结果","ai_benders_analysis_report,ai_benders_feature_summary,ai_benders_result_card","将 AI-Benders 的结果分析、结果卡和特征频次汇总挂入 MIS 方法展示入口，便于答辩时直接查看展示层而不是单独文件","该展示入口只负责前端展示和汇总呈现，不新增算法结论，也不替代原始分析报告","AI-Benders MIS method panel; presentation entry; demo surface; API endpoint"
"DS-C-011","MIS 就绪度报告","integration_status","F","src/data_sources/mis_readiness_report.py; results/mis_readiness_report.json; results/mis_readiness_report.md; src/api/main.py; frontend/mis_app.html; tests/test_mis_readiness_report.py","2026-05-27","项目生成代码与结果","check_count,ready_count,runtime_verified_count,frontend_exists,dashboard_key_count,map_feature_count,ai_benders_case_count,paper_layer_count,logistics_interface_count,database_probe_ok","把数据库 probe、seed preview、地图选址、AI-Benders 展示、论文证据包和物流契约统一汇总成 MIS 就绪度报告，便于汇报时说明哪些模块已能展示、哪些仍需边界说明","该报告只做现有文件和 helper 结果的审计，不等同于浏览器级验收、真实 PostgreSQL 联通或物流系统真实联调","MIS readiness audit; demo status; boundary-aware reporting"
"DS-C-012","模型现实性审计报告","model_audit","C","openspec/changes/model-realism-audit; src/data_sources/model_realism_audit.py; scripts/build_model_realism_audit.py; results/model_realism_audit.json; results/model_realism_audit.md; /api/v1/model/realism-audit; frontend-vue/src/App.vue; tests/test_model_realism_audit.py","2026-05-28","项目当前数据、模型源码与结果文件","capacity_to_annual_production_ratio,selected_storage_types,frozen_facility_share_pct,fixed_operating_cost_share_pct,scenario_cost_spread_pct,real_external_ready_for_apply_count,high_risk_count,readiness_state","将 v2.1 基线的容量口径、温度链表达、冷冻损耗代理、成本主导、场景区分度、真实外部数据与算法声明边界整理成只读质量闸门，明确进入论文强结论前需要 v3.0 修正","该报告不重新求解优化模型，也不否定 v2.1 作为精确 MIP 基线的价值；它说明当前 v2.1 不能直接作为最终论文/企业级模型强结论","Model realism audit; paper claim boundary; v3 readiness gate; MIS risk panel"
"DS-C-013","Baseline v3.0 容量链求解结果与报告","model_result","C","openspec/changes/model-v3-capacity-chain; src/models/single_level_mip_v3_capacity_chain.py; scripts/run_baseline_v3_capacity_chain.py; src/data_sources/baseline_v3_capacity_chain_report.py; results/baseline_v3_capacity_chain_result.pkl; results/baseline_v3_capacity_chain_report.json; results/baseline_v3_capacity_chain_report.md; src/api/main.py; frontend-vue/src/App.vue; tests/test_baseline_v3_capacity_chain.py","2026-05-28","项目生成代码与真实求解结果","status_name,mip_gap_pct,objective,objective_bound,num_facilities,total_peak_capacity_load_ton,installed_capacity_ton,channel_mix,claim_boundary","已运行 v3.0 Gurobi 基线并生成 result/report；结果为 TIME_LIMIT 可行 incumbent，objective=4205367.9926，best_bound=3948575.5828，MIP gap=6.1063%，6 个设施，峰值容量语义和预冷/冷藏/气调/冷冻加工服务通道均已进入报告","该结果是 300s time-limit feasible incumbent，不是已证明最优解；通道份额仍为场景假设，不能写成企业真实渠道验证或最终生产级结论","Model v3 capacity-chain result; feasible incumbent; paper claim boundary; MIS evidence chain"
"DS-C-014","Baseline v3.0 求解前预检物化报告","model_audit","C","src/models/capacity_chain_assumptions.py; src/data_sources/baseline_v3_presolve_report.py; scripts/build_baseline_v3_presolve_report.py; results/baseline_v3_presolve_report.json; results/baseline_v3_presolve_report.md; src/api/main.py; frontend-vue/src/App.vue; tests/test_baseline_v3_presolve_report.py; openspec/changes/model-v3-capacity-chain","2026-05-28","项目生成代码与物化报告","solver_readiness_state,total_annual_production_ton,total_service_annual_flow_ton,downstream_share_sum,total_peak_capacity_load_ton,lower_bound_facilities,precool_uncovered_count,solver_artifact_ready","已物化不依赖 Gurobi 的 v3.0 求解前预检报告；当前 `solver_readiness_state=solver_result_present`、`solver_artifact_ready=true`、下游通道份额为 1.0、预冷覆盖未发现缺口、最低设施下界为 4 且小于 max_facilities=8","该预检是静态质量闸门，不是优化结果；真实论文表述仍必须同时引用 v3 solver 报告中的 TIME_LIMIT 和 open MIP gap 边界","Model v3 presolve readiness gate; static feasibility screen; solver artifact audit; MIS evidence chain"
"DS-C-015","Baseline v3.0 gap-closure 求解 profile 证据","model_result","C","openspec/changes/model-v3-gap-closure; src/models/v3_solver_profiles.py; scripts/run_model_v3_gap_closure.py; src/data_sources/model_v3_gap_closure_report.py; results/experiments/model_v3_gap_closure/bound_focus_60s_run.json; results/experiments/model_v3_gap_closure/extended_bound_900s_run.json; results/experiments/model_v3_gap_closure/model_v3_gap_closure_report.json; results/experiments/model_v3_gap_closure/model_v3_gap_closure_report.md; src/api/main.py; frontend-vue/src/App.vue; tests/test_model_v3_gap_closure_report.py","2026-05-28","项目生成代码与真实求解结果","profile_count,run_count,baseline_mip_gap_pct,smallest_gap_pct,gap_improved_vs_baseline,status_name,objective_bound,claim_boundary","已新增 v3.0 named solver profiles，并真实运行 `bound_focus_60s` 与 `extended_bound_900s`；extended profile 在约 869.92 秒内达到 Gurobi `OPTIMAL` 状态（按 `MIPGap=0.01` 容差），best bound 提高到 4163496.4284，MIP gap 从 baseline 的 6.1063% 降到 0.9957%，报告显示 `evidence_state=gap_satisfied`","该结果证明 v3.0 当前 scenario baseline 已达到配置的 1% MIPGap 容差，但服务通道份额仍为场景假设，不等于企业真实渠道验证；论文可写 solved to configured tolerance，不能写成外部真实数据或企业落地已完全验证","Model v3 gap closure; solver profile evidence; configured optimality tolerance; MIS evidence chain"
"DS-C-016","Baseline v3.0 稳健性筛选报告","model_audit","C","openspec/changes/model-v3-robustness-screen; src/data_sources/model_v3_robustness_screen.py; scripts/build_model_v3_robustness_screen.py; results/experiments/model_v3_robustness_screen/model_v3_robustness_screen_report.json; results/experiments/model_v3_robustness_screen/model_v3_robustness_screen_report.md; /api/v1/experiments/model-v3-robustness-screen-report; frontend-vue/src/App.vue; tests/test_model_v3_robustness_screen.py","2026-05-28","项目生成代码与物化筛选报告","variant_count,pass_count,watch_count,fail_count,recommended_solver_run_count,total_peak_capacity_load_ton,lower_bound_facilities,facility_pressure,precool_uncovered_count","已新增不运行 Gurobi 的 v3.0 robustness screen，基于当前节点、运输时间矩阵、参数文件与 capacity-chain assumptions 对 9 个 baseline/收获峰值/收获窗口/设施上限/通道份额变体做容量压力筛选；当前 5 个 pass、4 个 watch、0 个 fail，推荐 4 个 medium-priority 变体进入后续长求解队列","该筛选只做静态容量和覆盖压力排序，不提供场景最优性、成本差异或企业真实渠道验证；后续必须对推荐变体实际运行 Gurobi 后才能写入情景最优结果","Model v3 robustness screen; solver-free stress triage; scenario solve queue; MIS evidence chain"
"DS-C-017","Baseline v3.0 优先情景真实求解报告","model_result","C","openspec/changes/model-v3-priority-scenario-runs; src/data_sources/model_v3_priority_scenario_report.py; scripts/run_model_v3_priority_scenario.py; results/experiments/model_v3_priority_scenarios/max_facilities_tight_5_bound_focus_60s_run.json; results/experiments/model_v3_priority_scenarios/fresh_heavy_cold70_ca20_frozen10_bound_focus_60s_run.json; results/experiments/model_v3_priority_scenarios/processing_heavy_cold50_ca30_frozen20_bound_focus_60s_run.json; results/experiments/model_v3_priority_scenarios/ca_heavy_cold50_ca40_frozen10_bound_focus_60s_run.json; results/experiments/model_v3_priority_scenarios/model_v3_priority_scenario_report.json; results/experiments/model_v3_priority_scenarios/model_v3_priority_scenario_report.md; /api/v1/experiments/model-v3-priority-scenario-report; frontend-vue/src/App.vue","2026-05-28","项目生成代码与真实求解结果","run_count,variant_count,status_name,objective,objective_bound,mip_gap_pct,claim_boundary,missing_queued_variant_count","已将 robustness screen 的 4 个 medium-priority watch 变体全部接入真实 v3.0 Gurobi 求解并落盘；aggregate report 当前 run_count=4、variant_count=4、missing_queued_variant_count=0，其中 `max_facilities_tight_5`、`fresh_heavy_cold70_ca20_frozen10`、`ca_heavy_cold50_ca40_frozen10` 达到配置 MIPGap=0.01 容差，目标值分别为 4206724.6064、3449765.0161、4219204.6026；`processing_heavy_cold50_ca30_frozen20` 为 TIME_LIMIT 可行解，objective=4690800.9719、best_bound=4427633.8379、MIP gap=5.6103%","该结果说明 4 个 watch 变体均已有真实求解证据，但不能把 `processing_heavy_cold50_ca30_frozen20` 写成已证明最优；3 个 OPTIMAL 状态均应表述为按配置 1% MIPGap 容差求解完成，通道份额仍为场景假设，不是企业真实销售/加工渠道验证","Model v3 priority scenario solve; real Gurobi variant evidence; configured tolerance; open-gap scenario; MIS evidence chain"
"DS-F-043","受控 Benders cut 管理对比（learned vs random/recency/all）","algorithm_result","F","experiments/benders_cutmgmt_comparison.py; experiments/benders_cutmgmt_significance.py; results/experiments/benders_cutmgmt_comparison/benders_cutmgmt_summary.json; results/experiments/benders_cutmgmt_comparison/benders_cutmgmt_significance.json; results/experiments/benders_cutmgmt_comparison/benders_cutmgmt_significance.md; results/experiments/benders_cutmgmt_comparison/benders_cutmgmt_comparison.csv; results/experiments/benders_cutmgmt_comparison/benders_cutmgmt_iterations.csv","2026-06-01","项目生成代码与真实运行结果（公开 LRP benchmark 投影）","policy,budget,iterations_mean,validated_gap_pct_mean,all_solved_to_optimal,mean_active_cuts,elapsed_sec_mean,termination_reasons,verdict,paired_instances,jointly_solved_for_effort,p_value_two_sided","同一 master/subproblem/实例/预算 K，只改变保持 active 的 cut 选择规则；iterations/time 仅在双方都达到 direct MIP 校验最优的实例上比较。本轮扩到 15 个 medium instances，budget=8，time_limit=300s，max_iterations=200，seeds=[0,1,2]，并新增 post-hoc Wilcoxon 显著性读数脚本直接读取 summary.json。结果：all_cuts 15/15 求解到最优，recency_K=learned_K 14/15，大于 random_K 13/15；平均校验 gap all_cuts 0.177%、recency 0.351%、learned 0.394%、random 0.394%；在 14 个 jointly-solved cases 上，learned 相对 all_cuts 更快(p=0.0067)，但相对 recency_K 不可区分(p=0.7148)、相对 random_K 不更好(p=0.9460)；质量维度对朴素对照仍统计上不可区分","容量约束设施选址投影，非完整 routing LRP；same-instance 校准；不能写成 AI-Benders 对朴素 cut-budget 策略显著加速。当前最安全结论是：学习式 cut 排序的价值仍在鲁棒性与优先级管理；硬性 cut dropping 会破坏更难实例的精确收敛；虽对 all_cuts 有 wall-clock edge，但对 recency/random 两个朴素预算基线不支持广义显著加速主张","AI-Benders cut-management ablation; learned cut prioritisation; significance expansion; honest mechanism finding"
"DS-F-044","精确 epsilon-约束 vs 启发式（NSGA-III / ALNS）多目标对比","algorithm_result","C","experiments/exact_vs_heuristic.py; src/algorithms/layout_evaluator.py; src/algorithms/heuristics.py; results/experiments/exact_vs_heuristic/exact_vs_heuristic_summary.json; results/experiments/exact_vs_heuristic/exact_vs_heuristic.csv; tests/test_heuristics.py","2026-05-29","项目生成代码与真实运行结果（秋葵县域案例 + pymoo NSGA-III）","scenario,method,front_size_mean,best_cost_mean,cost_gap_vs_exact_pct,hypervolume_ratio_vs_exact,coverage_not_dominated_by_exact_mean,elapsed_sec_mean","三方法在同一目标(cost/loss_ton/carbon_ton)与同一可行域上求 Pareto 前沿，共享评估器与超体积估计；S1(9候选)+S2(18候选) 乘 3 seeds。结果：NSGA-III 平均成本 gap 2.52%、ALNS 8.10%；exact 平均 57.5s vs NSGA-III 1.26s/ALNS 0.33s；S2 上 NSGA-III/ALNS 的 coverage_not_dominated_by_exact=0，说明精确前沿几乎支配整个启发式前沿","县域案例 39 需求点；超体积为共享蒙特卡洛估计，仅作相对比较；启发式更快但无法认证最优或匹配精确非支配前沿；支撑为何推荐精确/AI增强精确方法的权衡论证，不夸大为企业级泛化","Exact vs heuristic Pareto comparison; why exact/AI-enhanced exact is recommended; MOO method baseline"
"DS-F-045","论文初稿v3整合版","case_data","C","docs/论文初稿_v3_整合版.md; docs/论文与汇报总框架_2026-06-10.md; results/baseline_v3_capacity_chain_report.md; results/experiments/exact_vs_heuristic/; results/experiments/benders_cutmgmt_comparison/","2026-05-30","项目实验产物与文稿整合","integrates_v3_capacity_chain,exact_vs_heuristic_DS-F-044,cutmgmt_DS-F-043,real_postgres_ingestion,amap_basemap","将v3.0容量链模型、精确vs启发式权衡(DS-F-044)、受控cut管理消融(DS-F-043)、真实PostgreSQL入库与高德地图MIS整合为IMRAD全段落论文成稿；含总框架文档作为单一事实来源","该稿整合已有运行产物，不产生新算法结果；写作中纠正了两处与产物不符的数值(NSGA-III gap 0.36%非2.52%; learned_K墙钟实际更慢非更快)，一律以summary.json为准；距离矩阵为Haversine近似已在正文声明边界","Paper v3 integration; IMRAD; claim-boundary discipline; reporting consistency"
"SRC-E-001","Overpass API / OpenStreetMap 真实路网与POI数据","external_osm","E","data/raw/osm/overpass_features_raw.json; data/raw/osm/overpass_roads_raw.json; data/processed/real_data/osm_features.geojson; data/processed/real_data/road_network_edges.geojson","2026-05-30","ODbL (OpenStreetMap贡献者)","osm_id,feature_type,name,highway,geometry_geojson,edge_key,length_m,travel_time_min,assumed_speed_kmh","Overpass API下载→clean_overpass_raw()清洗为GeoJSON；bbox由nodes.csv自动推断；道路速度按highway类型映射","bbox限于秋葵县域案例范围(~0.8°×0.85°)；OSM路网覆盖可能不完整；travel_time基于assumed_speed而非实测；非商业路网API","osm_features表; road_network_edges表; 真实路网距离矩阵升级; 冷链扩展实验"
"DS-F-046","OSM真实路网距离矩阵 + OSM vs Haversine对比","model_result","C","scripts/build_osm_distance_matrix.py; data/distance_matrix_osm.csv; data/transport_time_matrix_osm.csv; results/real_data_sources/osm_distance_matrix_summary.json; experiments/osm_vs_haversine.py; results/experiments/osm_vs_haversine/osm_vs_haversine_summary.json","2026-05-30","项目生成代码与真实运行结果","osm_mean_km,haversine_mean_km,ratio_mean,obj_diff_pct,fallback_pct","NetworkX Dijkstra在road_network_edges最大连通分量(1434节点/2936边)生成39x39真实路网矩阵(fallback 0%); v3.0 MIP同条件对比: OSM距离均值102.06km vs Haversine 55.44km(2.6倍), 总成本OSM 4433112 vs Haversine 4205368(+5.4%/+227744元), OSM收敛更快(1.68% vs 3.06%@300s)","OSM路网为Overpass下载快照, travel_time基于assumed_speed; 揭示Haversine×随机系数低估真实运输成本5.4%; 县域案例非企业级泛化","真实距离矩阵升级; v3.0模型现实性提升; 论文§3数据节+§5结果表"
"DS-F-047","OSM基线warm start + CoverCuts改进","model_result","C","experiments/osm_warmstart.py; results/experiments/osm_warmstart/osm_warmstart_summary.json","2026-05-30","项目生成代码与真实运行结果","gap_pct,objective,warm_facilities_injected,params","注入Haversine最优z解作为MIP start + CoverCuts=2; OSM基线600s内达OPTIMAL, gap=0.971%(vs无warm start 300s gap=1.68%); 目标值4433112同解","warm start降低初始gap不改变最优性; CoverCuts=2为Gurobi最大值; 县域案例","求解加速证据; v3.0 OSM基线达配置容差"
"DS-F-048","Benders v3.0分解 + 四策略cut管理对比","algorithm_result","C","src/algorithms/benders_v3.py; experiments/benders_v3_comparison.py; results/experiments/benders_v3_comparison/benders_v3_comparison_summary.json","2026-05-30","项目生成代码与真实运行结果","policy,solved_count,avg_gap_pct,avg_iterations,avg_cuts_added","v3.0容量链问题完整Benders分解(主问题z选址459binary+子问题x分配LP); 冒烟测试all_cuts 41迭代9.7秒达gap=0.9997%(vs Gurobi直接MIP 869秒约89倍); 四策略对比(OSM,K=12,300s): all_cuts 1/1 solved gap=0.98%, recency_K/random_K/learned_K均0/N未收敛(K=12太小破坏精确收敛)","learned_K scorer为启发式(sub_obj+L1范数)非训练ML模型; 硬性cut预算K=12破坏精确收敛, 结论与DS-F-043(LRP benchmark)完全一致; 推荐cut排序+保留而非丢弃; 创新点链路打通(AI-Benders在自己v3.0问题验证); 县域案例","AI-Benders核心创新落地; Benders加速证据; cut管理消融"
"DS-F-049","Benders v3.0 cut budget K调优扫描","algorithm_result","C","experiments/benders_v3_ktuning.py; results/experiments/benders_v3_ktuning/benders_v3_ktuning_summary.json","2026-05-30","项目生成代码与真实运行结果","K,policy,solved,avg_gap_pct,avg_iterations,avg_elapsed_sec","扫描K=8/12/16/20/30+all_cuts三策略(OSM,200s); gap随K单调下降: learned_K K=8 3.93%→K=30 2.24%(最宽松预算首次明显领先recency 2.53%/random 2.65%); learned_K始终≥random_K, K≥16稳定优于random; 仅all_cuts(170 cuts)达0.98%容差","39节点县域cut总数仅170, K≤30任何丢弃策略都达不到1%容差, 再次验证硬性丢弃破坏精确收敛; learned价值是受限预算下gap最小非达最优更快; learned反超点K=30(需足够cut池发挥选择优势); 启发式scorer非训练ML","cut管理K阈值证据; AI排序受限预算优势; 论文§5 cut管理消融表"
"DS-F-050","Benders v3.0 lazy callback单树实现(诚实负面结果)","algorithm_result","C","src/algorithms/benders_v3_lazy.py; results/experiments/benders_v3_comparison/(失败基线参照)","2026-05-30","项目生成代码与真实运行结果","status,objective,gap_pct,n_lazy_cuts,elapsed,facilities","完整lazy constraint callback单树Benders实现(master+z+eta+次梯度cut+松弛子问题); 600s运行3505cuts收敛到obj=5222894 gap=73.6%, 远未达Gurobi直解 obj=4433112 gap=1.68%(200s); 子问题与v3.0直解数学等价已验证(Gurobi z喂入子问题 sub_obj+fixed_op=直解obj, slack=0)","诚实负面结果: 单切割Benders在v3.0容量选择MIP上不收敛, 根因LP松弛弱+松弛变量BIG_M污染对偶/cut系数, 是数学结构问题非实现bug; 与LRP投影实例(路由结构, LP紧)行为相反, 支撑'方法选择必须匹配问题结构'方法论贡献; v3.0主求解器锁定Gurobi直解+warm start","方法论负面发现; 论文§5方法选择讨论; AI-Benders创新点保留LRP轨道"
"DS-F-051","v3.0 AI guided warm start (核心创新)","algorithm_result","C","experiments/ai_warmstart_v3.py; results/experiments/ai_warmstart_v3/ai_warmstart_summary.json","2026-05-30","项目生成代码与真实运行结果","ai_top_k,feature_importances,cold_elapsed,ai_elapsed,speedup,ai_vs_cold","XGBoost(80 trees)在4个priority scenarios标签上学(节点特征→是否最优开放)二分类; 12维结构特征(产量/人口/坐标/加权距离/precool 2h覆盖等); top-8 AI推荐={C1,T6,T4,T5,T7,T8,V21,V10}注入Gurobi MIP Start; v3.0 OSM求解: cold_start 175.5s gap=0.91%, ai_warm **24.4s** gap=0.92%, **7.18倍加速**且最优解一致(4433112); 特征重要性: production_ton 53%/max_dist 23%/dist_to_C1 15%","训练数据小(4 runs), XGBoost非deep model; 特征结构性非z解直接学; AI仅seeds search, Gurobi最终决策; 县域39节点案例非企业级泛化; warm start不改最优性证明; AI top-8 vs训练variants命中率: ca_heavy 5/5, fresh_heavy 6/6, max_fac 4/5, processing 4/5","v3.0主求解器AI融合; 论文核心创新点1; AI guided MIP start加速证据"
"DS-F-052","v3.0+OSM 四方法对比(同模型同矩阵)","algorithm_result","C","experiments/v3_four_methods.py; src/algorithms/layout_evaluator_v3.py; src/algorithms/heuristics_v3.py; results/experiments/v3_four_methods/v3_four_methods_summary.json","2026-05-30","项目生成代码与真实运行结果","method,best_cost,cost_gap_pct,elapsed_sec,front_size","四方法在同一v3.0容量链MIP+同一OSM路网矩阵上对比(启发式新v3 evaluator: z启发式搜索+x LP最优, set-cover保证precool覆盖+最大容量档保证peak可行): gurobi_direct 4433112 gap0.91% 177.8s; **ai_warm 4433112 gap0.92% 24.4s(7.3倍加速)**; nsga3_v3 mean_gap 25.37% 50.5s front7.7; alns_v3 mean_gap 3.62% 98.2s front13.3","v3 evaluator验证: Gurobi直解z喂入cost精确=4433112; 启发式多目标(cost/loss/carbon)best_cost为最小成本Pareto点; NSGA-III简化实现(非pymoo, 无reference points); 县域39节点案例; AI warm兼得精确解+加速, 启发式快但无法认证最优(ALNS 3.6%/NSGA 25%)","论文核心方法对比表; 精确vs启发式vs AI增强三方论证; 替代DS-F-044(v2.1+Haversine旧对比)"
"DS-F-053","v3.0求解收敛轨迹(cold vs ai_warm动画数据)","algorithm_result","C","experiments/v3_solve_trace.py; results/experiments/v3_solve_trace/v3_solve_trace.json","2026-05-30","项目生成代码与真实运行结果(Gurobi callback)","label,trace,final,elapsed_sec,warm_sites","Gurobi callback捕获branch-and-cut每次gap改善的(t,obj,bound,gap_pct)轨迹: cold_start 300s到gap1.60%(TIME_LIMIT,104轨迹点); ai_warm 41.7s到gap0.92%(OPTIMAL,67轨迹点); 两条轨迹供MIS前端做收敛动画对比","v3.0容量链MIP OSM矩阵; cold=无hint, ai_warm=XGBoost top-8注入MIP Start; 轨迹记录真实求解过程非模拟; 县域39节点案例; AI warm更早跌破1%容差线","MIS求解动画数据源; v3.0求解过程可视化; AI加速直观证据"
"DS-F-054","论文初稿v3整合版第三轮收口","manuscript_output","F","docs/论文初稿_v3_整合版.md; docs/项目记忆.md; logs/progress_log.md","2026-06-01","项目生成文稿","integrates_SPO_v5.4,graphical_abstract,method_pipeline_schematic,15_figures_list,11_tables_list,13_EJOR_references,final_polish_note","第三轮5里程碑全部落地: SPO段+Figure1+Figure2+图/表清单+13条EJOR参考文献+末尾v3终稿编辑记录; 三大AI创新点口径与ai-fusion-evidence-chain.md严格一致","第三轮收口完成进入投稿前polish阶段(剩9天); 投稿前必做7件事已写进v3末尾段落","paper v3 finalization; manuscript round 3; 6/10 reporting ready"
"DS-F-055","v3论文图形摘要","figure_output","F","results/experiments/figures/graphical_abstract.png; scripts/generate_paper_figures.py","2026-06-01","项目生成图件","内容: 真实问题→县域案例→v3.0容量链→两条AI路径(7.18× warm start / cut鲁棒管理)→MIS闭环","matplotlib 3.10.8 + Microsoft YaHei自绘(OpenRouter key不可用降级), 300 DPI, Okabe-Ito色板","仅作为论文与汇报可视化, 不构成独立实验证据","v3稿Figure 1; 6/10汇报PPT"
"DS-F-056","v3论文方法流程schematic","figure_output","F","results/experiments/figures/method_pipeline_schematic.png; scripts/generate_paper_figures.py","2026-06-01","项目生成图件","内容: 数据→模型→算法→实验→MIS五段横向流程; 含SPO/AI cut mgmt/AI warm start三个AI模块标注","matplotlib 3.10.8 + Microsoft YaHei自绘, 300 DPI, 含闭环反馈虚线","仅作为方法流程可视化, 不构成独立实验证据","v3稿Figure 2; 6/10汇报PPT"
"DS-F-057","v3论文图件生成脚本","script","F","scripts/generate_paper_figures.py","2026-06-01","项目生成代码","函数: setup_cjk_font / create_graphical_abstract / create_method_pipeline_schematic","matplotlib + Pillow + numpy; CJK字体自动探测(Microsoft YaHei命中); 300 DPI; Okabe-Ito色板","OpenRouter key不可用, AI generation模式走不通; 降级到matplotlib自绘","v3稿Figure 1+2 复现入口; 论文与PPT图件再生成"
"DS-F-058","v3论文13条EJOR格式参考文献","manuscript_support","F","docs/论文初稿_v3_整合版.md 参考文献段落","2026-06-01","项目生成文稿","references,numbers,format,doi_status","Elsevier numeric 格式 (Author. Title. Journal. Year;Vol(Issue):Pages. DOI); [N]编号与正文首次引用顺序一致; 5条已抓DOI ([1][2][5][6][7]), 8条待核验 ([3][4][8][9][10][11][12][13])","目标期刊EJOR, 备选COR/Sustainability/PLOS ONE均为numbered制可一键重排; 8条待核验需CrossRef/出版社官网补齐","paper v3 references; 6/10 投递准备"
"DS-F-059","v3论文15张图+11张表清单","manuscript_support","F","docs/论文初稿_v3_整合版.md 图清单/表清单段落; memory/paper-figures-and-tables-list.md","2026-06-01","项目生成文稿","figure_list,table_list,section_mapping,disk_path","Figure 1-15 (含graphical_abstract+method_pipeline_schematic+13张实验图) + Table 1-11 (案例数据+冷库参数+保鲜参数+基线/灵敏度/v3/AI warm/启发式/cut消融) 全部入清单","当前§6各小节内文引用Figure 3-15/Table 4-11尚未补全, 6/8之前需补齐","paper v3 figure/table index; 投稿前内文引用对齐"
